Time Stamp,ID,Extended,Dir,Bus,LEN,D1,D2,D3,D4,D5,D6,D7,D8
67740139,00000135,false,Rx,0,8,A0,00,00,00,10,00,15,7B,
67740147,00000110,false,Rx,0,8,00,00,00,00,13,00,0D,2B,
67741146,00000135,false,Rx,0,8,A1,00,00,00,20,00,00,AA,
67741148,00000110,false,Rx,0,8,00,00,00,00,23,00,19,2B,
67742174,00000130,false,Rx,0,8,18,00,00,00,10,00,0E,03,
67742175,00000100,false,Rx,0,8,71,00,00,00,10,00,07,3A,
67743142,00000120,false,Rx,0,8,00,00,00,00,13,00,0D,2B,
67743143,00000110,false,Rx,0,8,79,00,00,00,30,00,1F,B2,
67743143,00000050,false,Rx,0,6,41,54,FF,E9,57,FF,00,00,
67744144,00000130,false,Rx,0,8,2C,BA,F5,FF,23,80,C5,00,
67744146,00000100,false,Rx,0,8,43,00,00,00,20,00,17,28,
67745158,00000120,false,Rx,0,8,20,00,00,00,20,00,1E,BB,
67745159,00000110,false,Rx,0,8,79,00,00,00,40,00,3A,72,
67745160,00000210,false,Rx,0,8,75,69,00,05,06,5F,01,03,
67746293,00000130,false,Rx,0,8,76,00,00,00,30,00,1F,4D,
67746294,00000100,false,Rx,0,8,5A,00,00,00,30,00,18,E1,
67747294,00000120,false,Rx,0,8,20,00,00,00,30,00,13,7B,
67747296,00000110,false,Rx,0,8,79,00,00,00,50,00,37,B2,
67748262,00000130,false,Rx,0,8,18,00,00,00,40,00,32,03,
67748263,00000100,false,Rx,0,8,71,00,00,00,40,00,3B,3A,
67749265,00000120,false,Rx,0,8,04,00,00,00,40,00,30,5F,
67749266,00000110,false,Rx,0,8,79,00,00,00,60,00,23,B2,
67749267,00000130,false,Rx,0,8,D9,FF,FF,FF,50,00,3B,22,
67750523,00000100,false,Rx,0,8,71,00,00,00,50,00,36,FA,
67750524,00000120,false,Rx,0,8,04,00,00,00,50,00,3D,9F,
67751640,00000110,false,Rx,0,8,62,00,00,00,70,00,2D,99,
67751641,00000130,false,Rx,0,8,F8,FF,FF,FF,60,00,29,93,
67752640,00000100,false,Rx,0,8,88,00,00,00,60,00,36,93,
67752641,00000120,false,Rx,0,8,E7,FF,FF,FF,60,00,2B,FC,
67753638,00000110,false,Rx,0,8,62,00,00,00,80,00,69,99,
67753639,00000130,false,Rx,0,8,F8,FF,FF,FF,70,00,24,53,
67754638,00000100,false,Rx,0,8,88,00,00,00,70,00,3B,53,
67754639,00000120,false,Rx,0,8,E7,FF,FF,FF,70,00,26,3C,
67755760,00000110,false,Rx,0,8,62,00,00,00,90,00,64,59,
67755761,00000130,false,Rx,0,8,18,00,00,00,80,00,62,03,
67756797,00000100,false,Rx,0,8,71,00,00,00,80,00,6B,3A,
67756798,00000120,false,Rx,0,8,E7,FF,FF,FF,80,00,62,3C,
67757794,00000110,false,Rx,0,8,62,00,00,00,A0,00,70,59,
67757795,00000130,false,Rx,0,8,F8,FF,FF,FF,90,00,6D,93,
67758773,00000100,false,Rx,0,8,71,00,00,00,90,00,66,FA,
67758774,00000140,false,Rx,0,8,00,00,00,00,11,11,CC,47,
67758775,00000120,false,Rx,0,8,E7,FF,FF,FF,90,00,6F,FC,
67759768,00000110,false,Rx,0,8,62,00,00,00,B0,00,7D,99,
67759769,00000130,false,Rx,0,8,D9,FF,FF,FF,A0,00,7F,22,
67760918,00000100,false,Rx,0,8,71,00,00,00,A0,00,72,FA,
67760919,00000120,false,Rx,0,8,20,00,00,00,A0,00,7F,7B,
67761915,00000110,false,Rx,0,8,62,00,00,00,C0,00,58,59,
67761916,00000130,false,Rx,0,8,37,00,00,00,B0,00,71,9C,
67762895,00000100,false,Rx,0,8,5A,00,00,00,B0,00,79,21,
67762896,00000120,false,Rx,0,8,20,00,00,00,B0,00,72,BB,
67763889,00000110,false,Rx,0,8,A7,00,00,00,D0,00,44,CC,
67763891,00000050,false,Rx,0,6,41,5C,FF,EB,5F,FF,00,00,
67763891,00000130,false,Rx,0,8,4D,21,00,00,C3,80,E2,91,
67765045,00000100,false,Rx,0,8,43,00,00,00,C0,00,5E,E8,
67765047,00000120,false,Rx,0,8,04,00,00,00,C0,00,51,9F,
67766044,00000110,false,Rx,0,8,A7,00,00,00,E0,00,50,CC,
67766046,00000130,false,Rx,0,8,F8,FF,FF,FF,D0,00,5C,53,
67767011,00000100,false,Rx,0,8,5A,00,00,00,D0,00,51,21,
67767012,00000120,false,Rx,0,8,04,00,00,00,D0,00,5C,5F,
67768168,00000110,false,Rx,0,8,79,00,00,00,F0,00,4F,B2,
67768169,00000130,false,Rx,0,8,18,00,00,00,E0,00,4A,03,
67769169,00000100,false,Rx,0,8,5A,00,00,00,E0,00,45,21,
67769171,00000120,false,Rx,0,8,04,00,00,00,E0,00,48,5F,
67770138,00000110,false,Rx,0,8,79,00,00,00,00,00,0B,B2,
67770139,00000130,false,Rx,0,8,F8,FF,FF,FF,F0,00,45,93,
67771160,00000100,false,Rx,0,8,71,00,00,00,F0,00,4E,FA,
67771162,00000120,false,Rx,0,8,04,00,00,00,F0,00,45,9F,
67772270,00000110,false,Rx,0,8,4B,00,00,00,10,00,02,60,
67772271,00000130,false,Rx,0,8,D9,FF,FF,FF,00,00,07,22,
67773294,00000100,false,Rx,0,8,88,00,00,00,00,00,1E,93,
67773296,00000120,false,Rx,0,8,04,00,00,00,00,00,01,9F,
67774272,00000110,false,Rx,0,8,4B,00,00,00,20,00,16,60,
67774274,00000130,false,Rx,0,8,F8,FF,FF,FF,10,00,0C,53,
67775270,00000100,false,Rx,0,8,88,00,00,00,10,00,13,53,
67775271,00000120,false,Rx,0,8,04,00,00,00,10,00,0C,5F,
67776260,00000110,false,Rx,0,8,4B,00,00,00,30,00,1B,A0,
67776262,00000130,false,Rx,0,8,D9,FF,FF,FF,20,00,1E,E2,
67777418,00000100,false,Rx,0,8,88,00,00,00,20,00,07,53,
67777419,00000120,false,Rx,0,8,04,00,00,00,20,00,18,5F,
67778419,00000110,false,Rx,0,8,4B,00,00,00,40,00,3E,60,
67778420,00000130,false,Rx,0,8,18,00,00,00,30,00,17,C3,
67779396,00000100,false,Rx,0,8,71,00,00,00,30,00,1E,FA,
67779397,00000140,false,Rx,0,8,01,00,FF,FF,20,00,18,2E,
67779397,00000120,false,Rx,0,8,04,00,00,00,30,00,15,9F,
67780386,00000110,false,Rx,0,8,62,00,00,00,50,00,34,59,
67780387,00000130,false,Rx,0,8,37,00,00,00,40,00,35,9C,
67781545,00000100,false,Rx,0,8,71,00,00,00,40,00,3B,3A,
67781546,00000120,false,Rx,0,8,04,00,00,00,40,00,30,5F,
67782538,00000110,false,Rx,0,8,62,00,00,00,60,00,20,59,
67782539,00000130,false,Rx,0,8,18,00,00,00,50,00,3F,C3,
67783550,00000100,false,Rx,0,8,43,00,00,00,50,00,32,E8,
67783551,00000120,false,Rx,0,8,04,00,00,00,50,00,3D,9F,
67783552,00000110,false,Rx,0,8,A7,00,00,00,70,00,3C,CC,
67784643,00000050,false,Rx,0,6,41,5C,FF,EB,5F,FF,00,00,
67784644,00000130,false,Rx,0,8,D8,34,03,00,63,80,8A,13,
67784644,00000100,false,Rx,0,8,5A,00,00,00,60,00,24,E1,
67786260,00000120,false,Rx,0,8,20,00,00,00,60,00,2F,7B,
67786262,00000110,false,Rx,0,8,A7,00,00,00,80,00,78,CC,
67787396,00000130,false,Rx,0,8,D9,FF,FF,FF,70,00,22,E2,
67787397,00000100,false,Rx,0,8,5A,00,00,00,70,00,29,21,
67788404,00000120,false,Rx,0,8,20,00,00,00,70,00,22,BB,
67788405,00000110,false,Rx,0,8,79,00,00,00,90,00,67,B2,
67789386,00000130,false,Rx,0,8,D9,FF,FF,FF,80,00,66,E2,
67789387,00000100,false,Rx,0,8,71,00,00,00,80,00,6B,3A,
67790544,00000120,false,Rx,0,8,E7,FF,FF,FF,80,00,62,3C,
67790546,00000110,false,Rx,0,8,79,00,00,00,A0,00,73,B2,
67791543,00000130,false,Rx,0,8,F8,FF,FF,FF,90,00,6D,93,
67791544,00000100,false,Rx,0,8,88,00,00,00,90,00,72,93,
67792518,00000120,false,Rx,0,8,E7,FF,FF,FF,90,00,6F,FC,
67792520,00000110,false,Rx,0,8,4B,00,00,00,B0,00,7A,60,
67793520,00000130,false,Rx,0,8,18,00,00,00,A0,00,7B,C3,
67793521,00000100,false,Rx,0,8,88,00,00,00,A0,00,66,93,
67794633,00000120,false,Rx,0,8,CB,FF,FF,FF,A0,00,7C,50,
67794634,00000110,false,Rx,0,8,4B,00,00,00,C0,00,5F,A0,
67795628,00000130,false,Rx,0,8,F8,FF,FF,FF,B0,00,74,53,
67795629,00000100,false,Rx,0,8,88,00,00,00,B0,00,6B,53,
67796622,00000120,false,Rx,0,8,CB,FF,FF,FF,B0,00,71,90,
67796623,00000110,false,Rx,0,8,4B,00,00,00,D0,00,52,60,
67797627,00000130,false,Rx,0,8,F8,FF,FF,FF,C0,00,51,93,
67797628,00000100,false,Rx,0,8,71,00,00,00,C0,00,5A,FA,
67798637,00000120,false,Rx,0,8,04,00,00,00,C0,00,51,9F,
67798639,00000110,false,Rx,0,8,4B,00,00,00,E0,00,46,60,
67799791,00000130,false,Rx,0,8,D9,FF,FF,FF,D0,00,5A,E2,
67799792,00000100,false,Rx,0,8,5A,00,00,00,D0,00,51,21,
67799793,00000140,false,Rx,0,8,01,00,FF,FF,30,00,15,EE,
67800768,00000120,false,Rx,0,8,04,00,00,00,D0,00,5C,5F,
67800769,00000110,false,Rx,0,8,62,00,00,00,F0,00,4C,59,
67801762,00000130,false,Rx,0,8,D9,FF,FF,FF,E0,00,4E,E2,
67801763,00000100,false,Rx,0,8,5A,00,00,00,E0,00,45,21,
67802762,00000120,false,Rx,0,8,20,00,00,00,E0,00,4E,BB,
67802763,00000110,false,Rx,0,8,62,00,00,00,00,00,08,59,
67803897,00000130,false,Rx,0,8,D9,FF,FF,FF,F0,00,43,22,
67803898,00000100,false,Rx,0,8,5A,00,00,00,F0,00,48,E1,
67803899,00000120,false,Rx,0,8,20,00,00,00,F0,00,43,7B,
67805013,00000110,false,Rx,0,8,79,00,00,00,10,00,06,72,
67805015,00000050,false,Rx,0,6,41,5C,FF,EB,5F,FF,00,00,
67805015,00000130,false,Rx,0,8,EB,95,FF,FF,03,80,1A,69,
67806134,00000100,false,Rx,0,8,71,00,00,00,00,00,0A,FA,
67806136,00000120,false,Rx,0,8,04,00,00,00,00,00,01,9F,
67807145,00000110,false,Rx,0,8,79,00,00,00,20,00,12,72,
67807146,00000130,false,Rx,0,8,B5,00,00,00,10,00,17,BE,
67808135,00000100,false,Rx,0,8,5A,00,00,00,10,00,01,21,
67808136,00000120,false,Rx,0,8,04,00,00,00,10,00,0C,5F,
67809293,00000110,false,Rx,0,8,62,00,00,00,30,00,1C,59,
67809294,00000130,false,Rx,0,8,F8,FF,FF,FF,20,00,18,53,
67810292,00000100,false,Rx,0,8,71,00,00,00,20,00,13,3A,
67810293,00000120,false,Rx,0,8,04,00,00,00,20,00,18,5F,
67811270,00000110,false,Rx,0,8,62,00,00,00,40,00,39,99,
67811271,00000130,false,Rx,0,8,18,00,00,00,30,00,17,C3,
67812275,00000100,false,Rx,0,8,88,00,00,00,30,00,0A,93,
67812276,00000120,false,Rx,0,8,04,00,00,00,30,00,15,9F,
67813418,00000110,false,Rx,0,8,4B,00,00,00,50,00,33,A0,
67813420,00000130,false,Rx,0,8,F8,FF,FF,FF,40,00,30,53,
67814395,00000100,false,Rx,0,8,88,00,00,00,40,00,2F,53,
67814397,00000120,false,Rx,0,8,E7,FF,FF,FF,40,00,32,3C,
67815391,00000110,false,Rx,0,8,4B,00,00,00,60,00,27,A0,
67815392,00000130,false,Rx,0,8,D9,FF,FF,FF,50,00,3B,22,
67816392,00000100,false,Rx,0,8,88,00,00,00,50,00,22,93,
67816393,00000120,false,Rx,0,8,E7,FF,FF,FF,50,00,3F,FC,
67817392,00000110,false,Rx,0,8,62,00,00,00,70,00,2D,99,
67817393,00000130,false,Rx,0,8,18,00,00,00,60,00,2B,C3,
67818545,00000100,false,Rx,0,8,88,00,00,00,60,00,36,93,
67818546,00000120,false,Rx,0,8,04,00,00,00,60,00,29,9F,
67819544,00000110,false,Rx,0,8,62,00,00,00,80,00,69,99,
67819545,00000130,false,Rx,0,8,D9,FF,FF,FF,70,00,22,E2,
67820540,00000100,false,Rx,0,8,5A,00,00,00,70,00,29,21,
67820541,00000140,false,Rx,0,8,01,00,FF,FF,40,00,30,2E,
67820542,00000120,false,Rx,0,8,04,00,00,00,70,00,24,5F,
67821511,00000110,false,Rx,0,8,79,00,00,00,90,00,67,B2,
67821513,00000130,false,Rx,0,8,F8,FF,FF,FF,80,00,60,53,
67822621,00000100,false,Rx,0,8,5A,00,00,00,80,00,6D,21,
67822622,00000120,false,Rx,0,8,20,00,00,00,80,00,66,BB,
67823642,00000110,false,Rx,0,8,79,00,00,00,A0,00,73,B2,
67823644,00000130,false,Rx,0,8,37,00,00,00,90,00,68,5C,
67824632,00000100,false,Rx,0,8,5A,00,00,00,90,00,60,E1,
67824634,00000120,false,Rx,0,8,20,00,00,00,90,00,6B,7B,
67824634,00000110,false,Rx,0,8,79,00,00,00,B0,00,7E,72,
67825764,00000050,false,Rx,0,6,41,5C,FF,FB,5F,FF,00,00,
67825765,00000130,false,Rx,0,8,0D,BA,F5,FF,A3,80,A2,71,
67825766,00000100,false,Rx,0,8,5A,00,00,00,A0,00,74,E1,
67827387,00000120,false,Rx,0,8,20,00,00,00,A0,00,7F,7B,
67827388,00000110,false,Rx,0,8,79,00,00,00,C0,00,5B,B2,
67828544,00000130,false,Rx,0,8,95,00,00,00,B0,00,68,DE,
67828545,00000100,false,Rx,0,8,71,00,00,00,B0,00,7F,3A,
67829529,00000120,false,Rx,0,8,20,00,00,00,B0,00,72,BB,
67829530,00000110,false,Rx,0,8,62,00,00,00,D0,00,55,99,
67830671,00000130,false,Rx,0,8,F8,FF,FF,FF,C0,00,51,93,
67830672,00000100,false,Rx,0,8,71,00,00,00,C0,00,5A,FA,
67831625,00000120,false,Rx,0,8,E7,FF,FF,FF,C0,00,53,FC,
67831626,00000110,false,Rx,0,8,62,00,00,00,E0,00,41,99,
67832672,00000130,false,Rx,0,8,F8,FF,FF,FF,D0,00,5C,53,
67832673,00000100,false,Rx,0,8,88,00,00,00,D0,00,43,53,
67833631,00000120,false,Rx,0,8,E7,FF,FF,FF,D0,00,5E,3C,
67833632,00000110,false,Rx,0,8,4B,00,00,00,F0,00,4B,A0,
67834637,00000130,false,Rx,0,8,F8,FF,FF,FF,E0,00,48,53,
67834638,00000100,false,Rx,0,8,88,00,00,00,E0,00,57,53,
67835768,00000120,false,Rx,0,8,E7,FF,FF,FF,E0,00,4A,3C,
67835769,00000110,false,Rx,0,8,4B,00,00,00,00,00,0F,A0,
67836761,00000130,false,Rx,0,8,18,00,00,00,F0,00,47,C3,
67836763,00000100,false,Rx,0,8,88,00,00,00,F0,00,5A,93,
67837761,00000120,false,Rx,0,8,E7,FF,FF,FF,F0,00,47,FC,
67837762,00000110,false,Rx,0,8,62,00,00,00,10,00,05,99,
67838783,00000130,false,Rx,0,8,F8,FF,FF,FF,00,00,01,93,
67838784,00000100,false,Rx,0,8,71,00,00,00,00,00,0A,FA,
67839767,00000120,false,Rx,0,8,04,00,00,00,00,00,01,9F,
67839769,00000110,false,Rx,0,8,62,00,00,00,20,00,11,99,
67840920,00000130,false,Rx,0,8,F8,FF,FF,FF,10,00,0C,53,
67840921,00000100,false,Rx,0,8,5A,00,00,00,10,00,01,21,
67840922,00000140,false,Rx,0,8,01,00,FF,FF,50,00,3D,EE,
67841894,00000120,false,Rx,0,8,04,00,00,00,10,00,0C,5F,
67841895,00000110,false,Rx,0,8,90,00,00,00,30,00,09,4B,
67842895,00000130,false,Rx,0,8,18,00,00,00,20,00,1A,03,
67842896,00000100,false,Rx,0,8,5A,00,00,00,20,00,15,21,
67844044,00000120,false,Rx,0,8,20,00,00,00,20,00,1E,BB,
67844045,00000110,false,Rx,0,8,90,00,00,00,40,00,2C,8B,
67845040,00000130,false,Rx,0,8,18,00,00,00,30,00,17,C3,
67845041,00000100,false,Rx,0,8,5A,00,00,00,30,00,18,E1,
67845042,00000120,false,Rx,0,8,20,00,00,00,30,00,13,7B,
67846135,00000110,false,Rx,0,8,90,00,00,00,50,00,21,4B,
67846136,00000050,false,Rx,0,6,41,5C,FF,FB,5F,FF,00,00,
67846136,00000130,false,Rx,0,8,4D,21,00,00,43,80,83,51,
67847297,00000100,false,Rx,0,8,5A,00,00,00,40,00,3D,21,
67847298,00000120,false,Rx,0,8,20,00,00,00,40,00,36,BB,
67848295,00000110,false,Rx,0,8,90,00,00,00,60,00,35,4B,
67848296,00000130,false,Rx,0,8,D9,FF,FF,FF,50,00,3B,22,
67849259,00000100,false,Rx,0,8,71,00,00,00,50,00,36,FA,
67849261,00000120,false,Rx,0,8,20,00,00,00,50,00,3B,7B,
67850416,00000110,false,Rx,0,8,62,00,00,00,70,00,2D,99,
67850417,00000130,false,Rx,0,8,F8,FF,FF,FF,60,00,29,93,
67851420,00000100,false,Rx,0,8,71,00,00,00,60,00,22,FA,
67851421,00000120,false,Rx,0,8,E7,FF,FF,FF,60,00,2B,FC,
67852392,00000110,false,Rx,0,8,62,00,00,00,80,00,69,99,
67852394,00000130,false,Rx,0,8,56,00,00,00,70,00,29,ED,
67853386,00000100,false,Rx,0,8,88,00,00,00,70,00,3B,53,
67853387,00000120,false,Rx,0,8,E7,FF,FF,FF,70,00,26,3C,
67854543,00000110,false,Rx,0,8,34,00,00,00,90,00,68,6F,
67854544,00000130,false,Rx,0,8,F8,FF,FF,FF,80,00,60,53,
67855539,00000100,false,Rx,0,8,88,00,00,00,80,00,7F,53,
67855541,00000120,false,Rx,0,8,E7,FF,FF,FF,80,00,62,3C,
67856537,00000110,false,Rx,0,8,34,00,00,00,A0,00,7C,6F,
67856538,00000130,false,Rx,0,8,18,00,00,00,90,00,6F,C3,
67857511,00000100,false,Rx,0,8,71,00,00,00,90,00,66,FA,
67857512,00000120,false,Rx,0,8,E7,FF,FF,FF,90,00,6F,FC,
67858632,00000110,false,Rx,0,8,62,00,00,00,B0,00,7D,99,
67858633,00000130,false,Rx,0,8,F8,FF,FF,FF,A0,00,79,93,
67859621,00000100,false,Rx,0,8,71,00,00,00,A0,00,72,FA,
67859622,00000120,false,Rx,0,8,04,00,00,00,A0,00,79,9F,
67860637,00000110,false,Rx,0,8,62,00,00,00,C0,00,58,59,
67860638,00000130,false,Rx,0,8,18,00,00,00,B0,00,76,03,
67861619,00000100,false,Rx,0,8,5A,00,00,00,B0,00,79,21,
67861620,00000140,false,Rx,0,8,01,00,FF,FF,60,00,29,EE,
67861621,00000120,false,Rx,0,8,04,00,00,00,B0,00,74,5F,
67862636,00000110,false,Rx,0,8,79,00,00,00,D0,00,56,72,
67862638,00000130,false,Rx,0,8,F8,FF,FF,FF,C0,00,51,93,
67863792,00000100,false,Rx,0,8,71,00,00,00,C0,00,5A,FA,
67863793,00000120,false,Rx,0,8,04,00,00,00,C0,00,51,9F,
67864795,00000110,false,Rx,0,8,79,00,00,00,E0,00,42,72,
67864796,00000130,false,Rx,0,8,18,00,00,00,D0,00,5E,03,
67865768,00000100,false,Rx,0,8,43,00,00,00,D0,00,53,28,
67865770,00000120,false,Rx,0,8,04,00,00,00,D0,00,5C,5F,
67865770,00000110,false,Rx,0,8,A7,00,00,00,F0,00,5D,0C,
67867042,00000050,false,Rx,0,6,41,5C,FF,FB,5F,FF,00,00,
67867043,00000130,false,Rx,0,8,D8,34,03,00,E3,80,EB,D3,
67867044,00000100,false,Rx,0,8,5A,00,00,00,E0,00,45,21,
67868516,00000120,false,Rx,0,8,04,00,00,00,E0,00,48,5F,
67868518,00000110,false,Rx,0,8,A7,00,00,00,00,00,19,0C,
67869620,00000130,false,Rx,0,8,F8,FF,FF,FF,F0,00,45,93,
67869622,00000100,false,Rx,0,8,5A,00,00,00,F0,00,48,E1,
67870636,00000120,false,Rx,0,8,04,00,00,00,F0,00,45,9F,
67870637,00000110,false,Rx,0,8,62,00,00,00,10,00,05,99,
67871768,00000130,false,Rx,0,8,D9,FF,FF,FF,00,00,07,22,
67871769,00000100,false,Rx,0,8,88,00,00,00,00,00,1E,93,
67872761,00000120,false,Rx,0,8,E7,FF,FF,FF,00,00,03,FC,
67872762,00000110,false,Rx,0,8,62,00,00,00,20,00,11,99,
67873758,00000130,false,Rx,0,8,F8,FF,FF,FF,10,00,0C,53,
67873760,00000100,false,Rx,0,8,88,00,00,00,10,00,13,53,
67874768,00000120,false,Rx,0,8,E7,FF,FF,FF,10,00,0E,3C,
67874769,00000110,false,Rx,0,8,4B,00,00,00,30,00,1B,A0,
67875761,00000130,false,Rx,0,8,D9,FF,FF,FF,20,00,1E,E2,
67875762,00000100,false,Rx,0,8,88,00,00,00,20,00,07,53,
67876912,00000120,false,Rx,0,8,E7,FF,FF,FF,20,00,1A,3C,
67876913,00000110,false,Rx,0,8,4B,00,00,00,40,00,3E,60,
67877920,00000130,false,Rx,0,8,18,00,00,00,30,00,17,C3,
67877921,00000100,false,Rx,0,8,71,00,00,00,30,00,1E,FA,
67878893,00000120,false,Rx,0,8,E7,FF,FF,FF,30,00,17,FC,
67878894,00000110,false,Rx,0,8,62,00,00,00,50,00,34,59,
67879892,00000130,false,Rx,0,8,F8,FF,FF,FF,40,00,30,53,
67879894,00000100,false,Rx,0,8,71,00,00,00,40,00,3B,3A,
67881042,00000120,false,Rx,0,8,04,00,00,00,40,00,30,5F,
67881043,00000110,false,Rx,0,8,62,00,00,00,60,00,20,59,
67882043,00000130,false,Rx,0,8,18,00,00,00,50,00,3F,C3,
67882045,00000100,false,Rx,0,8,5A,00,00,00,50,00,30,E1,
67882045,00000140,false,Rx,0,8,01,00,FF,FF,70,00,24,2E,
67883017,00000120,false,Rx,0,8,04,00,00,00,50,00,3D,9F,
67883018,00000110,false,Rx,0,8,79,00,00,00,70,00,2E,72,
67884010,00000130,false,Rx,0,8,D9,FF,FF,FF,60,00,2F,22,
67884012,00000100,false,Rx,0,8,5A,00,00,00,60,00,24,E1,
67885168,00000120,false,Rx,0,8,20,00,00,00,60,00,2F,7B,
67885169,00000110,false,Rx,0,8,79,00,00,00,80,00,6A,72,
67886161,00000130,false,Rx,0,8,F8,FF,FF,FF,70,00,24,53,
67886162,00000100,false,Rx,0,8,5A,00,00,00,70,00,29,21,
67886163,00000120,false,Rx,0,8,20,00,00,00,70,00,22,BB,
67887418,00000110,false,Rx,0,8,62,00,00,00,90,00,64,59,
67887419,00000050,false,Rx,0,6,41,5C,FF,FB,5F,FF,00,00,
67887420,00000130,false,Rx,0,8,EB,95,FF,FF,83,80,7B,A9,
67888418,00000100,false,Rx,0,8,5A,00,00,00,80,00,6D,21,
67888419,00000120,false,Rx,0,8,04,00,00,00,80,00,60,5F,
67889392,00000110,false,Rx,0,8,62,00,00,00,A0,00,70,59,
67889393,00000130,false,Rx,0,8,95,00,00,00,90,00,71,1E,
67890392,00000100,false,Rx,0,8,71,00,00,00,90,00,66,FA,
67890393,00000120,false,Rx,0,8,04,00,00,00,90,00,6D,9F,
67891542,00000110,false,Rx,0,8,4B,00,00,00,B0,00,7A,60,
67891543,00000130,false,Rx,0,8,D9,FF,FF,FF,A0,00,7F,22,
67892518,00000100,false,Rx,0,8,71,00,00,00,A0,00,72,FA,
67892519,00000120,false,Rx,0,8,E7,FF,FF,FF,A0,00,7B,FC,
67893508,00000110,false,Rx,0,8,4B,00,00,00,C0,00,5F,A0,
67893510,00000130,false,Rx,0,8,D9,FF,FF,FF,B0,00,72,E2,
67894509,00000100,false,Rx,0,8,9F,00,00,00,B0,00,68,74,
67894510,00000120,false,Rx,0,8,E7,FF,FF,FF,B0,00,76,3C,
67895619,00000110,false,Rx,0,8,62,00,00,00,D0,00,55,99,
67895620,00000130,false,Rx,0,8,D9,FF,FF,FF,C0,00,57,22,
67896627,00000100,false,Rx,0,8,88,00,00,00,C0,00,4E,93,
67896628,00000120,false,Rx,0,8,04,00,00,00,C0,00,51,9F,
67897624,00000110,false,Rx,0,8,62,00,00,00,E0,00,41,99,
67897626,00000130,false,Rx,0,8,F8,FF,FF,FF,D0,00,5C,53,
67898621,00000100,false,Rx,0,8,71,00,00,00,D0,00,57,3A,
67898622,00000120,false,Rx,0,8,04,00,00,00,D0,00,5C,5F,
67899795,00000110,false,Rx,0,8,62,00,00,00,F0,00,4C,59,
67899797,00000130,false,Rx,0,8,F8,FF,FF,FF,E0,00,48,53,
67900795,00000100,false,Rx,0,8,5A,00,00,00,E0,00,45,21,
67900796,00000120,false,Rx,0,8,20,00,00,00,E0,00,4E,BB,
67901768,00000110,false,Rx,0,8,62,00,00,00,00,00,08,59,
67901770,00000130,false,Rx,0,8,37,00,00,00,F0,00,40,5C,
67902782,00000100,false,Rx,0,8,5A,00,00,00,F0,00,48,E1,
67902783,00000140,false,Rx,0,8,01,00,FF,FF,80,00,60,2E,
67902783,00000120,false,Rx,0,8,20,00,00,00,F0,00,43,7B,
67903886,00000110,false,Rx,0,8,79,00,00,00,10,00,06,72,
67903887,00000130,false,Rx,0,8,F8,FF,FF,FF,00,00,01,93,
67904916,00000100,false,Rx,0,8,5A,00,00,00,00,00,0C,E1,
67904918,00000120,false,Rx,0,8,20,00,00,00,00,00,07,7B,
67905892,00000110,false,Rx,0,8,79,00,00,00,20,00,12,72,
67905893,00000130,false,Rx,0,8,37,00,00,00,10,00,09,9C,
67906906,00000100,false,Rx,0,8,5A,00,00,00,10,00,01,21,
67906907,00000120,false,Rx,0,8,20,00,00,00,10,00,0A,BB,
67906908,00000110,false,Rx,0,8,62,00,00,00,30,00,1C,59,
67908163,00000050,false,Rx,0,6,41,5C,FF,FB,5F,FF,00,00,
67908164,00000130,false,Rx,0,8,2C,BA,F5,FF,23,80,C5,00,
67908165,00000100,false,Rx,0,8,71,00,00,00,20,00,13,3A,
67909790,00000120,false,Rx,0,8,20,00,00,00,20,00,1E,BB,
67909792,00000110,false,Rx,0,8,62,00,00,00,40,00,39,99,
67909792,00000210,false,Rx,0,8,75,69,00,05,06,5F,01,03,
67910769,00000130,false,Rx,0,8,95,00,00,00,30,00,09,1E,
67910770,00000100,false,Rx,0,8,71,00,00,00,30,00,1E,FA,
67911913,00000120,false,Rx,0,8,20,00,00,00,30,00,13,7B,
67911914,00000110,false,Rx,0,8,4B,00,00,00,50,00,33,A0,
67912919,00000130,false,Rx,0,8,F8,FF,FF,FF,40,00,30,53,
67912920,00000100,false,Rx,0,8,88,00,00,00,40,00,2F,53,
67913920,00000120,false,Rx,0,8,CB,FF,FF,FF,40,00,35,90,
67913921,00000110,false,Rx,0,8,4B,00,00,00,60,00,27,A0,
67914896,00000130,false,Rx,0,8,F8,FF,FF,FF,50,00,3D,93,
67914897,00000100,false,Rx,0,8,88,00,00,00,50,00,22,93,
67915885,00000120,false,Rx,0,8,CB,FF,FF,FF,50,00,38,50,
67915886,00000110,false,Rx,0,8,4B,00,00,00,70,00,2A,60,
67917040,00000130,false,Rx,0,8,F8,FF,FF,FF,60,00,29,93,
67917041,00000100,false,Rx,0,8,88,00,00,00,60,00,36,93,
67918036,00000120,false,Rx,0,8,E7,FF,FF,FF,60,00,2B,FC,
67918037,00000110,false,Rx,0,8,4B,00,00,00,80,00,6E,60,
67919019,00000130,false,Rx,0,8,F8,FF,FF,FF,70,00,24,53,
67919020,00000100,false,Rx,0,8,71,00,00,00,70,00,2F,3A,
67920018,00000120,false,Rx,0,8,E7,FF,FF,FF,70,00,26,3C,
67920020,00000110,false,Rx,0,8,62,00,00,00,90,00,64,59,
67921164,00000130,false,Rx,0,8,F8,FF,FF,FF,80,00,60,53,
67921165,00000100,false,Rx,0,8,5A,00,00,00,80,00,6D,21,
67922166,00000120,false,Rx,0,8,04,00,00,00,80,00,60,5F,
67922167,00000110,false,Rx,0,8,62,00,00,00,A0,00,70,59,
67923141,00000130,false,Rx,0,8,18,00,00,00,90,00,6F,C3,
67923142,00000100,false,Rx,0,8,5A,00,00,00,90,00,60,E1,
67923143,00000140,false,Rx,0,8,01,00,FF,FF,90,00,6D,EE,
67924136,00000120,false,Rx,0,8,04,00,00,00,90,00,6D,9F,
67924137,00000110,false,Rx,0,8,79,00,00,00,B0,00,7E,72,
67925135,00000130,false,Rx,0,8,18,00,00,00,A0,00,7B,C3,
67925136,00000100,false,Rx,0,8,5A,00,00,00,A0,00,74,E1,
67926273,00000120,false,Rx,0,8,20,00,00,00,A0,00,7F,7B,
67926274,00000110,false,Rx,0,8,79,00,00,00,C0,00,5B,B2,
67927295,00000130,false,Rx,0,8,F8,FF,FF,FF,B0,00,74,53,
67927296,00000100,false,Rx,0,8,5A,00,00,00,B0,00,79,21,
67927296,00000120,false,Rx,0,8,20,00,00,00,B0,00,72,BB,
67928510,00000110,false,Rx,0,8,90,00,00,00,D0,00,40,8B,
67928511,00000050,false,Rx,0,6,41,5C,FF,FB,5F,FF,00,00,
67928512,00000130,false,Rx,0,8,4D,21,00,00,C3,80,E2,91,
67929519,00000100,false,Rx,0,8,5A,00,00,00,C0,00,5C,E1,
67929520,00000120,false,Rx,0,8,04,00,00,00,C0,00,51,9F,
67930517,00000110,false,Rx,0,8,90,00,00,00,E0,00,54,8B,
67930519,00000130,false,Rx,0,8,D9,FF,FF,FF,D0,00,5A,E2,
67931639,00000100,false,Rx,0,8,88,00,00,00,D0,00,43,53,
67931640,00000120,false,Rx,0,8,04,00,00,00,D0,00,5C,5F,
67932627,00000110,false,Rx,0,8,34,00,00,00,F0,00,40,6F,
67932628,00000130,false,Rx,0,8,D9,FF,FF,FF,E0,00,4E,E2,
67933621,00000100,false,Rx,0,8,71,00,00,00,E0,00,43,3A,
67933622,00000120,false,Rx,0,8,E7,FF,FF,FF,E0,00,4A,3C,
67934622,00000110,false,Rx,0,8,34,00,00,00,00,00,04,6F,
67934623,00000130,false,Rx,0,8,D9,FF,FF,FF,F0,00,43,22,
67935792,00000100,false,Rx,0,8,88,00,00,00,F0,00,5A,93,
67935793,00000120,false,Rx,0,8,E7,FF,FF,FF,F0,00,47,FC,
67936796,00000110,false,Rx,0,8,62,00,00,00,10,00,05,99,
67936797,00000130,false,Rx,0,8,18,00,00,00,00,00,03,C3,
67937786,00000100,false,Rx,0,8,71,00,00,00,00,00,0A,FA,
67937787,00000120,false,Rx,0,8,E7,FF,FF,FF,00,00,03,FC,
67938782,00000110,false,Rx,0,8,62,00,00,00,20,00,11,99,
67938784,00000130,false,Rx,0,8,F8,FF,FF,FF,10,00,0C,53,
67939760,00000100,false,Rx,0,8,71,00,00,00,10,00,07,3A,
67939762,00000120,false,Rx,0,8,E7,FF,FF,FF,10,00,0E,3C,
67940919,00000110,false,Rx,0,8,62,00,00,00,30,00,1C,59,
67940920,00000130,false,Rx,0,8,F8,FF,FF,FF,20,00,18,53,
67941913,00000100,false,Rx,0,8,5A,00,00,00,20,00,15,21,
67941914,00000120,false,Rx,0,8,04,00,00,00,20,00,18,5F,
67942895,00000110,false,Rx,0,8,62,00,00,00,40,00,39,99,
67942896,00000130,false,Rx,0,8,18,00,00,00,30,00,17,C3,
67943889,00000100,false,Rx,0,8,5A,00,00,00,30,00,18,E1,
67943891,00000140,false,Rx,0,8,01,00,FF,FF,A0,00,79,EE,
67943891,00000120,false,Rx,0,8,04,00,00,00,30,00,15,9F,
67945043,00000110,false,Rx,0,8,79,00,00,00,50,00,37,B2,
67945044,00000130,false,Rx,0,8,F8,FF,FF,FF,40,00,30,53,
67946011,00000100,false,Rx,0,8,43,00,00,00,40,00,3F,28,
67946012,00000120,false,Rx,0,8,20,00,00,00,40,00,36,BB,
67947019,00000110,false,Rx,0,8,79,00,00,00,60,00,23,B2,
67947020,00000130,false,Rx,0,8,F8,FF,FF,FF,50,00,3D,93,
67948029,00000100,false,Rx,0,8,5A,00,00,00,50,00,30,E1,
67948030,00000120,false,Rx,0,8,20,00,00,00,50,00,3B,7B,
67948030,00000110,false,Rx,0,8,90,00,00,00,70,00,38,8B,
67949259,00000050,false,Rx,0,6,41,5C,FF,FB,5F,FF,00,00,
67949260,00000130,false,Rx,0,8,D8,34,03,00,63,80,8A,13,
67949261,00000100,false,Rx,0,8,5A,00,00,00,60,00,24,E1,
67950918,00000120,false,Rx,0,8,04,00,00,00,60,00,29,9F,
67950920,00000110,false,Rx,0,8,90,00,00,00,80,00,7C,8B,
67951895,00000130,false,Rx,0,8,D9,FF,FF,FF,70,00,22,E2,
67951896,00000100,false,Rx,0,8,71,00,00,00,70,00,2F,3A,
67952885,00000120,false,Rx,0,8,04,00,00,00,70,00,24,5F,
67952886,00000110,false,Rx,0,8,4B,00,00,00,90,00,63,A0,
67952886,00000170,false,Rx,0,8,00,00,00,01,00,00,00,68,
67954042,00000130,false,Rx,0,8,F8,FF,FF,FF,80,00,60,53,
67954044,00000100,false,Rx,0,8,88,00,00,00,80,00,7F,53,
67955020,00000120,false,Rx,0,8,CB,FF,FF,FF,80,00,65,90,
67955021,00000110,false,Rx,0,8,4B,00,00,00,A0,00,77,A0,
67956015,00000130,false,Rx,0,8,D9,FF,FF,FF,90,00,6B,22,
67956017,00000100,false,Rx,0,8,88,00,00,00,90,00,72,93,
67957019,00000120,false,Rx,0,8,CB,FF,FF,FF,90,00,68,50,
67957020,00000110,false,Rx,0,8,62,00,00,00,B0,00,7D,99,
67958143,00000130,false,Rx,0,8,B9,FF,FF,FF,A0,00,76,82,
67958144,00000100,false,Rx,0,8,71,00,00,00,A0,00,72,FA,
67959132,00000120,false,Rx,0,8,E7,FF,FF,FF,A0,00,7B,FC,
67959133,00000110,false,Rx,0,8,62,00,00,00,C0,00,58,59,
67960143,00000130,false,Rx,0,8,D9,FF,FF,FF,B0,00,72,E2,
67960145,00000100,false,Rx,0,8,71,00,00,00,B0,00,7F,3A,
67961143,00000120,false,Rx,0,8,E7,FF,FF,FF,B0,00,76,3C,
67961144,00000110,false,Rx,0,8,79,00,00,00,D0,00,56,72,
67962138,00000130,false,Rx,0,8,F8,FF,FF,FF,C0,00,51,93,
67962140,00000100,false,Rx,0,8,5A,00,00,00,C0,00,5C,E1,
67963267,00000120,false,Rx,0,8,20,00,00,00,C0,00,57,7B,
67963269,00000110,false,Rx,0,8,79,00,00,00,E0,00,42,72,
67964267,00000130,false,Rx,0,8,18,00,00,00,D0,00,5E,03,
67964268,00000100,false,Rx,0,8,5A,00,00,00,D0,00,51,21,
67964269,00000140,false,Rx,0,8,01,00,FF,FF,B0,00,74,2E,
67965271,00000120,false,Rx,0,8,20,00,00,00,D0,00,5A,BB,
67965272,00000110,false,Rx,0,8,79,00,00,00,F0,00,4F,B2,
67966257,00000130,false,Rx,0,8,D9,FF,FF,FF,E0,00,4E,E2,
67966258,00000100,false,Rx,0,8,5A,00,00,00,E0,00,45,21,
67967418,00000120,false,Rx,0,8,04,00,00,00,E0,00,48,5F,
67967419,00000110,false,Rx,0,8,79,00,00,00,00,00,0B,B2,
67968416,00000130,false,Rx,0,8,F8,FF,FF,FF,F0,00,45,93,
67968417,00000100,false,Rx,0,8,5A,00,00,00,F0,00,48,E1,
67968418,00000120,false,Rx,0,8,04,00,00,00,F0,00,45,9F,
67969635,00000110,false,Rx,0,8,62,00,00,00,10,00,05,99,
67969636,00000050,false,Rx,0,6,41,5C,FF,FB,5F,FF,00,00,
67969637,00000130,false,Rx,0,8,EB,95,FF,FF,03,80,1A,69,
67970641,00000100,false,Rx,0,8,71,00,00,00,00,00,0A,FA,
67970642,00000120,false,Rx,0,8,E7,FF,FF,FF,00,00,03,FC,
67971643,00000110,false,Rx,0,8,62,00,00,00,20,00,11,99,
67971644,00000130,false,Rx,0,8,B5,00,00,00,10,00,17,BE,
67972760,00000100,false,Rx,0,8,88,00,00,00,10,00,13,53,
67972762,00000120,false,Rx,0,8,E7,FF,FF,FF,10,00,0E,3C,
67973761,00000110,false,Rx,0,8,34,00,00,00,30,00,10,6F,
67973762,00000130,false,Rx,0,8,18,00,00,00,20,00,1A,03,
67974760,00000100,false,Rx,0,8,88,00,00,00,20,00,07,53,
67974762,00000120,false,Rx,0,8,E7,FF,FF,FF,20,00,1A,3C,
67975758,00000110,false,Rx,0,8,34,00,00,00,40,00,35,AF,
67975759,00000130,false,Rx,0,8,F8,FF,FF,FF,30,00,15,93,
67976884,00000100,false,Rx,0,8,88,00,00,00,30,00,0A,93,
67976885,00000120,false,Rx,0,8,E7,FF,FF,FF,30,00,17,FC,
67977885,00000110,false,Rx,0,8,62,00,00,00,50,00,34,59,
67977886,00000130,false,Rx,0,8,18,00,00,00,40,00,32,03,
67978886,00000100,false,Rx,0,8,71,00,00,00,40,00,3B,3A,
67978887,00000120,false,Rx,0,8,04,00,00,00,40,00,30,5F,
67979885,00000110,false,Rx,0,8,62,00,00,00,60,00,20,59,
67979886,00000130,false,Rx,0,8,F8,FF,FF,FF,50,00,3D,93,
67981009,00000100,false,Rx,0,8,71,00,00,00,50,00,36,FA,
67981011,00000120,false,Rx,0,8,04,00,00,00,50,00,3D,9F,
67982009,00000110,false,Rx,0,8,62,00,00,00,70,00,2D,99,
67982010,00000130,false,Rx,0,8,37,00,00,00,60,00,2C,5C,
67983009,00000100,false,Rx,0,8,5A,00,00,00,60,00,24,E1,
67983010,00000120,false,Rx,0,8,20,00,00,00,60,00,2F,7B,
67984006,00000110,false,Rx,0,8,62,00,00,00,80,00,69,99,
67984007,00000130,false,Rx,0,8,37,00,00,00,70,00,21,9C,
67985009,00000100,false,Rx,0,8,43,00,00,00,70,00,2B,28,
67985011,00000140,false,Rx,0,8,01,00,FF,FF,C0,00,51,EE,
67985011,00000120,false,Rx,0,8,20,00,00,00,70,00,22,BB,
67986134,00000110,false,Rx,0,8,79,00,00,00,90,00,67,B2,
67986135,00000130,false,Rx,0,8,D9,FF,FF,FF,80,00,66,E2,
67987133,00000100,false,Rx,0,8,5A,00,00,00,80,00,6D,21,
67987135,00000120,false,Rx,0,8,04,00,00,00,80,00,60,5F,
67988134,00000110,false,Rx,0,8,79,00,00,00,A0,00,73,B2,
67988135,00000130,false,Rx,0,8,F8,FF,FF,FF,90,00,6D,93,
67989136,00000100,false,Rx,0,8,5A,00,00,00,90,00,60,E1,
67989137,00000120,false,Rx,0,8,04,00,00,00,90,00,6D,9F,
67989138,00000110,false,Rx,0,8,62,00,00,00,B0,00,7D,99,
67990383,00000050,false,Rx,0,6,41,5C,FF,FB,5F,FF,00,00,
67990384,00000130,false,Rx,0,8,4C,BA,F5,FF,A3,80,AD,60,
67990384,00000100,false,Rx,0,8,71,00,00,00,A0,00,72,FA,
67992009,00000120,false,Rx,0,8,E7,FF,FF,FF,A0,00,7B,FC,
67992010,00000110,false,Rx,0,8,62,00,00,00,C0,00,58,59,
67993009,00000130,false,Rx,0,8,76,00,00,00,B0,00,7E,8D,
67993010,00000100,false,Rx,0,8,88,00,00,00,B0,00,6B,53,
67994133,00000120,false,Rx,0,8,E7,FF,FF,FF,B0,00,76,3C,
67994134,00000110,false,Rx,0,8,4B,00,00,00,D0,00,52,60,
67995133,00000130,false,Rx,0,8,D9,FF,FF,FF,C0,00,57,22,
67995134,00000100,false,Rx,0,8,88,00,00,00,C0,00,4E,93,
67996133,00000120,false,Rx,0,8,E7,FF,FF,FF,C0,00,53,FC,
67996134,00000110,false,Rx,0,8,4B,00,00,00,E0,00,46,60,
67997133,00000130,false,Rx,0,8,F8,FF,FF,FF,D0,00,5C,53,
67997135,00000100,false,Rx,0,8,71,00,00,00,D0,00,57,3A,
67998134,00000120,false,Rx,0,8,E7,FF,FF,FF,D0,00,5E,3C,
67998136,00000110,false,Rx,0,8,62,00,00,00,F0,00,4C,59,
67999256,00000130,false,Rx,0,8,37,00,00,00,E0,00,4D,9C,
67999257,00000100,false,Rx,0,8,71,00,00,00,E0,00,43,3A,
68000258,00000120,false,Rx,0,8,20,00,00,00,E0,00,4E,BB,
68000259,00000110,false,Rx,0,8,62,00,00,00,00,00,08,59,
68001258,00000130,false,Rx,0,8,F8,FF,FF,FF,F0,00,45,93,
68001259,00000100,false,Rx,0,8,5A,00,00,00,F0,00,48,E1,
68002263,00000120,false,Rx,0,8,20,00,00,00,F0,00,43,7B,
68002265,00000110,false,Rx,0,8,79,00,00,00,10,00,06,72,
68003382,00000130,false,Rx,0,8,F8,FF,FF,FF,00,00,01,93,
68003383,00000100,false,Rx,0,8,5A,00,00,00,00,00,0C,E1,
68004385,00000120,false,Rx,0,8,04,00,00,00,00,00,01,9F,
68004387,00000110,false,Rx,0,8,79,00,00,00,20,00,12,72,
68005382,00000130,false,Rx,0,8,D9,FF,FF,FF,10,00,0A,E2,
68005383,00000100,false,Rx,0,8,5A,00,00,00,10,00,01,21,
68005384,00000140,false,Rx,0,8,01,00,FF,FF,D0,00,5C,2E,
68006382,00000120,false,Rx,0,8,04,00,00,00,10,00,0C,5F,
68006383,00000110,false,Rx,0,8,79,00,00,00,30,00,1F,B2,
68007509,00000130,false,Rx,0,8,F8,FF,FF,FF,20,00,18,53,
68007510,00000100,false,Rx,0,8,5A,00,00,00,20,00,15,21,
68008508,00000120,false,Rx,0,8,04,00,00,00,20,00,18,5F,
68008510,00000110,false,Rx,0,8,79,00,00,00,40,00,3A,72,
68009506,00000130,false,Rx,0,8,56,00,00,00,30,00,18,2D,
68009507,00000100,false,Rx,0,8,5A,00,00,00,30,00,18,E1,
68009507,00000120,false,Rx,0,8,04,00,00,00,30,00,15,9F,
68010759,00000110,false,Rx,0,8,90,00,00,00,50,00,21,4B,
68010761,00000050,false,Rx,0,6,41,5C,FF,FB,5F,FF,00,00,
68010761,00000130,false,Rx,0,8,4D,21,00,00,43,80,83,51,
68011757,00000100,false,Rx,0,8,71,00,00,00,40,00,3B,3A,
68011759,00000120,false,Rx,0,8,E7,FF,FF,FF,40,00,32,3C,
68012757,00000110,false,Rx,0,8,90,00,00,00,60,00,35,4B,
68012759,00000130,false,Rx,0,8,B9,FF,FF,FF,50,00,32,82,
68013883,00000100,false,Rx,0,8,88,00,00,00,50,00,22,93,
68013884,00000120,false,Rx,0,8,E7,FF,FF,FF,50,00,3F,FC,
68014883,00000110,false,Rx,0,8,4B,00,00,00,70,00,2A,60,
68014884,00000130,false,Rx,0,8,18,00,00,00,60,00,2B,C3,
68015882,00000100,false,Rx,0,8,88,00,00,00,60,00,36,93,
68015883,00000120,false,Rx,0,8,E7,FF,FF,FF,60,00,2B,FC,
68017007,00000110,false,Rx,0,8,4B,00,00,00,80,00,6E,60,
68017008,00000130,false,Rx,0,8,F8,FF,FF,FF,70,00,24,53,
68018010,00000100,false,Rx,0,8,71,00,00,00,70,00,2F,3A,
68018011,00000120,false,Rx,0,8,E7,FF,FF,FF,70,00,26,3C,
68019009,00000110,false,Rx,0,8,4B,00,00,00,90,00,63,A0,
68019010,00000130,false,Rx,0,8,F8,FF,FF,FF,80,00,60,53,
68020009,00000100,false,Rx,0,8,71,00,00,00,80,00,6B,3A,
68020010,00000120,false,Rx,0,8,E7,FF,FF,FF,80,00,62,3C,
68021007,00000110,false,Rx,0,8,4B,00,00,00,A0,00,77,A0,
68021008,00000130,false,Rx,0,8,F8,FF,FF,FF,90,00,6D,93,
68022133,00000100,false,Rx,0,8,5A,00,00,00,90,00,60,E1,
68022134,00000120,false,Rx,0,8,E7,FF,FF,FF,90,00,6F,FC,
68023137,00000110,false,Rx,0,8,79,00,00,00,B0,00,7E,72,
68023138,00000130,false,Rx,0,8,F8,FF,FF,FF,A0,00,79,93,
68024108,00000100,false,Rx,0,8,43,00,00,00,A0,00,76,E8,
68024110,00000120,false,Rx,0,8,04,00,00,00,A0,00,79,9F,
68025137,00000110,false,Rx,0,8,79,00,00,00,C0,00,5B,B2,
68025138,00000130,false,Rx,0,8,D9,FF,FF,FF,B0,00,72,E2,
68026139,00000100,false,Rx,0,8,5A,00,00,00,B0,00,79,21,
68026141,00000140,false,Rx,0,8,01,00,FF,FF,E0,00,48,2E,
68026141,00000120,false,Rx,0,8,04,00,00,00,B0,00,74,5F,
68027234,00000110,false,Rx,0,8,79,00,00,00,D0,00,56,72,
68027235,00000130,false,Rx,0,8,F8,FF,FF,FF,C0,00,51,93,
68028229,00000100,false,Rx,0,8,5A,00,00,00,C0,00,5C,E1,
68028229,00000120,false,Rx,0,8,04,00,00,00,C0,00,51,9F,
68029259,00000110,false,Rx,0,8,79,00,00,00,E0,00,42,72,
68029260,00000130,false,Rx,0,8,F8,FF,FF,FF,D0,00,5C,53,
68030259,00000100,false,Rx,0,8,5A,00,00,00,D0,00,51,21,
68030261,00000120,false,Rx,0,8,04,00,00,00,D0,00,5C,5F,
68030262,00000110,false,Rx,0,8,79,00,00,00,F0,00,4F,B2,
68031509,00000050,false,Rx,0,6,41,5C,FF,FB,5F,FF,00,00,
68031511,00000130,false,Rx,0,8,99,34,03,00,E3,80,E4,C2,
68031511,00000100,false,Rx,0,8,71,00,00,00,E0,00,43,3A,
68033132,00000120,false,Rx,0,8,E7,FF,FF,FF,E0,00,4A,3C,
68033134,00000110,false,Rx,0,8,79,00,00,00,00,00,0B,B2,
68034134,00000130,false,Rx,0,8,D9,FF,FF,FF,F0,00,43,22,
68034136,00000100,false,Rx,0,8,88,00,00,00,F0,00,5A,93,
68035260,00000120,false,Rx,0,8,E7,FF,FF,FF,F0,00,47,FC,
68035261,00000110,false,Rx,0,8,4B,00,00,00,10,00,02,60,
68036259,00000130,false,Rx,0,8,F8,FF,FF,FF,00,00,01,93,
68036260,00000100,false,Rx,0,8,71,00,00,00,00,00,0A,FA,
68037258,00000120,false,Rx,0,8,04,00,00,00,00,00,01,9F,
68037260,00000110,false,Rx,0,8,4B,00,00,00,20,00,16,60,
68038258,00000130,false,Rx,0,8,F8,FF,FF,FF,10,00,0C,53,
68038259,00000100,false,Rx,0,8,71,00,00,00,10,00,07,3A,
68039368,00000120,false,Rx,0,8,04,00,00,00,10,00,0C,5F,
68039369,00000110,false,Rx,0,8,79,00,00,00,30,00,1F,B2,
68040366,00000130,false,Rx,0,8,F8,FF,FF,FF,20,00,18,53,
68040366,00000100,false,Rx,0,8,5A,00,00,00,20,00,15,21,
68041369,00000120,false,Rx,0,8,04,00,00,00,20,00,18,5F,
68041370,00000110,false,Rx,0,8,79,00,00,00,40,00,3A,72,
68042353,00000130,false,Rx,0,8,F8,FF,FF,FF,30,00,15,93,
68042354,00000100,false,Rx,0,8,5A,00,00,00,30,00,18,E1,
68043479,00000120,false,Rx,0,8,04,00,00,00,30,00,15,9F,
68043480,00000110,false,Rx,0,8,79,00,00,00,50,00,37,B2,
68044491,00000130,false,Rx,0,8,F8,FF,FF,FF,40,00,30,53,
68044492,00000100,false,Rx,0,8,5A,00,00,00,40,00,3D,21,
68045494,00000120,false,Rx,0,8,20,00,00,00,40,00,36,BB,
68045494,00000110,false,Rx,0,8,79,00,00,00,60,00,23,B2,
68046491,00000130,false,Rx,0,8,F8,FF,FF,FF,50,00,3D,93,
68046492,00000100,false,Rx,0,8,5A,00,00,00,50,00,30,E1,
68046492,00000140,false,Rx,0,8,01,00,FF,FF,F0,00,45,EE,
68047607,00000120,false,Rx,0,8,20,00,00,00,50,00,3B,7B,
68047608,00000110,false,Rx,0,8,79,00,00,00,70,00,2E,72,
68048606,00000130,false,Rx,0,8,D9,FF,FF,FF,60,00,2F,22,
68048607,00000100,false,Rx,0,8,5A,00,00,00,60,00,24,E1,
68049606,00000120,false,Rx,0,8,04,00,00,00,60,00,29,9F,
68049607,00000110,false,Rx,0,8,79,00,00,00,80,00,6A,72,
68050614,00000130,false,Rx,0,8,18,00,00,00,70,00,26,03,
68050615,00000100,false,Rx,0,8,71,00,00,00,70,00,2F,3A,
68050615,00000120,false,Rx,0,8,04,00,00,00,70,00,24,5F,
68051866,00000110,false,Rx,0,8,4B,00,00,00,90,00,63,A0,
68051867,00000050,false,Rx,0,6,41,5C,FF,FB,5F,FF,00,00,
68051867,00000130,false,Rx,0,8,EB,95,FF,FF,83,80,7B,A9,
68052865,00000100,false,Rx,0,8,88,00,00,00,80,00,7F,53,
68052865,00000120,false,Rx,0,8,E7,FF,FF,FF,80,00,62,3C,
68053865,00000110,false,Rx,0,8,4B,00,00,00,A0,00,77,A0,
68053865,00000130,false,Rx,0,8,95,00,00,00,90,00,71,1E,
68054989,00000100,false,Rx,0,8,88,00,00,00,90,00,72,93,
68054989,00000120,false,Rx,0,8,E7,FF,FF,FF,90,00,6F,FC,
68055989,00000110,false,Rx,0,8,4B,00,00,00,B0,00,7A,60,
68055990,00000170,false,Rx,0,8,00,00,00,52,50,41,05,D4,
68055991,00000130,false,Rx,0,8,F8,FF,FF,FF,A0,00,79,93,
68056989,00000100,false,Rx,0,8,71,00,00,00,A0,00,72,FA,
68056990,00000120,false,Rx,0,8,04,00,00,00,A0,00,79,9F,
68058115,00000110,false,Rx,0,8,4B,00,00,00,C0,00,5F,A0,
68058116,00000130,false,Rx,0,8,37,00,00,00,B0,00,71,9C,
68059113,00000100,false,Rx,0,8,71,00,00,00,B0,00,7F,3A,
68059114,00000120,false,Rx,0,8,04,00,00,00,B0,00,74,5F,
68060115,00000110,false,Rx,0,8,62,00,00,00,D0,00,55,99,
68060116,00000130,false,Rx,0,8,18,00,00,00,C0,00,53,C3,
68061115,00000100,false,Rx,0,8,71,00,00,00,C0,00,5A,FA,
68061115,00000120,false,Rx,0,8,04,00,00,00,C0,00,51,9F,
68062234,00000110,false,Rx,0,8,62,00,00,00,E0,00,41,99,
68062235,00000130,false,Rx,0,8,18,00,00,00,D0,00,5E,03,
68063225,00000100,false,Rx,0,8,5A,00,00,00,D0,00,51,21,
68063226,00000120,false,Rx,0,8,04,00,00,00,D0,00,5C,5F,
68064243,00000110,false,Rx,0,8,79,00,00,00,F0,00,4F,B2,
68064243,00000130,false,Rx,0,8,F8,FF,FF,FF,E0,00,48,53,
68065244,00000100,false,Rx,0,8,5A,00,00,00,E0,00,45,21,
68065245,00000120,false,Rx,0,8,04,00,00,00,E0,00,48,5F,
68066244,00000110,false,Rx,0,8,79,00,00,00,00,00,0B,B2,
68066244,00000130,false,Rx,0,8,F8,FF,FF,FF,F0,00,45,93,
68067375,00000100,false,Rx,0,8,71,00,00,00,F0,00,4E,FA,
68067375,00000140,false,Rx,0,8,01,00,FF,FF,00,00,01,EE,
68067376,00000120,false,Rx,0,8,04,00,00,00,F0,00,45,9F,
68068385,00000110,false,Rx,0,8,79,00,00,00,10,00,06,72,
68068386,00000130,false,Rx,0,8,18,00,00,00,00,00,03,C3,
68069360,00000100,false,Rx,0,8,71,00,00,00,00,00,0A,FA,
68069361,00000120,false,Rx,0,8,04,00,00,00,00,00,01,9F,
68070352,00000110,false,Rx,0,8,79,00,00,00,20,00,12,72,
68070353,00000130,false,Rx,0,8,D9,FF,FF,FF,10,00,0A,E2,
68071494,00000100,false,Rx,0,8,71,00,00,00,10,00,07,3A,
68071494,00000120,false,Rx,0,8,04,00,00,00,10,00,0C,5F,
68071495,00000110,false,Rx,0,8,4B,00,00,00,30,00,1B,A0,
68072608,00000050,false,Rx,0,6,41,5C,FF,FB,5F,FF,00,00,
68072609,00000130,false,Rx,0,8,4C,BA,F5,FF,23,80,CC,A0,
68072609,00000100,false,Rx,0,8,88,00,00,00,20,00,07,53,
68074241,00000120,false,Rx,0,8,CB,FF,FF,FF,20,00,1D,90,
68074242,00000110,false,Rx,0,8,4B,00,00,00,40,00,3E,60,
68074242,00000210,false,Rx,0,8,75,69,00,05,06,5F,01,03,
68075238,00000130,false,Rx,0,8,95,00,00,00,30,00,09,1E,
68075239,00000100,false,Rx,0,8,88,00,00,00,30,00,0A,93,
68076366,00000120,false,Rx,0,8,CB,FF,FF,FF,30,00,10,50,
68076366,00000110,false,Rx,0,8,4B,00,00,00,50,00,33,A0,
68077382,00000130,false,Rx,0,8,D9,FF,FF,FF,40,00,36,E2,
68077382,00000100,false,Rx,0,8,71,00,00,00,40,00,3B,3A,
68078373,00000120,false,Rx,0,8,E7,FF,FF,FF,40,00,32,3C,
68078374,00000110,false,Rx,0,8,4B,00,00,00,60,00,27,A0,
68079363,00000130,false,Rx,0,8,37,00,00,00,50,00,38,5C,
68079364,00000100,false,Rx,0,8,71,00,00,00,50,00,36,FA,
68080520,00000120,false,Rx,0,8,E7,FF,FF,FF,50,00,3F,FC,
68080521,00000110,false,Rx,0,8,62,00,00,00,70,00,2D,99,
68081519,00000130,false,Rx,0,8,D9,FF,FF,FF,60,00,2F,22,
68081520,00000100,false,Rx,0,8,71,00,00,00,60,00,22,FA,
68082498,00000120,false,Rx,0,8,20,00,00,00,60,00,2F,7B,
68082498,00000110,false,Rx,0,8,62,00,00,00,80,00,69,99,
68083511,00000130,false,Rx,0,8,F8,FF,FF,FF,70,00,24,53,
68083512,00000100,false,Rx,0,8,5A,00,00,00,70,00,29,21,
68084616,00000120,false,Rx,0,8,20,00,00,00,70,00,22,BB,
68084617,00000110,false,Rx,0,8,79,00,00,00,90,00,67,B2,
68085633,00000130,false,Rx,0,8,F8,FF,FF,FF,80,00,60,53,
68085634,00000100,false,Rx,0,8,43,00,00,00,80,00,6F,28,
68086616,00000120,false,Rx,0,8,04,00,00,00,80,00,60,5F,
68086616,00000110,false,Rx,0,8,79,00,00,00,A0,00,73,B2,
68087608,00000130,false,Rx,0,8,F8,FF,FF,FF,90,00,6D,93,
68087609,00000100,false,Rx,0,8,5A,00,00,00,90,00,60,E1,
68087609,00000140,false,Rx,0,8,01,00,FF,FF,10,00,0C,2E,
68088742,00000120,false,Rx,0,8,04,00,00,00,90,00,6D,9F,
68088743,00000110,false,Rx,0,8,62,00,00,00,B0,00,7D,99,
68089786,00000130,false,Rx,0,8,D9,FF,FF,FF,A0,00,7F,22,
68089787,00000100,false,Rx,0,8,5A,00,00,00,A0,00,74,E1,
68090733,00000120,false,Rx,0,8,E7,FF,FF,FF,A0,00,7B,FC,
68090734,00000110,false,Rx,0,8,62,00,00,00,C0,00,58,59,
68091758,00000130,false,Rx,0,8,F8,FF,FF,FF,B0,00,74,53,
68091760,00000100,false,Rx,0,8,88,00,00,00,B0,00,6B,53,
68091761,00000120,false,Rx,0,8,E7,FF,FF,FF,B0,00,76,3C,
68092990,00000110,false,Rx,0,8,62,00,00,00,D0,00,55,99,
68092991,00000050,false,Rx,0,6,41,5C,FF,FB,5F,FF,00,00,
68092992,00000130,false,Rx,0,8,4D,21,00,00,C3,80,E2,91,
68093979,00000100,false,Rx,0,8,88,00,00,00,C0,00,4E,93,
68093980,00000120,false,Rx,0,8,CB,FF,FF,FF,C0,00,54,50,
68094979,00000110,false,Rx,0,8,62,00,00,00,E0,00,41,99,
68094980,00000130,false,Rx,0,8,D9,FF,FF,FF,D0,00,5A,E2,
68096145,00000100,false,Rx,0,8,88,00,00,00,D0,00,43,53,
68096146,00000120,false,Rx,0,8,CB,FF,FF,FF,D0,00,59,90,
68097123,00000110,false,Rx,0,8,62,00,00,00,F0,00,4C,59,
68097123,00000130,false,Rx,0,8,D9,FF,FF,FF,E0,00,4E,E2,
68098114,00000100,false,Rx,0,8,71,00,00,00,E0,00,43,3A,
68098115,00000120,false,Rx,0,8,04,00,00,00,E0,00,48,5F,
68099278,00000110,false,Rx,0,8,62,00,00,00,00,00,08,59,
68099279,00000130,false,Rx,0,8,F8,FF,FF,FF,F0,00,45,93,
68100247,00000100,false,Rx,0,8,71,00,00,00,F0,00,4E,FA,
68100248,00000120,false,Rx,0,8,04,00,00,00,F0,00,45,9F,
68101247,00000110,false,Rx,0,8,79,00,00,00,10,00,06,72,
68101248,00000130,false,Rx,0,8,18,00,00,00,00,00,03,C3,
68102240,00000100,false,Rx,0,8,5A,00,00,00,00,00,0C,E1,
68102241,00000120,false,Rx,0,8,20,00,00,00,00,00,07,7B,
68103366,00000110,false,Rx,0,8,79,00,00,00,20,00,12,72,
68103367,00000130,false,Rx,0,8,18,00,00,00,10,00,0E,03,
68104392,00000100,false,Rx,0,8,43,00,00,00,10,00,03,28,
68104392,00000120,false,Rx,0,8,20,00,00,00,10,00,0A,BB,
68105373,00000110,false,Rx,0,8,79,00,00,00,30,00,1F,B2,
68105374,00000130,false,Rx,0,8,37,00,00,00,20,00,1D,9C,
68106364,00000100,false,Rx,0,8,43,00,00,00,20,00,17,28,
68106365,00000120,false,Rx,0,8,04,00,00,00,20,00,18,5F,
68107517,00000110,false,Rx,0,8,79,00,00,00,40,00,3A,72,
68107518,00000130,false,Rx,0,8,D9,FF,FF,FF,30,00,13,22,
68108518,00000100,false,Rx,0,8,71,00,00,00,30,00,1E,FA,
68108519,00000140,false,Rx,0,8,01,00,FF,FF,20,00,18,2E,
68108519,00000120,false,Rx,0,8,04,00,00,00,30,00,15,9F,
68109517,00000110,false,Rx,0,8,62,00,00,00,50,00,34,59,
68109518,00000130,false,Rx,0,8,F8,FF,FF,FF,40,00,30,53,
68110515,00000100,false,Rx,0,8,71,00,00,00,40,00,3B,3A,
68110517,00000120,false,Rx,0,8,E7,FF,FF,FF,40,00,32,3C,
68111524,00000110,false,Rx,0,8,62,00,00,00,60,00,20,59,
68111526,00000130,false,Rx,0,8,37,00,00,00,50,00,38,5C,
68112633,00000100,false,Rx,0,8,88,00,00,00,50,00,22,93,
68112635,00000120,false,Rx,0,8,E7,FF,FF,FF,50,00,3F,FC,
68112635,00000110,false,Rx,0,8,62,00,00,00,70,00,2D,99,
68113766,00000050,false,Rx,0,6,41,5C,FF,FB,5F,FF,00,00,
68113768,00000130,false,Rx,0,8,D8,34,03,00,63,80,8A,13,
68113768,00000100,false,Rx,0,8,9F,00,00,00,60,00,35,B4,
68115390,00000120,false,Rx,0,8,E7,FF,FF,FF,60,00,2B,FC,
68115391,00000110,false,Rx,0,8,62,00,00,00,80,00,69,99,
68116380,00000130,false,Rx,0,8,B9,FF,FF,FF,70,00,2B,42,
68116381,00000100,false,Rx,0,8,71,00,00,00,70,00,2F,3A,
68117535,00000120,false,Rx,0,8,E7,FF,FF,FF,70,00,26,3C,
68117536,00000110,false,Rx,0,8,62,00,00,00,90,00,64,59,
68118513,00000130,false,Rx,0,8,D9,FF,FF,FF,80,00,66,E2,
68118514,00000100,false,Rx,0,8,71,00,00,00,80,00,6B,3A,
68119507,00000120,false,Rx,0,8,04,00,00,00,80,00,60,5F,
68119508,00000110,false,Rx,0,8,62,00,00,00,A0,00,70,59,
68120636,00000130,false,Rx,0,8,18,00,00,00,90,00,6F,C3,
68120637,00000100,false,Rx,0,8,71,00,00,00,90,00,66,FA,
68121636,00000120,false,Rx,0,8,04,00,00,00,90,00,6D,9F,
68121637,00000110,false,Rx,0,8,79,00,00,00,B0,00,7E,72,
68122636,00000130,false,Rx,0,8,D9,FF,FF,FF,A0,00,7F,22,
68122637,00000100,false,Rx,0,8,43,00,00,00,A0,00,76,E8,
68123636,00000120,false,Rx,0,8,20,00,00,00,A0,00,7F,7B,
68123638,00000110,false,Rx,0,8,79,00,00,00,C0,00,5B,B2,
68124631,00000130,false,Rx,0,8,18,00,00,00,B0,00,76,03,
68124632,00000100,false,Rx,0,8,5A,00,00,00,B0,00,79,21,
68125785,00000120,false,Rx,0,8,20,00,00,00,B0,00,72,BB,
68125786,00000110,false,Rx,0,8,79,00,00,00,D0,00,56,72,
68126763,00000130,false,Rx,0,8,F8,FF,FF,FF,C0,00,51,93,
68126765,00000100,false,Rx,0,8,5A,00,00,00,C0,00,5C,E1,
68127785,00000120,false,Rx,0,8,20,00,00,00,C0,00,57,7B,
68127786,00000110,false,Rx,0,8,79,00,00,00,E0,00,42,72,
68128768,00000130,false,Rx,0,8,18,00,00,00,D0,00,5E,03,
68128770,00000100,false,Rx,0,8,71,00,00,00,D0,00,57,3A,
68128771,00000140,false,Rx,0,8,01,00,FF,FF,30,00,15,EE,
68129886,00000120,false,Rx,0,8,20,00,00,00,D0,00,5A,BB,
68129888,00000110,false,Rx,0,8,62,00,00,00,F0,00,4C,59,
68130887,00000130,false,Rx,0,8,F8,FF,FF,FF,E0,00,48,53,
68130888,00000100,false,Rx,0,8,5A,00,00,00,E0,00,45,21,
68131890,00000120,false,Rx,0,8,E7,FF,FF,FF,E0,00,4A,3C,
68131891,00000110,false,Rx,0,8,62,00,00,00,00,00,08,59,
68132890,00000130,false,Rx,0,8,F8,FF,FF,FF,F0,00,45,93,
68132891,00000100,false,Rx,0,8,88,00,00,00,F0,00,5A,93,
68132892,00000120,false,Rx,0,8,E7,FF,FF,FF,F0,00,47,FC,
68134128,00000110,false,Rx,0,8,34,00,00,00,10,00,09,AF,
68134129,00000050,false,Rx,0,6,41,5C,FF,FB,5F,FF,00,00,
68134130,00000130,false,Rx,0,8,EB,95,FF,FF,03,80,1A,69,
68135149,00000100,false,Rx,0,8,88,00,00,00,00,00,1E,93,
68135150,00000120,false,Rx,0,8,E7,FF,FF,FF,00,00,03,FC,
68136277,00000110,false,Rx,0,8,34,00,00,00,20,00,1D,AF,
68136278,00000130,false,Rx,0,8,95,00,00,00,10,00,10,DE,
68137263,00000100,false,Rx,0,8,71,00,00,00,10,00,07,3A,
68137264,00000120,false,Rx,0,8,E7,FF,FF,FF,10,00,0E,3C,
68138274,00000110,false,Rx,0,8,4B,00,00,00,30,00,1B,A0,
68138275,00000130,false,Rx,0,8,18,00,00,00,20,00,1A,03,
68139256,00000100,false,Rx,0,8,71,00,00,00,20,00,13,3A,
68139257,00000120,false,Rx,0,8,04,00,00,00,20,00,18,5F,
68140407,00000110,false,Rx,0,8,4B,00,00,00,40,00,3E,60,
68140408,00000130,false,Rx,0,8,B9,FF,FF,FF,30,00,1A,82,
68141388,00000100,false,Rx,0,8,5A,00,00,00,30,00,18,E1,
68141389,00000120,false,Rx,0,8,04,00,00,00,30,00,15,9F,
68142396,00000110,false,Rx,0,8,79,00,00,00,50,00,37,B2,
68142397,00000130,false,Rx,0,8,F8,FF,FF,FF,40,00,30,53,
68143378,00000100,false,Rx,0,8,5A,00,00,00,40,00,3D,21,
68143380,00000120,false,Rx,0,8,3D,00,00,00,40,00,35,36,
68144534,00000110,false,Rx,0,8,79,00,00,00,60,00,23,B2,
68144535,00000130,false,Rx,0,8,F8,FF,FF,FF,50,00,3D,93,
68145534,00000100,false,Rx,0,8,5A,00,00,00,50,00,30,E1,
68145535,00000120,false,Rx,0,8,3D,00,00,00,50,00,38,F6,
68146512,00000110,false,Rx,0,8,79,00,00,00,70,00,2E,72,
68146513,00000130,false,Rx,0,8,18,00,00,00,60,00,2B,C3,
68147512,00000100,false,Rx,0,8,71,00,00,00,60,00,22,FA,
68147513,00000120,false,Rx,0,8,04,00,00,00,60,00,29,9F,
68148511,00000110,false,Rx,0,8,79,00,00,00,80,00,6A,72,
68148512,00000130,false,Rx,0,8,D9,FF,FF,FF,70,00,22,E2,
68149621,00000100,false,Rx,0,8,71,00,00,00,70,00,2F,3A,
68149622,00000140,false,Rx,0,8,01,00,FF,FF,40,00,30,2E,
68149623,00000120,false,Rx,0,8,04,00,00,00,70,00,24,5F,
68150621,00000110,false,Rx,0,8,62,00,00,00,90,00,64,59,
68150623,00000130,false,Rx,0,8,18,00,00,00,80,00,62,03,
68151622,00000100,false,Rx,0,8,71,00,00,00,80,00,6B,3A,
68151623,00000120,false,Rx,0,8,CB,FF,FF,FF,80,00,65,90,
68152784,00000110,false,Rx,0,8,62,00,00,00,A0,00,70,59,
68152786,00000130,false,Rx,0,8,37,00,00,00,90,00,68,5C,
68152786,00000100,false,Rx,0,8,9F,00,00,00,90,00,71,B4,
68154521,00000120,false,Rx,0,8,CB,FF,FF,FF,90,00,68,50,
68154522,00000110,false,Rx,0,8,34,00,00,00,B0,00,71,AF,
68154522,00000050,false,Rx,0,6,41,5C,FF,FB,5F,FF,00,00,
68155513,00000130,false,Rx,0,8,4C,BA,F5,FF,A3,80,AD,60,
68155515,00000100,false,Rx,0,8,88,00,00,00,A0,00,66,93,
68156514,00000120,false,Rx,0,8,04,00,00,00,A0,00,79,9F,
68156515,00000110,false,Rx,0,8,34,00,00,00,C0,00,54,6F,
68157635,00000130,false,Rx,0,8,B5,00,00,00,B0,00,6F,BE,
68157636,00000100,false,Rx,0,8,71,00,00,00,B0,00,7F,3A,
68158625,00000120,false,Rx,0,8,04,00,00,00,B0,00,74,5F,
68158626,00000110,false,Rx,0,8,62,00,00,00,D0,00,55,99,
68158627,00000170,false,Rx,0,8,00,00,00,53,50,81,05,6A,
68159635,00000130,false,Rx,0,8,F8,FF,FF,FF,C0,00,51,93,
68159636,00000100,false,Rx,0,8,71,00,00,00,C0,00,5A,FA,
68160622,00000120,false,Rx,0,8,04,00,00,00,C0,00,51,9F,
68160624,00000110,false,Rx,0,8,62,00,00,00,E0,00,41,99,
68161785,00000130,false,Rx,0,8,18,00,00,00,D0,00,5E,03,
68161786,00000100,false,Rx,0,8,5A,00,00,00,D0,00,51,21,
68162764,00000120,false,Rx,0,8,04,00,00,00,D0,00,5C,5F,
68162765,00000110,false,Rx,0,8,79,00,00,00,F0,00,4F,B2,
68163762,00000130,false,Rx,0,8,F8,FF,FF,FF,E0,00,48,53,
68163763,00000100,false,Rx,0,8,43,00,00,00,E0,00,47,28,
68164762,00000120,false,Rx,0,8,3D,00,00,00,E0,00,4D,36,
68164763,00000110,false,Rx,0,8,79,00,00,00,00,00,0B,B2,
68165756,00000130,false,Rx,0,8,F8,FF,FF,FF,F0,00,45,93,
68165757,00000100,false,Rx,0,8,5A,00,00,00,F0,00,48,E1,
68166910,00000120,false,Rx,0,8,3D,00,00,00,F0,00,40,F6,
68166911,00000110,false,Rx,0,8,79,00,00,00,10,00,06,72,
68167908,00000130,false,Rx,0,8,18,00,00,00,00,00,03,C3,
68167910,00000100,false,Rx,0,8,5A,00,00,00,00,00,0C,E1,
68168889,00000120,false,Rx,0,8,04,00,00,00,00,00,01,9F,
68168891,00000110,false,Rx,0,8,79,00,00,00,20,00,12,72,
68169878,00000130,false,Rx,0,8,D9,FF,FF,FF,10,00,0A,E2,
68169880,00000100,false,Rx,0,8,71,00,00,00,10,00,07,3A,
68169880,00000140,false,Rx,0,8,01,00,FF,FF,50,00,3D,EE,
68171033,00000120,false,Rx,0,8,04,00,00,00,10,00,0C,5F,
68171035,00000110,false,Rx,0,8,62,00,00,00,30,00,1C,59,
68172014,00000130,false,Rx,0,8,F8,FF,FF,FF,20,00,18,53,
68172015,00000100,false,Rx,0,8,88,00,00,00,20,00,07,53,
68173012,00000120,false,Rx,0,8,E7,FF,FF,FF,20,00,1A,3C,
68173014,00000110,false,Rx,0,8,62,00,00,00,40,00,39,99,
68174014,00000130,false,Rx,0,8,D9,FF,FF,FF,30,00,13,22,
68174015,00000100,false,Rx,0,8,9F,00,00,00,30,00,09,B4,
68174016,00000120,false,Rx,0,8,E7,FF,FF,FF,30,00,17,FC,
68175261,00000110,false,Rx,0,8,62,00,00,00,50,00,34,59,
68175262,00000050,false,Rx,0,6,41,5C,FF,FB,5F,FF,00,00,
68175263,00000130,false,Rx,0,8,4D,21,00,00,43,80,83,51,
68176280,00000100,false,Rx,0,8,88,00,00,00,40,00,2F,53,
68176281,00000120,false,Rx,0,8,04,00,00,00,40,00,30,5F,
68177410,00000110,false,Rx,0,8,62,00,00,00,60,00,20,59,
68177411,00000130,false,Rx,0,8,F8,FF,FF,FF,50,00,3D,93,
68178388,00000100,false,Rx,0,8,88,00,00,00,50,00,22,93,
68178390,00000120,false,Rx,0,8,04,00,00,00,50,00,3D,9F,
68179390,00000110,false,Rx,0,8,62,00,00,00,70,00,2D,99,
68179391,00000130,false,Rx,0,8,18,00,00,00,60,00,2B,C3,
68180515,00000100,false,Rx,0,8,71,00,00,00,60,00,22,FA,
68180517,00000120,false,Rx,0,8,04,00,00,00,60,00,29,9F,
68181506,00000110,false,Rx,0,8,62,00,00,00,80,00,69,99,
68181508,00000130,false,Rx,0,8,B9,FF,FF,FF,70,00,2B,42,
68182514,00000100,false,Rx,0,8,5A,00,00,00,70,00,29,21,
68182515,00000120,false,Rx,0,8,04,00,00,00,70,00,24,5F,
68183522,00000110,false,Rx,0,8,79,00,00,00,90,00,67,B2,
68183523,00000130,false,Rx,0,8,18,00,00,00,80,00,62,03,
68184634,00000100,false,Rx,0,8,43,00,00,00,80,00,6F,28,
68184635,00000120,false,Rx,0,8,20,00,00,00,80,00,66,BB,
68185623,00000110,false,Rx,0,8,79,00,00,00,A0,00,73,B2,
68185625,00000130,false,Rx,0,8,F8,FF,FF,FF,90,00,6D,93,
68186620,00000100,false,Rx,0,8,5A,00,00,00,90,00,60,E1,
68186621,00000120,false,Rx,0,8,20,00,00,00,90,00,6B,7B,
68187635,00000110,false,Rx,0,8,79,00,00,00,B0,00,7E,72,
68187636,00000130,false,Rx,0,8,18,00,00,00,A0,00,7B,C3,
68188655,00000100,false,Rx,0,8,71,00,00,00,A0,00,72,FA,
68188656,00000120,false,Rx,0,8,04,00,00,00,A0,00,79,9F,
68189791,00000110,false,Rx,0,8,79,00,00,00,C0,00,5B,B2,
68189792,00000130,false,Rx,0,8,F8,FF,FF,FF,B0,00,74,53,
68190783,00000100,false,Rx,0,8,71,00,00,00,B0,00,7F,3A,
68190785,00000140,false,Rx,0,8,01,00,FF,FF,60,00,29,EE,
68190785,00000120,false,Rx,0,8,04,00,00,00,B0,00,74,5F,
68191763,00000110,false,Rx,0,8,4B,00,00,00,D0,00,52,60,
68191764,00000130,false,Rx,0,8,18,00,00,00,C0,00,53,C3,
68192753,00000100,false,Rx,0,8,88,00,00,00,C0,00,4E,93,
68192754,00000120,false,Rx,0,8,CB,FF,FF,FF,C0,00,54,50,
68193909,00000110,false,Rx,0,8,4B,00,00,00,E0,00,46,60,
68193911,00000130,false,Rx,0,8,F8,FF,FF,FF,D0,00,5C,53,
68194909,00000100,false,Rx,0,8,9F,00,00,00,D0,00,40,74,
68194910,00000120,false,Rx,0,8,CB,FF,FF,FF,D0,00,59,90,
68194911,00000110,false,Rx,0,8,79,00,00,00,F0,00,4F,B2,
68196019,00000050,false,Rx,0,6,41,5C,FF,FB,5F,FF,00,00,
68196020,00000130,false,Rx,0,8,D8,34,03,00,E3,80,EB,D3,
68196020,00000100,false,Rx,0,8,71,00,00,00,E0,00,43,3A,
68197635,00000120,false,Rx,0,8,04,00,00,00,E0,00,48,5F,
68197636,00000110,false,Rx,0,8,79,00,00,00,00,00,0B,B2,
68198755,00000130,false,Rx,0,8,F8,FF,FF,FF,F0,00,45,93,
68198756,00000100,false,Rx,0,8,5A,00,00,00,F0,00,48,E1,
68199757,00000120,false,Rx,0,8,04,00,00,00,F0,00,45,9F,
68199758,00000110,false,Rx,0,8,62,00,00,00,10,00,05,99,
68200757,00000130,false,Rx,0,8,F8,FF,FF,FF,00,00,01,93,
68200758,00000100,false,Rx,0,8,5A,00,00,00,00,00,0C,E1,
68201910,00000120,false,Rx,0,8,04,00,00,00,00,00,01,9F,
68201911,00000110,false,Rx,0,8,62,00,00,00,20,00,11,99,
68202912,00000130,false,Rx,0,8,D9,FF,FF,FF,10,00,0A,E2,
68202913,00000100,false,Rx,0,8,5A,00,00,00,10,00,01,21,
68203914,00000120,false,Rx,0,8,04,00,00,00,10,00,0C,5F,
68203916,00000110,false,Rx,0,8,90,00,00,00,30,00,09,4B,
68204888,00000130,false,Rx,0,8,F8,FF,FF,FF,20,00,18,53,
68204889,00000100,false,Rx,0,8,43,00,00,00,20,00,17,28,
68205879,00000120,false,Rx,0,8,20,00,00,00,20,00,1E,BB,
68205880,00000110,false,Rx,0,8,90,00,00,00,40,00,2C,8B,
68207012,00000130,false,Rx,0,8,F8,FF,FF,FF,30,00,15,93,
68207013,00000100,false,Rx,0,8,43,00,00,00,30,00,1A,E8,
68208036,00000120,false,Rx,0,8,20,00,00,00,30,00,13,7B,
68208037,00000110,false,Rx,0,8,79,00,00,00,50,00,37,B2,
68209043,00000130,false,Rx,0,8,18,00,00,00,40,00,32,03,
68209044,00000100,false,Rx,0,8,5A,00,00,00,40,00,3D,21,
68210012,00000120,false,Rx,0,8,E7,FF,FF,FF,40,00,32,3C,
68210013,00000110,false,Rx,0,8,79,00,00,00,60,00,23,B2,
68211002,00000130,false,Rx,0,8,37,00,00,00,50,00,38,5C,
68211003,00000100,false,Rx,0,8,71,00,00,00,50,00,36,FA,
68211004,00000140,false,Rx,0,8,01,00,FF,FF,70,00,24,2E,
68212162,00000120,false,Rx,0,8,E7,FF,FF,FF,50,00,3F,FC,
68212163,00000110,false,Rx,0,8,34,00,00,00,70,00,21,AF,
68213131,00000130,false,Rx,0,8,F8,FF,FF,FF,60,00,29,93,
68213132,00000100,false,Rx,0,8,88,00,00,00,60,00,36,93,
68214132,00000120,false,Rx,0,8,CB,FF,FF,FF,60,00,2C,50,
68214134,00000110,false,Rx,0,8,34,00,00,00,80,00,65,AF,
68215128,00000130,false,Rx,0,8,F8,FF,FF,FF,70,00,24,53,
68215130,00000100,false,Rx,0,8,9F,00,00,00,70,00,38,74,
68215130,00000120,false,Rx,0,8,CB,FF,FF,FF,70,00,21,90,
68216385,00000110,false,Rx,0,8,4B,00,00,00,90,00,63,A0,
68216387,00000050,false,Rx,0,6,41,5C,FF,FB,5F,FF,00,00,
68216387,00000130,false,Rx,0,8,EB,95,FF,FF,83,80,7B,A9,
68217385,00000100,false,Rx,0,8,71,00,00,00,80,00,6B,3A,
68217387,00000120,false,Rx,0,8,04,00,00,00,80,00,60,5F,
68218533,00000110,false,Rx,0,8,4B,00,00,00,A0,00,77,A0,
68218534,00000130,false,Rx,0,8,95,00,00,00,90,00,71,1E,
68219505,00000100,false,Rx,0,8,71,00,00,00,90,00,66,FA,
68219506,00000120,false,Rx,0,8,04,00,00,00,90,00,6D,9F,
68220505,00000110,false,Rx,0,8,62,00,00,00,B0,00,7D,99,
68220507,00000130,false,Rx,0,8,F8,FF,FF,FF,A0,00,79,93,
68221624,00000100,false,Rx,0,8,5A,00,00,00,A0,00,74,E1,
68221625,00000120,false,Rx,0,8,04,00,00,00,A0,00,79,9F,
68222619,00000110,false,Rx,0,8,62,00,00,00,C0,00,58,59,
68222621,00000130,false,Rx,0,8,D9,FF,FF,FF,B0,00,72,E2,
68223618,00000100,false,Rx,0,8,43,00,00,00,B0,00,7B,28,
68223620,00000120,false,Rx,0,8,04,00,00,00,B0,00,74,5F,
68224613,00000110,false,Rx,0,8,90,00,00,00,D0,00,40,8B,
68224614,00000130,false,Rx,0,8,D9,FF,FF,FF,C0,00,57,22,
68225728,00000100,false,Rx,0,8,43,00,00,00,C0,00,5E,E8,
68225729,00000120,false,Rx,0,8,20,00,00,00,C0,00,57,7B,
68226727,00000110,false,Rx,0,8,90,00,00,00,E0,00,54,8B,
68226727,00000130,false,Rx,0,8,F8,FF,FF,FF,D0,00,5C,53,
68227724,00000100,false,Rx,0,8,71,00,00,00,D0,00,57,3A,
68227725,00000120,false,Rx,0,8,20,00,00,00,D0,00,5A,BB,
68228725,00000110,false,Rx,0,8,62,00,00,00,F0,00,4C,59,
68228726,00000130,false,Rx,0,8,18,00,00,00,E0,00,4A,03,
68229849,00000100,false,Rx,0,8,5A,00,00,00,E0,00,45,21,
68229850,00000120,false,Rx,0,8,04,00,00,00,E0,00,48,5F,
68230852,00000110,false,Rx,0,8,62,00,00,00,00,00,08,59,
68230853,00000130,false,Rx,0,8,B9,FF,FF,FF,F0,00,4A,82,
68231852,00000100,false,Rx,0,8,88,00,00,00,F0,00,5A,93,
68231852,00000140,false,Rx,0,8,01,00,FF,FF,80,00,60,2E,
68231853,00000120,false,Rx,0,8,04,00,00,00,F0,00,45,9F,
68232852,00000110,false,Rx,0,8,4B,00,00,00,10,00,02,60,
68232853,00000130,false,Rx,0,8,F8,FF,FF,FF,00,00,01,93,
68233852,00000100,false,Rx,0,8,9F,00,00,00,00,00,1D,B4,
68233853,00000120,false,Rx,0,8,CB,FF,FF,FF,00,00,04,50,
68234977,00000110,false,Rx,0,8,4B,00,00,00,20,00,16,60,
68234978,00000130,false,Rx,0,8,F8,FF,FF,FF,10,00,0C,53,
68235977,00000100,false,Rx,0,8,88,00,00,00,10,00,13,53,
68235977,00000120,false,Rx,0,8,CB,FF,FF,FF,10,00,09,90,
68235978,00000110,false,Rx,0,8,4B,00,00,00,30,00,1B,A0,
68237102,00000050,false,Rx,0,6,41,5C,FF,FB,5F,FF,00,00,
68237103,00000130,false,Rx,0,8,2C,BA,F5,FF,23,80,C5,00,
68237104,00000100,false,Rx,0,8,71,00,00,00,20,00,13,3A,
68238727,00000120,false,Rx,0,8,04,00,00,00,20,00,18,5F,
68238728,00000110,false,Rx,0,8,4B,00,00,00,40,00,3E,60,
68238729,00000210,false,Rx,0,8,75,69,00,05,06,5F,01,03,
68239851,00000130,false,Rx,0,8,95,00,00,00,30,00,09,1E,
68239852,00000100,false,Rx,0,8,5A,00,00,00,30,00,18,E1,
68240852,00000120,false,Rx,0,8,04,00,00,00,30,00,15,9F,
68240852,00000110,false,Rx,0,8,62,00,00,00,50,00,34,59,
68241852,00000130,false,Rx,0,8,F8,FF,FF,FF,40,00,30,53,
68241853,00000100,false,Rx,0,8,5A,00,00,00,40,00,3D,21,
68242851,00000120,false,Rx,0,8,20,00,00,00,40,00,36,BB,
68242852,00000110,false,Rx,0,8,62,00,00,00,60,00,20,59,
68243976,00000130,false,Rx,0,8,18,00,00,00,50,00,3F,C3,
68243977,00000100,false,Rx,0,8,43,00,00,00,50,00,32,E8,
68244976,00000120,false,Rx,0,8,20,00,00,00,50,00,3B,7B,
68244977,00000110,false,Rx,0,8,90,00,00,00,70,00,38,8B,
68245976,00000130,false,Rx,0,8,18,00,00,00,60,00,2B,C3,
68245977,00000100,false,Rx,0,8,43,00,00,00,60,00,26,E8,
68246977,00000120,false,Rx,0,8,20,00,00,00,60,00,2F,7B,
68246977,00000110,false,Rx,0,8,90,00,00,00,80,00,7C,8B,
68248102,00000130,false,Rx,0,8,F8,FF,FF,FF,70,00,24,53,
68248103,00000100,false,Rx,0,8,71,00,00,00,70,00,2F,3A,
68249102,00000120,false,Rx,0,8,20,00,00,00,70,00,22,BB,
68249103,00000110,false,Rx,0,8,62,00,00,00,90,00,64,59,
68250102,00000130,false,Rx,0,8,18,00,00,00,80,00,62,03,
68250103,00000100,false,Rx,0,8,71,00,00,00,80,00,6B,3A,
68251101,00000120,false,Rx,0,8,E7,FF,FF,FF,80,00,62,3C,
68251103,00000110,false,Rx,0,8,62,00,00,00,A0,00,70,59,
68252101,00000130,false,Rx,0,8,F8,FF,FF,FF,90,00,6D,93,
68252101,00000100,false,Rx,0,8,88,00,00,00,90,00,72,93,
68252102,00000140,false,Rx,0,8,01,00,FF,FF,90,00,6D,EE,
68253226,00000120,false,Rx,0,8,E7,FF,FF,FF,90,00,6F,FC,
68253227,00000110,false,Rx,0,8,34,00,00,00,B0,00,71,AF,
68254226,00000130,false,Rx,0,8,F8,FF,FF,FF,A0,00,79,93,
68254227,00000100,false,Rx,0,8,9F,00,00,00,A0,00,65,B4,
68255226,00000120,false,Rx,0,8,CB,FF,FF,FF,A0,00,7C,50,
68255227,00000110,false,Rx,0,8,34,00,00,00,C0,00,54,6F,
68256226,00000130,false,Rx,0,8,F8,FF,FF,FF,B0,00,74,53,
68256227,00000100,false,Rx,0,8,71,00,00,00,B0,00,7F,3A,
68256228,00000120,false,Rx,0,8,CB,FF,FF,FF,B0,00,71,90,
68257476,00000110,false,Rx,0,8,90,00,00,00,D0,00,40,8B,
68257477,00000050,false,Rx,0,6,41,5C,FF,FB,5F,FF,00,00,
68257477,00000130,false,Rx,0,8,4D,21,00,00,C3,80,E2,91,
68258611,00000100,false,Rx,0,8,5A,00,00,00,C0,00,5C,E1,
68258611,00000120,false,Rx,0,8,04,00,00,00,C0,00,51,9F,
68259612,00000110,false,Rx,0,8,90,00,00,00,E0,00,54,8B,
68259612,00000130,false,Rx,0,8,B9,FF,FF,FF,D0,00,53,42,
68260610,00000100,false,Rx,0,8,71,00,00,00,D0,00,57,3A,
68260611,00000120,false,Rx,0,8,04,00,00,00,D0,00,5C,5F,
68261726,00000110,false,Rx,0,8,79,00,00,00,F0,00,4F,B2,
68261727,00000170,false,Rx,0,8,00,00,00,54,50,81,05,9E,
68261728,00000130,false,Rx,0,8,D9,FF,FF,FF,E0,00,4E,E2,
68262726,00000100,false,Rx,0,8,5A,00,00,00,E0,00,45,21,
68262727,00000120,false,Rx,0,8,20,00,00,00,E0,00,4E,BB,
68263726,00000110,false,Rx,0,8,79,00,00,00,00,00,0B,B2,
68263727,00000130,false,Rx,0,8,F8,FF,FF,FF,F0,00,45,93,
68264725,00000100,false,Rx,0,8,43,00,00,00,F0,00,4A,E8,
68264726,00000120,false,Rx,0,8,20,00,00,00,F0,00,43,7B,
68265725,00000110,false,Rx,0,8,79,00,00,00,10,00,06,72,
68265726,00000130,false,Rx,0,8,F8,FF,FF,FF,00,00,01,93,
68266849,00000100,false,Rx,0,8,5A,00,00,00,00,00,0C,E1,
68266850,00000120,false,Rx,0,8,20,00,00,00,00,00,07,7B,
68267850,00000110,false,Rx,0,8,79,00,00,00,20,00,12,72,
68267851,00000130,false,Rx,0,8,18,00,00,00,10,00,0E,03,
68268889,00000100,false,Rx,0,8,5A,00,00,00,10,00,01,21,
68268890,00000120,false,Rx,0,8,20,00,00,00,10,00,0A,BB,
68269890,00000110,false,Rx,0,8,79,00,00,00,30,00,1F,B2,
68269891,00000130,false,Rx,0,8,F8,FF,FF,FF,20,00,18,53,
68271017,00000100,false,Rx,0,8,71,00,00,00,20,00,13,3A,
68271018,00000120,false,Rx,0,8,04,00,00,00,20,00,18,5F,
68272015,00000110,false,Rx,0,8,79,00,00,00,40,00,3A,72,
68272017,00000130,false,Rx,0,8,F8,FF,FF,FF,30,00,15,93,
68273006,00000100,false,Rx,0,8,71,00,00,00,30,00,1E,FA,
68273008,00000140,false,Rx,0,8,01,00,FF,FF,A0,00,79,EE,
68273008,00000120,false,Rx,0,8,04,00,00,00,30,00,15,9F,
68274006,00000110,false,Rx,0,8,34,00,00,00,50,00,38,6F,
68274007,00000130,false,Rx,0,8,D9,FF,FF,FF,40,00,36,E2,
68275127,00000100,false,Rx,0,8,9F,00,00,00,40,00,2C,74,
68275128,00000120,false,Rx,0,8,CB,FF,FF,FF,40,00,35,90,
68276130,00000110,false,Rx,0,8,34,00,00,00,60,00,2C,6F,
68276131,00000130,false,Rx,0,8,18,00,00,00,50,00,3F,C3,
68277100,00000100,false,Rx,0,8,71,00,00,00,50,00,36,FA,
68277102,00000120,false,Rx,0,8,CB,FF,FF,FF,50,00,38,50,
68277104,00000110,false,Rx,0,8,90,00,00,00,70,00,38,8B,
68278337,00000050,false,Rx,0,6,41,5C,FF,FB,5F,FF,00,00,
68278338,00000130,false,Rx,0,8,D8,34,03,00,63,80,8A,13,
68278339,00000100,false,Rx,0,8,71,00,00,00,60,00,22,FA,
68279880,00000120,false,Rx,0,8,04,00,00,00,60,00,29,9F,
68279881,00000110,false,Rx,0,8,90,00,00,00,80,00,7C,8B,
68281003,00000130,false,Rx,0,8,F8,FF,FF,FF,70,00,24,53,
68281005,00000100,false,Rx,0,8,5A,00,00,00,70,00,29,21,
68282004,00000120,false,Rx,0,8,04,00,00,00,70,00,24,5F,
68282005,00000110,false,Rx,0,8,79,00,00,00,90,00,67,B2,
68283002,00000130,false,Rx,0,8,37,00,00,00,80,00,65,9C,
68283003,00000100,false,Rx,0,8,5A,00,00,00,80,00,6D,21,
68284128,00000120,false,Rx,0,8,3D,00,00,00,80,00,65,36,
68284129,00000110,false,Rx,0,8,79,00,00,00,A0,00,73,B2,
68285127,00000130,false,Rx,0,8,18,00,00,00,90,00,6F,C3,
68285129,00000100,false,Rx,0,8,43,00,00,00,90,00,62,E8,
68286128,00000120,false,Rx,0,8,3D,00,00,00,90,00,68,F6,
68286130,00000110,false,Rx,0,8,62,00,00,00,B0,00,7D,99,
68287128,00000130,false,Rx,0,8,18,00,00,00,A0,00,7B,C3,
68287129,00000100,false,Rx,0,8,5A,00,00,00,A0,00,74,E1,
68288129,00000120,false,Rx,0,8,04,00,00,00,A0,00,79,9F,
68288130,00000110,false,Rx,0,8,62,00,00,00,C0,00,58,59,
68289254,00000130,false,Rx,0,8,F8,FF,FF,FF,B0,00,74,53,
68289255,00000100,false,Rx,0,8,71,00,00,00,B0,00,7F,3A,
68290342,00000120,false,Rx,0,8,04,00,00,00,B0,00,74,5F,
68290342,00000110,false,Rx,0,8,62,00,00,00,D0,00,55,99,
68291252,00000130,false,Rx,0,8,F8,FF,FF,FF,C0,00,51,93,
68291254,00000100,false,Rx,0,8,88,00,00,00,C0,00,4E,93,
68292252,00000120,false,Rx,0,8,CB,FF,FF,FF,C0,00,54,50,
68292253,00000110,false,Rx,0,8,62,00,00,00,E0,00,41,99,
68293378,00000130,false,Rx,0,8,18,00,00,00,D0,00,5E,03,
68293379,00000100,false,Rx,0,8,9F,00,00,00,D0,00,40,74,
68293380,00000140,false,Rx,0,8,01,00,FF,FF,B0,00,74,2E,
68294379,00000120,false,Rx,0,8,CB,FF,FF,FF,D0,00,59,90,
68294380,00000110,false,Rx,0,8,1D,00,00,00,F0,00,47,96,
68295376,00000130,false,Rx,0,8,18,00,00,00,E0,00,4A,03,
68295378,00000100,false,Rx,0,8,88,00,00,00,E0,00,57,53,
68296376,00000120,false,Rx,0,8,E7,FF,FF,FF,E0,00,4A,3C,
68296377,00000110,false,Rx,0,8,1D,00,00,00,00,00,03,96,
68297503,00000130,false,Rx,0,8,18,00,00,00,F0,00,47,C3,
68297504,00000100,false,Rx,0,8,71,00,00,00,F0,00,4E,FA,
68297504,00000120,false,Rx,0,8,E7,FF,FF,FF,F0,00,47,FC,
68298613,00000110,false,Rx,0,8,62,00,00,00,10,00,05,99,
68298615,00000050,false,Rx,0,6,41,5C,FF,FB,5F,FF,00,00,
68298615,00000130,false,Rx,0,8,EB,95,FF,FF,03,80,1A,69,
68299749,00000100,false,Rx,0,8,71,00,00,00,00,00,0A,FA,
68299750,00000120,false,Rx,0,8,04,00,00,00,00,00,01,9F,
68300749,00000110,false,Rx,0,8,62,00,00,00,20,00,11,99,
68300750,00000130,false,Rx,0,8,95,00,00,00,10,00,10,DE,
68301750,00000100,false,Rx,0,8,5A,00,00,00,10,00,01,21,
68301751,00000120,false,Rx,0,8,04,00,00,00,10,00,0C,5F,
68302876,00000110,false,Rx,0,8,90,00,00,00,30,00,09,4B,
68302877,00000130,false,Rx,0,8,D9,FF,FF,FF,20,00,1E,E2,
68303875,00000100,false,Rx,0,8,43,00,00,00,20,00,17,28,
68303876,00000120,false,Rx,0,8,20,00,00,00,20,00,1E,BB,
68304875,00000110,false,Rx,0,8,90,00,00,00,40,00,2C,8B,
68304877,00000130,false,Rx,0,8,F8,FF,FF,FF,30,00,15,93,
68305871,00000100,false,Rx,0,8,43,00,00,00,30,00,1A,E8,
68305872,00000120,false,Rx,0,8,20,00,00,00,30,00,13,7B,
68306873,00000110,false,Rx,0,8,62,00,00,00,50,00,34,59,
68306874,00000130,false,Rx,0,8,F8,FF,FF,FF,40,00,30,53,
68307998,00000100,false,Rx,0,8,5A,00,00,00,40,00,3D,21,
68307999,00000120,false,Rx,0,8,04,00,00,00,40,00,30,5F,
68308998,00000110,false,Rx,0,8,62,00,00,00,60,00,20,59,
68308999,00000130,false,Rx,0,8,F8,FF,FF,FF,50,00,3D,93,
68309984,00000100,false,Rx,0,8,71,00,00,00,50,00,36,FA,
68309985,00000120,false,Rx,0,8,04,00,00,00,50,00,3D,9F,
68311002,00000110,false,Rx,0,8,4B,00,00,00,70,00,2A,60,
68311003,00000130,false,Rx,0,8,F8,FF,FF,FF,60,00,29,93,
68312128,00000100,false,Rx,0,8,88,00,00,00,60,00,36,93,
68312129,00000120,false,Rx,0,8,AE,FF,FF,FF,60,00,25,A5,
68313128,00000110,false,Rx,0,8,4B,00,00,00,80,00,6E,60,
68313130,00000130,false,Rx,0,8,F8,FF,FF,FF,70,00,24,53,
68314127,00000100,false,Rx,0,8,B6,00,00,00,70,00,3F,8D,
68314128,00000140,false,Rx,0,8,01,00,FF,FF,C0,00,51,EE,
68314128,00000120,false,Rx,0,8,AE,FF,FF,FF,70,00,28,65,
68315125,00000110,false,Rx,0,8,34,00,00,00,90,00,68,6F,
68315126,00000130,false,Rx,0,8,18,00,00,00,80,00,62,03,
68316251,00000100,false,Rx,0,8,88,00,00,00,80,00,7F,53,
68316252,00000120,false,Rx,0,8,04,00,00,00,80,00,60,5F,
68317283,00000110,false,Rx,0,8,34,00,00,00,A0,00,7C,6F,
68317284,00000130,false,Rx,0,8,18,00,00,00,90,00,6F,C3,
68318227,00000100,false,Rx,0,8,71,00,00,00,90,00,66,FA,
68318228,00000120,false,Rx,0,8,04,00,00,00,90,00,6D,9F,
68318229,00000110,false,Rx,0,8,62,00,00,00,B0,00,7D,99,
68319370,00000050,false,Rx,0,6,41,5C,FF,FB,5F,FF,00,00,
68319371,00000130,false,Rx,0,8,4C,BA,F5,FF,A3,80,AD,60,
68319372,00000100,false,Rx,0,8,71,00,00,00,A0,00,72,FA,
68321127,00000120,false,Rx,0,8,04,00,00,00,A0,00,79,9F,
68321128,00000110,false,Rx,0,8,62,00,00,00,C0,00,58,59,
68322128,00000130,false,Rx,0,8,95,00,00,00,B0,00,68,DE,
68322130,00000100,false,Rx,0,8,43,00,00,00,B0,00,7B,28,
68323128,00000120,false,Rx,0,8,04,00,00,00,B0,00,74,5F,
68323129,00000110,false,Rx,0,8,90,00,00,00,D0,00,40,8B,
68324159,00000130,false,Rx,0,8,B9,FF,FF,FF,C0,00,5E,82,
68324161,00000100,false,Rx,0,8,43,00,00,00,C0,00,5E,E8,
68325282,00000120,false,Rx,0,8,20,00,00,00,C0,00,57,7B,
68325283,00000110,false,Rx,0,8,90,00,00,00,E0,00,54,8B,
68326280,00000130,false,Rx,0,8,F8,FF,FF,FF,D0,00,5C,53,
68326281,00000100,false,Rx,0,8,5A,00,00,00,D0,00,51,21,
68327251,00000120,false,Rx,0,8,20,00,00,00,D0,00,5A,BB,
68327252,00000110,false,Rx,0,8,79,00,00,00,F0,00,4F,B2,
68328260,00000130,false,Rx,0,8,D9,FF,FF,FF,E0,00,4E,E2,
68328262,00000100,false,Rx,0,8,71,00,00,00,E0,00,43,3A,
68329408,00000120,false,Rx,0,8,04,00,00,00,E0,00,48,5F,
68329410,00000110,false,Rx,0,8,79,00,00,00,00,00,0B,B2,
68330404,00000130,false,Rx,0,8,18,00,00,00,F0,00,47,C3,
68330405,00000100,false,Rx,0,8,71,00,00,00,F0,00,4E,FA,
68331409,00000120,false,Rx,0,8,04,00,00,00,F0,00,45,9F,
68331411,00000110,false,Rx,0,8,4B,00,00,00,10,00,02,60,
68332383,00000130,false,Rx,0,8,D9,FF,FF,FF,00,00,07,22,
68332384,00000100,false,Rx,0,8,88,00,00,00,00,00,1E,93,
68333532,00000120,false,Rx,0,8,CB,FF,FF,FF,00,00,04,50,
68333533,00000110,false,Rx,0,8,4B,00,00,00,20,00,16,60,
68334529,00000130,false,Rx,0,8,F8,FF,FF,FF,10,00,0C,53,
68334530,00000100,false,Rx,0,8,9F,00,00,00,10,00,10,74,
68334531,00000140,false,Rx,0,8,01,00,FF,FF,D0,00,5C,2E,
68335536,00000120,false,Rx,0,8,CB,FF,FF,FF,10,00,09,90,
68335538,00000110,false,Rx,0,8,4B,00,00,00,30,00,1B,A0,
68336510,00000130,false,Rx,0,8,37,00,00,00,20,00,1D,9C,
68336511,00000100,false,Rx,0,8,71,00,00,00,20,00,13,3A,
68337509,00000120,false,Rx,0,8,04,00,00,00,20,00,18,5F,
68337510,00000110,false,Rx,0,8,4B,00,00,00,40,00,3E,60,
68338627,00000130,false,Rx,0,8,18,00,00,00,30,00,17,C3,
68338628,00000100,false,Rx,0,8,71,00,00,00,30,00,1E,FA,
68338629,00000120,false,Rx,0,8,04,00,00,00,30,00,15,9F,
68339761,00000110,false,Rx,0,8,90,00,00,00,50,00,21,4B,
68339763,00000050,false,Rx,0,6,41,5C,FF,FB,5F,FF,00,00,
68339763,00000130,false,Rx,0,8,6C,21,00,00,43,80,85,E0,
68340906,00000100,false,Rx,0,8,5A,00,00,00,40,00,3D,21,
68340908,00000120,false,Rx,0,8,20,00,00,00,40,00,36,BB,
68341887,00000110,false,Rx,0,8,90,00,00,00,60,00,35,4B,
68341888,00000130,false,Rx,0,8,F8,FF,FF,FF,50,00,3D,93,
68342897,00000100,false,Rx,0,8,5A,00,00,00,50,00,30,E1,
68342898,00000120,false,Rx,0,8,20,00,00,00,50,00,3B,7B,
68344029,00000110,false,Rx,0,8,A7,00,00,00,70,00,3C,CC,
68344031,00000130,false,Rx,0,8,F8,FF,FF,FF,60,00,29,93,
68345005,00000100,false,Rx,0,8,43,00,00,00,60,00,26,E8,
68345007,00000120,false,Rx,0,8,20,00,00,00,60,00,2F,7B,
68346110,00000110,false,Rx,0,8,A7,00,00,00,80,00,78,CC,
68346112,00000130,false,Rx,0,8,F8,FF,FF,FF,70,00,24,53,
68347025,00000100,false,Rx,0,8,71,00,00,00,70,00,2F,3A,
68347026,00000120,false,Rx,0,8,20,00,00,00,70,00,22,BB,
68348132,00000110,false,Rx,0,8,79,00,00,00,90,00,67,B2,
68348133,00000130,false,Rx,0,8,18,00,00,00,80,00,62,03,
68349159,00000100,false,Rx,0,8,71,00,00,00,80,00,6B,3A,
68349161,00000120,false,Rx,0,8,E7,FF,FF,FF,80,00,62,3C,
68350135,00000110,false,Rx,0,8,79,00,00,00,A0,00,73,B2,
68350136,00000130,false,Rx,0,8,F8,FF,FF,FF,90,00,6D,93,
68351136,00000100,false,Rx,0,8,71,00,00,00,90,00,66,FA,
68351137,00000120,false,Rx,0,8,E7,FF,FF,FF,90,00,6F,FC,
68352128,00000110,false,Rx,0,8,4B,00,00,00,B0,00,7A,60,
68352129,00000130,false,Rx,0,8,F8,FF,FF,FF,A0,00,79,93,
68353279,00000100,false,Rx,0,8,9F,00,00,00,A0,00,65,B4,
68353280,00000120,false,Rx,0,8,CB,FF,FF,FF,A0,00,7C,50,
68354262,00000110,false,Rx,0,8,4B,00,00,00,C0,00,5F,A0,
68354264,00000130,false,Rx,0,8,F8,FF,FF,FF,B0,00,74,53,
68355261,00000100,false,Rx,0,8,88,00,00,00,B0,00,6B,53,
68355262,00000140,false,Rx,0,8,01,00,FF,FF,E0,00,48,2E,
68355262,00000120,false,Rx,0,8,CB,FF,FF,FF,B0,00,71,90,
68356276,00000110,false,Rx,0,8,4B,00,00,00,D0,00,52,60,
68356277,00000130,false,Rx,0,8,F8,FF,FF,FF,C0,00,51,93,
68357409,00000100,false,Rx,0,8,88,00,00,00,C0,00,4E,93,
68357410,00000120,false,Rx,0,8,E7,FF,FF,FF,C0,00,53,FC,
68358411,00000110,false,Rx,0,8,4B,00,00,00,E0,00,46,60,
68358412,00000130,false,Rx,0,8,18,00,00,00,D0,00,5E,03,
68359384,00000100,false,Rx,0,8,5A,00,00,00,D0,00,51,21,
68359386,00000120,false,Rx,0,8,E7,FF,FF,FF,D0,00,5E,3C,
68359386,00000110,false,Rx,0,8,90,00,00,00,F0,00,59,4B,
68360631,00000050,false,Rx,0,6,41,5C,FF,FB,5F,FF,00,00,
68360633,00000130,false,Rx,0,8,B8,34,03,00,E3,80,E2,73,
68360633,00000100,false,Rx,0,8,43,00,00,00,E0,00,47,28,
68362135,00000120,false,Rx,0,8,20,00,00,00,E0,00,4E,BB,
68362136,00000110,false,Rx,0,8,90,00,00,00,00,00,1D,4B,
68363350,00000130,false,Rx,0,8,D9,FF,FF,FF,F0,00,43,22,
68363351,00000100,false,Rx,0,8,43,00,00,00,F0,00,4A,E8,
68364261,00000120,false,Rx,0,8,20,00,00,00,F0,00,43,7B,
68364263,00000110,false,Rx,0,8,90,00,00,00,10,00,10,8B,
68364263,00000170,false,Rx,0,8,00,00,00,55,50,81,05,03,
68365382,00000130,false,Rx,0,8,D9,FF,FF,FF,00,00,07,22,
68365383,00000100,false,Rx,0,8,43,00,00,00,00,00,0E,E8,
68366406,00000120,false,Rx,0,8,04,00,00,00,00,00,01,9F,
68366407,00000110,false,Rx,0,8,90,00,00,00,20,00,04,8B,
68367387,00000130,false,Rx,0,8,F8,FF,FF,FF,10,00,0C,53,
68367388,00000100,false,Rx,0,8,71,00,00,00,10,00,07,3A,
68368383,00000120,false,Rx,0,8,04,00,00,00,10,00,0C,5F,
68368384,00000110,false,Rx,0,8,79,00,00,00,30,00,1F,B2,
68369374,00000130,false,Rx,0,8,F8,FF,FF,FF,20,00,18,53,
68369375,00000100,false,Rx,0,8,5A,00,00,00,20,00,15,21,
68370530,00000120,false,Rx,0,8,04,00,00,00,20,00,18,5F,
68370531,00000110,false,Rx,0,8,79,00,00,00,40,00,3A,72,
68371533,00000130,false,Rx,0,8,F8,FF,FF,FF,30,00,15,93,
68371535,00000100,false,Rx,0,8,88,00,00,00,30,00,0A,93,
68372507,00000120,false,Rx,0,8,04,00,00,00,30,00,15,9F,
68372508,00000110,false,Rx,0,8,34,00,00,00,50,00,38,6F,
68373500,00000130,false,Rx,0,8,F8,FF,FF,FF,40,00,30,53,
68373501,00000100,false,Rx,0,8,9F,00,00,00,40,00,2C,74,
68374633,00000120,false,Rx,0,8,CB,FF,FF,FF,40,00,35,90,
68374634,00000110,false,Rx,0,8,34,00,00,00,60,00,2C,6F,
68375632,00000130,false,Rx,0,8,F8,FF,FF,FF,50,00,3D,93,
68375633,00000100,false,Rx,0,8,88,00,00,00,50,00,22,93,
68375633,00000140,false,Rx,0,8,01,00,FF,FF,F0,00,45,EE,
68376631,00000120,false,Rx,0,8,CB,FF,FF,FF,50,00,38,50,
68376632,00000110,false,Rx,0,8,4B,00,00,00,70,00,2A,60,
68377622,00000130,false,Rx,0,8,D9,FF,FF,FF,60,00,2F,22,
68377623,00000100,false,Rx,0,8,71,00,00,00,60,00,22,FA,
68378786,00000120,false,Rx,0,8,04,00,00,00,60,00,29,9F,
68378787,00000110,false,Rx,0,8,4B,00,00,00,80,00,6E,60,
68379778,00000130,false,Rx,0,8,F8,FF,FF,FF,70,00,24,53,
68379779,00000100,false,Rx,0,8,71,00,00,00,70,00,2F,3A,
68379780,00000120,false,Rx,0,8,04,00,00,00,70,00,24,5F,
68380877,00000110,false,Rx,0,8,62,00,00,00,90,00,64,59,
68380878,00000050,false,Rx,0,6,41,5C,FF,FB,5F,FF,00,00,
68380879,00000130,false,Rx,0,8,EB,95,FF,FF,83,80,7B,A9,
68382032,00000100,false,Rx,0,8,5A,00,00,00,80,00,6D,21,
68382033,00000120,false,Rx,0,8,20,00,00,00,80,00,66,BB,
68383009,00000110,false,Rx,0,8,62,00,00,00,A0,00,70,59,
68383011,00000130,false,Rx,0,8,B5,00,00,00,90,00,76,7E,
68384002,00000100,false,Rx,0,8,43,00,00,00,90,00,62,E8,
68384004,00000120,false,Rx,0,8,20,00,00,00,90,00,6B,7B,
68385155,00000110,false,Rx,0,8,79,00,00,00,B0,00,7E,72,
68385157,00000130,false,Rx,0,8,18,00,00,00,A0,00,7B,C3,
68386156,00000100,false,Rx,0,8,5A,00,00,00,A0,00,74,E1,
68386158,00000120,false,Rx,0,8,04,00,00,00,A0,00,79,9F,
68387135,00000110,false,Rx,0,8,79,00,00,00,C0,00,5B,B2,
68387137,00000130,false,Rx,0,8,F8,FF,FF,FF,B0,00,74,53,
68388135,00000100,false,Rx,0,8,5A,00,00,00,B0,00,79,21,
68388136,00000120,false,Rx,0,8,04,00,00,00,B0,00,74,5F,
68389280,00000110,false,Rx,0,8,62,00,00,00,D0,00,55,99,
68389281,00000130,false,Rx,0,8,18,00,00,00,C0,00,53,C3,
68390249,00000100,false,Rx,0,8,71,00,00,00,C0,00,5A,FA,
68390251,00000120,false,Rx,0,8,E7,FF,FF,FF,C0,00,53,FC,
68391252,00000110,false,Rx,0,8,62,00,00,00,E0,00,41,99,
68391253,00000130,false,Rx,0,8,18,00,00,00,D0,00,5E,03,
68392249,00000100,false,Rx,0,8,9F,00,00,00,D0,00,40,74,
68392251,00000120,false,Rx,0,8,E7,FF,FF,FF,D0,00,5E,3C,
68393387,00000110,false,Rx,0,8,34,00,00,00,F0,00,40,6F,
68393388,00000130,false,Rx,0,8,F8,FF,FF,FF,E0,00,48,53,
68394411,00000100,false,Rx,0,8,B6,00,00,00,E0,00,53,8D,
68394413,00000120,false,Rx,0,8,E7,FF,FF,FF,E0,00,4A,3C,
68395387,00000110,false,Rx,0,8,34,00,00,00,00,00,04,6F,
68395388,00000130,false,Rx,0,8,D9,FF,FF,FF,F0,00,43,22,
68396385,00000100,false,Rx,0,8,88,00,00,00,F0,00,5A,93,
68396386,00000140,false,Rx,0,8,01,00,FF,FF,00,00,01,EE,
68396386,00000120,false,Rx,0,8,E7,FF,FF,FF,F0,00,47,FC,
68397529,00000110,false,Rx,0,8,62,00,00,00,10,00,05,99,
68397531,00000130,false,Rx,0,8,D9,FF,FF,FF,00,00,07,22,
68398531,00000100,false,Rx,0,8,71,00,00,00,00,00,0A,FA,
68398532,00000120,false,Rx,0,8,04,00,00,00,00,00,01,9F,
68399510,00000110,false,Rx,0,8,62,00,00,00,20,00,11,99,
68399511,00000130,false,Rx,0,8,F8,FF,FF,FF,10,00,0C,53,
68400510,00000100,false,Rx,0,8,5A,00,00,00,10,00,01,21,
68400511,00000120,false,Rx,0,8,04,00,00,00,10,00,0C,5F,
68400512,00000110,false,Rx,0,8,79,00,00,00,30,00,1F,B2,
68401778,00000050,false,Rx,0,6,41,5C,FF,FB,5F,FF,00,00,
68401779,00000130,false,Rx,0,8,0D,BA,F5,FF,23,80,C3,B1,
68401780,00000100,false,Rx,0,8,43,00,00,00,20,00,17,28,
68403405,00000120,false,Rx,0,8,20,00,00,00,20,00,1E,BB,
68403406,00000110,false,Rx,0,8,79,00,00,00,40,00,3A,72,
68404384,00000130,false,Rx,0,8,95,00,00,00,30,00,09,1E,
68404385,00000100,false,Rx,0,8,43,00,00,00,30,00,1A,E8,
68405401,00000120,false,Rx,0,8,20,00,00,00,30,00,13,7B,
68405402,00000110,false,Rx,0,8,90,00,00,00,50,00,21,4B,
68406537,00000130,false,Rx,0,8,D9,FF,FF,FF,40,00,36,E2,
68406538,00000100,false,Rx,0,8,5A,00,00,00,40,00,3D,21,
68407531,00000120,false,Rx,0,8,04,00,00,00,40,00,30,5F,
68407532,00000110,false,Rx,0,8,90,00,00,00,60,00,35,4B,
68408501,00000130,false,Rx,0,8,B9,FF,FF,FF,50,00,32,82,
68408503,00000100,false,Rx,0,8,5A,00,00,00,50,00,30,E1,
68409513,00000120,false,Rx,0,8,04,00,00,00,50,00,3D,9F,
68409514,00000110,false,Rx,0,8,79,00,00,00,70,00,2E,72,
68410620,00000130,false,Rx,0,8,18,00,00,00,60,00,2B,C3,
68410622,00000100,false,Rx,0,8,71,00,00,00,60,00,22,FA,
68411623,00000120,false,Rx,0,8,E7,FF,FF,FF,60,00,2B,FC,
68411624,00000110,false,Rx,0,8,79,00,00,00,80,00,6A,72,
68412630,00000130,false,Rx,0,8,F8,FF,FF,FF,70,00,24,53,
68412631,00000100,false,Rx,0,8,88,00,00,00,70,00,3B,53,
68413637,00000120,false,Rx,0,8,E7,FF,FF,FF,70,00,26,3C,
68413638,00000110,false,Rx,0,8,1D,00,00,00,90,00,6F,96,
68414630,00000130,false,Rx,0,8,37,00,00,00,80,00,65,9C,
68414631,00000100,false,Rx,0,8,88,00,00,00,80,00,7F,53,
68415785,00000120,false,Rx,0,8,E7,FF,FF,FF,80,00,62,3C,
68415786,00000110,false,Rx,0,8,1D,00,00,00,A0,00,7B,96,
68416781,00000130,false,Rx,0,8,D9,FF,FF,FF,90,00,6B,22,
68416782,00000100,false,Rx,0,8,88,00,00,00,90,00,72,93,
68416783,00000140,false,Rx,0,8,01,00,FF,FF,10,00,0C,2E,
68417759,00000120,false,Rx,0,8,E7,FF,FF,FF,90,00,6F,FC,
68417760,00000110,false,Rx,0,8,4B,00,00,00,B0,00,7A,60,
68418757,00000130,false,Rx,0,8,18,00,00,00,A0,00,7B,C3,
68418759,00000100,false,Rx,0,8,71,00,00,00,A0,00,72,FA,
68419911,00000120,false,Rx,0,8,04,00,00,00,A0,00,79,9F,
68419913,00000110,false,Rx,0,8,4B,00,00,00,C0,00,5F,A0,
68420908,00000130,false,Rx,0,8,37,00,00,00,B0,00,71,9C,
68420909,00000100,false,Rx,0,8,5A,00,00,00,B0,00,79,21,
68420910,00000120,false,Rx,0,8,04,00,00,00,B0,00,74,5F,
68421999,00000110,false,Rx,0,8,A7,00,00,00,D0,00,44,CC,
68422000,00000050,false,Rx,0,6,41,5C,FF,FB,5F,FF,00,00,
68422001,00000130,false,Rx,0,8,4D,21,00,00,C3,80,E2,91,
68423158,00000100,false,Rx,0,8,43,00,00,00,C0,00,5E,E8,
68423160,00000120,false,Rx,0,8,3D,00,00,00,C0,00,54,F6,
68424132,00000110,false,Rx,0,8,A7,00,00,00,E0,00,50,CC,
68424133,00000130,false,Rx,0,8,F8,FF,FF,FF,D0,00,5C,53,
68425130,00000100,false,Rx,0,8,43,00,00,00,D0,00,53,28,
68425132,00000120,false,Rx,0,8,3D,00,00,00,D0,00,59,36,
68426281,00000110,false,Rx,0,8,79,00,00,00,F0,00,4F,B2,
68426282,00000130,false,Rx,0,8,D9,FF,FF,FF,E0,00,4E,E2,
68427283,00000100,false,Rx,0,8,5A,00,00,00,E0,00,45,21,
68427284,00000120,false,Rx,0,8,04,00,00,00,E0,00,48,5F,
68428261,00000110,false,Rx,0,8,79,00,00,00,00,00,0B,B2,
68428262,00000130,false,Rx,0,8,F8,FF,FF,FF,F0,00,45,93,
68429249,00000100,false,Rx,0,8,71,00,00,00,F0,00,4E,FA,
68429250,00000120,false,Rx,0,8,04,00,00,00,F0,00,45,9F,
68430377,00000110,false,Rx,0,8,62,00,00,00,10,00,05,99,
68430378,00000130,false,Rx,0,8,F8,FF,FF,FF,00,00,01,93,
68431376,00000100,false,Rx,0,8,71,00,00,00,00,00,0A,FA,
68431377,00000120,false,Rx,0,8,E7,FF,FF,FF,00,00,03,FC,
68432378,00000110,false,Rx,0,8,62,00,00,00,20,00,11,99,
68432379,00000130,false,Rx,0,8,F8,FF,FF,FF,10,00,0C,53,
68433508,00000100,false,Rx,0,8,9F,00,00,00,10,00,10,74,
68433510,00000120,false,Rx,0,8,E7,FF,FF,FF,10,00,0E,3C,
68433510,00000110,false,Rx,0,8,1D,00,00,00,30,00,17,96,
68435260,00000130,false,Rx,0,8,18,00,00,00,20,00,1A,03,
68435262,00000100,false,Rx,0,8,9F,00,00,00,20,00,04,74,
68436257,00000120,false,Rx,0,8,E7,FF,FF,FF,20,00,1A,3C,
68436258,00000110,false,Rx,0,8,1D,00,00,00,40,00,32,56,
68437270,00000130,false,Rx,0,8,D9,FF,FF,FF,30,00,13,22,
68437272,00000100,false,Rx,0,8,71,00,00,00,30,00,1E,FA,
68437272,00000140,false,Rx,0,8,01,00,FF,FF,20,00,18,2E,
68438405,00000120,false,Rx,0,8,E7,FF,FF,FF,30,00,17,FC,
68438406,00000110,false,Rx,0,8,62,00,00,00,50,00,34,59,
68439407,00000130,false,Rx,0,8,F8,FF,FF,FF,40,00,30,53,
68439408,00000100,false,Rx,0,8,71,00,00,00,40,00,3B,3A,
68440414,00000120,false,Rx,0,8,E7,FF,FF,FF,40,00,32,3C,
68440415,00000110,false,Rx,0,8,62,00,00,00,60,00,20,59,
68441384,00000130,false,Rx,0,8,18,00,00,00,50,00,3F,C3,
68441385,00000100,false,Rx,0,8,5A,00,00,00,50,00,30,E1,
68441386,00000120,false,Rx,0,8,E7,FF,FF,FF,50,00,3F,FC,
68442632,00000110,false,Rx,0,8,A7,00,00,00,70,00,3C,CC,
68442633,00000050,false,Rx,0,6,41,5C,FF,FB,5F,FF,00,00,
68442634,00000130,false,Rx,0,8,D8,34,03,00,63,80,8A,13,
68443630,00000100,false,Rx,0,8,2C,00,00,00,60,00,2F,B7,
68443632,00000120,false,Rx,0,8,20,00,00,00,60,00,2F,7B,
68444782,00000110,false,Rx,0,8,A7,00,00,00,80,00,78,CC,
68444783,00000130,false,Rx,0,8,F8,FF,FF,FF,70,00,24,53,
68445776,00000100,false,Rx,0,8,5A,00,00,00,70,00,29,21,
68445777,00000120,false,Rx,0,8,20,00,00,00,70,00,22,BB,
68446757,00000110,false,Rx,0,8,79,00,00,00,90,00,67,B2,
68446758,00000130,false,Rx,0,8,18,00,00,00,80,00,62,03,
68447748,00000100,false,Rx,0,8,71,00,00,00,80,00,6B,3A,
68447750,00000120,false,Rx,0,8,04,00,00,00,80,00,60,5F,
68448908,00000110,false,Rx,0,8,79,00,00,00,A0,00,73,B2,
68448910,00000130,false,Rx,0,8,18,00,00,00,90,00,6F,C3,
68449905,00000100,false,Rx,0,8,71,00,00,00,90,00,66,FA,
68449907,00000120,false,Rx,0,8,04,00,00,00,90,00,6D,9F,
68450875,00000110,false,Rx,0,8,62,00,00,00,B0,00,7D,99,
68450876,00000130,false,Rx,0,8,F8,FF,FF,FF,A0,00,79,93,
68451889,00000100,false,Rx,0,8,88,00,00,00,A0,00,66,93,
68451891,00000120,false,Rx,0,8,CB,FF,FF,FF,A0,00,7C,50,
68453001,00000110,false,Rx,0,8,62,00,00,00,C0,00,58,59,
68453003,00000130,false,Rx,0,8,18,00,00,00,B0,00,76,03,
68454009,00000100,false,Rx,0,8,9F,00,00,00,B0,00,68,74,
68454011,00000120,false,Rx,0,8,CB,FF,FF,FF,B0,00,71,90,
68455009,00000110,false,Rx,0,8,1D,00,00,00,D0,00,5E,56,
68455011,00000130,false,Rx,0,8,F8,FF,FF,FF,C0,00,51,93,
68456021,00000100,false,Rx,0,8,71,00,00,00,C0,00,5A,FA,
68456022,00000120,false,Rx,0,8,E7,FF,FF,FF,C0,00,53,FC,
68457159,00000110,false,Rx,0,8,1D,00,00,00,E0,00,4A,56,
68457161,00000130,false,Rx,0,8,F8,FF,FF,FF,D0,00,5C,53,
68458158,00000100,false,Rx,0,8,71,00,00,00,D0,00,57,3A,
68458160,00000140,false,Rx,0,8,01,00,FF,FF,30,00,15,EE,
68458160,00000120,false,Rx,0,8,E7,FF,FF,FF,D0,00,5E,3C,
68459134,00000110,false,Rx,0,8,62,00,00,00,F0,00,4C,59,
68459135,00000130,false,Rx,0,8,F8,FF,FF,FF,E0,00,48,53,
68460147,00000100,false,Rx,0,8,88,00,00,00,E0,00,57,53,
68460149,00000120,false,Rx,0,8,04,00,00,00,E0,00,48,5F,
68461282,00000110,false,Rx,0,8,62,00,00,00,00,00,08,59,
68461284,00000130,false,Rx,0,8,F8,FF,FF,FF,F0,00,45,93,
68462283,00000100,false,Rx,0,8,43,00,00,00,F0,00,4A,E8,
68462285,00000120,false,Rx,0,8,04,00,00,00,F0,00,45,9F,
68462285,00000110,false,Rx,0,8,A7,00,00,00,10,00,14,CC,
68463383,00000050,false,Rx,0,6,41,5C,FF,FB,5F,FF,00,00,
68463385,00000130,false,Rx,0,8,EB,95,FF,FF,03,80,1A,69,
68463385,00000100,false,Rx,0,8,2C,00,00,00,00,00,07,B7,
68465000,00000120,false,Rx,0,8,20,00,00,00,00,00,07,7B,
68465001,00000110,false,Rx,0,8,A7,00,00,00,20,00,00,CC,
68466126,00000130,false,Rx,0,8,B5,00,00,00,10,00,17,BE,
68466127,00000100,false,Rx,0,8,5A,00,00,00,10,00,01,21,
68467136,00000120,false,Rx,0,8,20,00,00,00,10,00,0A,BB,
68467137,00000110,false,Rx,0,8,62,00,00,00,30,00,1C,59,
68467137,00000170,false,Rx,0,8,00,00,00,56,50,81,05,B9,
68468132,00000130,false,Rx,0,8,D9,FF,FF,FF,20,00,1E,E2,
68468134,00000100,false,Rx,0,8,5A,00,00,00,20,00,15,21,
68469126,00000120,false,Rx,0,8,04,00,00,00,20,00,18,5F,
68469127,00000110,false,Rx,0,8,62,00,00,00,40,00,39,99,
68470283,00000130,false,Rx,0,8,F8,FF,FF,FF,30,00,15,93,
68470284,00000100,false,Rx,0,8,71,00,00,00,30,00,1E,FA,
68471289,00000120,false,Rx,0,8,04,00,00,00,30,00,15,9F,
68471291,00000110,false,Rx,0,8,4B,00,00,00,50,00,33,A0,
68472250,00000130,false,Rx,0,8,18,00,00,00,40,00,32,03,
68472252,00000100,false,Rx,0,8,88,00,00,00,40,00,2F,53,
68473252,00000120,false,Rx,0,8,CB,FF,FF,FF,40,00,35,90,
68473253,00000110,false,Rx,0,8,4B,00,00,00,60,00,27,A0,
68474251,00000130,false,Rx,0,8,18,00,00,00,50,00,3F,C3,
68474252,00000100,false,Rx,0,8,9F,00,00,00,50,00,21,B4,
68475375,00000120,false,Rx,0,8,CB,FF,FF,FF,50,00,38,50,
68475377,00000110,false,Rx,0,8,34,00,00,00,70,00,21,AF,
68476376,00000130,false,Rx,0,8,18,00,00,00,60,00,2B,C3,
68476377,00000100,false,Rx,0,8,71,00,00,00,60,00,22,FA,
68477374,00000120,false,Rx,0,8,E7,FF,FF,FF,60,00,2B,FC,
68477375,00000110,false,Rx,0,8,34,00,00,00,80,00,65,AF,
68478374,00000130,false,Rx,0,8,18,00,00,00,70,00,26,03,
68478375,00000100,false,Rx,0,8,88,00,00,00,70,00,3B,53,
68478376,00000140,false,Rx,0,8,01,00,FF,FF,40,00,30,2E,
68479500,00000120,false,Rx,0,8,E7,FF,FF,FF,70,00,26,3C,
68479501,00000110,false,Rx,0,8,62,00,00,00,90,00,64,59,
68480500,00000130,false,Rx,0,8,F8,FF,FF,FF,80,00,60,53,
68480502,00000100,false,Rx,0,8,71,00,00,00,80,00,6B,3A,
68481500,00000120,false,Rx,0,8,20,00,00,00,80,00,66,BB,
68481502,00000110,false,Rx,0,8,62,00,00,00,A0,00,70,59,
68482501,00000130,false,Rx,0,8,B9,FF,FF,FF,90,00,62,82,
68482502,00000100,false,Rx,0,8,5A,00,00,00,90,00,60,E1,
68482503,00000120,false,Rx,0,8,20,00,00,00,90,00,6B,7B,
68483749,00000110,false,Rx,0,8,90,00,00,00,B0,00,68,8B,
68483750,00000050,false,Rx,0,6,41,5C,FF,FB,5F,FF,00,00,
68483751,00000130,false,Rx,0,8,4C,BA,F5,FF,A3,80,AD,60,
68484749,00000100,false,Rx,0,8,43,00,00,00,A0,00,76,E8,
68484750,00000120,false,Rx,0,8,20,00,00,00,A0,00,7F,7B,
68485875,00000110,false,Rx,0,8,90,00,00,00,C0,00,4D,4B,
68485876,00000130,false,Rx,0,8,76,00,00,00,B0,00,7E,8D,
68486875,00000100,false,Rx,0,8,71,00,00,00,B0,00,7F,3A,
68486877,00000120,false,Rx,0,8,20,00,00,00,B0,00,72,BB,
68487877,00000110,false,Rx,0,8,62,00,00,00,D0,00,55,99,
68487879,00000130,false,Rx,0,8,18,00,00,00,C0,00,53,C3,
68489000,00000100,false,Rx,0,8,5A,00,00,00,C0,00,5C,E1,
68489001,00000120,false,Rx,0,8,04,00,00,00,C0,00,51,9F,
68490000,00000110,false,Rx,0,8,62,00,00,00,E0,00,41,99,
68490001,00000130,false,Rx,0,8,18,00,00,00,D0,00,5E,03,
68491001,00000100,false,Rx,0,8,71,00,00,00,D0,00,57,3A,
68491002,00000120,false,Rx,0,8,04,00,00,00,D0,00,5C,5F,
68492001,00000110,false,Rx,0,8,4B,00,00,00,F0,00,4B,A0,
68492002,00000130,false,Rx,0,8,D9,FF,FF,FF,E0,00,4E,E2,
68493001,00000100,false,Rx,0,8,9F,00,00,00,E0,00,54,74,
68493002,00000120,false,Rx,0,8,AE,FF,FF,FF,E0,00,44,65,
68494125,00000110,false,Rx,0,8,4B,00,00,00,00,00,0F,A0,
68494126,00000130,false,Rx,0,8,F8,FF,FF,FF,F0,00,45,93,
68495126,00000100,false,Rx,0,8,9F,00,00,00,F0,00,59,B4,
68495128,00000120,false,Rx,0,8,AE,FF,FF,FF,F0,00,49,A5,
68496127,00000110,false,Rx,0,8,62,00,00,00,10,00,05,99,
68496128,00000130,false,Rx,0,8,F8,FF,FF,FF,00,00,01,93,
68497125,00000100,false,Rx,0,8,71,00,00,00,00,00,0A,FA,
68497126,00000120,false,Rx,0,8,E7,FF,FF,FF,00,00,03,FC,
68498226,00000110,false,Rx,0,8,62,00,00,00,20,00,11,99,
68498227,00000130,false,Rx,0,8,F8,FF,FF,FF,10,00,0C,53,
68499252,00000100,false,Rx,0,8,71,00,00,00,10,00,07,3A,
68499253,00000140,false,Rx,0,8,01,00,FF,FF,50,00,3D,EE,
68499254,00000120,false,Rx,0,8,E7,FF,FF,FF,10,00,0E,3C,
68500250,00000110,false,Rx,0,8,62,00,00,00,30,00,1C,59,
68500253,00000130,false,Rx,0,8,F8,FF,FF,FF,20,00,18,53,
68501252,00000100,false,Rx,0,8,5A,00,00,00,20,00,15,21,
68501254,00000120,false,Rx,0,8,20,00,00,00,20,00,1E,BB,
68502377,00000110,false,Rx,0,8,62,00,00,00,40,00,39,99,
68502378,00000130,false,Rx,0,8,18,00,00,00,30,00,17,C3,
68503375,00000100,false,Rx,0,8,43,00,00,00,30,00,1A,E8,
68503376,00000120,false,Rx,0,8,20,00,00,00,30,00,13,7B,
68503377,00000110,false,Rx,0,8,D5,00,00,00,50,00,2F,DE,
68504501,00000050,false,Rx,0,6,41,5C,FF,FB,5F,FF,00,00,
68504503,00000130,false,Rx,0,8,6C,21,00,00,43,80,85,E0,
68504503,00000100,false,Rx,0,8,43,00,00,00,40,00,3F,28,
68506127,00000120,false,Rx,0,8,20,00,00,00,40,00,36,BB,
68506129,00000110,false,Rx,0,8,D5,00,00,00,60,00,3B,DE,
68507252,00000130,false,Rx,0,8,18,00,00,00,50,00,3F,C3,
68507253,00000100,false,Rx,0,8,5A,00,00,00,50,00,30,E1,
68508252,00000120,false,Rx,0,8,20,00,00,00,50,00,3B,7B,
68508253,00000110,false,Rx,0,8,79,00,00,00,70,00,2E,72,
68509259,00000130,false,Rx,0,8,18,00,00,00,60,00,2B,C3,
68509260,00000100,false,Rx,0,8,71,00,00,00,60,00,22,FA,
68510249,00000120,false,Rx,0,8,04,00,00,00,60,00,29,9F,
68510251,00000110,false,Rx,0,8,79,00,00,00,80,00,6A,72,
68511375,00000130,false,Rx,0,8,37,00,00,00,70,00,21,9C,
68511376,00000100,false,Rx,0,8,88,00,00,00,70,00,3B,53,
68512376,00000120,false,Rx,0,8,04,00,00,00,70,00,24,5F,
68512377,00000110,false,Rx,0,8,4B,00,00,00,90,00,63,A0,
68513376,00000130,false,Rx,0,8,18,00,00,00,80,00,62,03,
68513377,00000100,false,Rx,0,8,9F,00,00,00,80,00,7C,74,
68514376,00000120,false,Rx,0,8,AE,FF,FF,FF,80,00,6C,65,
68514378,00000110,false,Rx,0,8,4B,00,00,00,A0,00,77,A0,
68515376,00000130,false,Rx,0,8,D9,FF,FF,FF,90,00,6B,22,
68515377,00000100,false,Rx,0,8,88,00,00,00,90,00,72,93,
68516500,00000120,false,Rx,0,8,AE,FF,FF,FF,90,00,61,A5,
68516502,00000110,false,Rx,0,8,4B,00,00,00,B0,00,7A,60,
68517491,00000130,false,Rx,0,8,18,00,00,00,A0,00,7B,C3,
68517492,00000100,false,Rx,0,8,71,00,00,00,A0,00,72,FA,
68518503,00000120,false,Rx,0,8,E7,FF,FF,FF,A0,00,7B,FC,
68518504,00000110,false,Rx,0,8,4B,00,00,00,C0,00,5F,A0,
68519499,00000130,false,Rx,0,8,18,00,00,00,B0,00,76,03,
68519501,00000100,false,Rx,0,8,71,00,00,00,B0,00,7F,3A,
68519501,00000140,false,Rx,0,8,01,00,FF,FF,60,00,29,EE,
68520614,00000120,false,Rx,0,8,E7,FF,FF,FF,B0,00,76,3C,
68520615,00000110,false,Rx,0,8,79,00,00,00,D0,00,56,72,
68521613,00000130,false,Rx,0,8,D9,FF,FF,FF,C0,00,57,22,
68521614,00000100,false,Rx,0,8,71,00,00,00,C0,00,5A,FA,
68522615,00000120,false,Rx,0,8,3D,00,00,00,C0,00,54,F6,
68522616,00000110,false,Rx,0,8,79,00,00,00,E0,00,42,72,
68523607,00000130,false,Rx,0,8,F8,FF,FF,FF,D0,00,5C,53,
68523608,00000100,false,Rx,0,8,2C,00,00,00,D0,00,5A,77,
68523609,00000120,false,Rx,0,8,3D,00,00,00,D0,00,59,36,
68524850,00000110,false,Rx,0,8,BE,00,00,00,F0,00,5F,05,
68524851,00000050,false,Rx,0,6,41,5C,FF,FB,5F,FF,00,00,
68524852,00000130,false,Rx,0,8,B8,34,03,00,E3,80,E2,73,
68525846,00000100,false,Rx,0,8,5A,00,00,00,E0,00,45,21,
68525847,00000120,false,Rx,0,8,04,00,00,00,E0,00,48,5F,
68526997,00000110,false,Rx,0,8,BE,00,00,00,00,00,1B,05,
68526999,00000130,false,Rx,0,8,F8,FF,FF,FF,F0,00,45,93,
68527996,00000100,false,Rx,0,8,71,00,00,00,F0,00,4E,FA,
68527998,00000120,false,Rx,0,8,04,00,00,00,F0,00,45,9F,
68529122,00000110,false,Rx,0,8,62,00,00,00,10,00,05,99,
68529124,00000130,false,Rx,0,8,D9,FF,FF,FF,00,00,07,22,
68530124,00000100,false,Rx,0,8,71,00,00,00,00,00,0A,FA,
68530125,00000120,false,Rx,0,8,04,00,00,00,00,00,01,9F,
68531123,00000110,false,Rx,0,8,62,00,00,00,20,00,11,99,
68531124,00000130,false,Rx,0,8,F8,FF,FF,FF,10,00,0C,53,
68532126,00000100,false,Rx,0,8,88,00,00,00,10,00,13,53,
68532127,00000120,false,Rx,0,8,04,00,00,00,10,00,0C,5F,
68533122,00000110,false,Rx,0,8,1D,00,00,00,30,00,17,96,
68533123,00000130,false,Rx,0,8,F8,FF,FF,FF,20,00,18,53,
68534236,00000100,false,Rx,0,8,9F,00,00,00,20,00,04,74,
68534237,00000120,false,Rx,0,8,CB,FF,FF,FF,20,00,1D,90,
68535219,00000110,false,Rx,0,8,1D,00,00,00,40,00,32,56,
68535220,00000130,false,Rx,0,8,18,00,00,00,30,00,17,C3,
68536217,00000100,false,Rx,0,8,71,00,00,00,30,00,1E,FA,
68536217,00000120,false,Rx,0,8,CB,FF,FF,FF,30,00,10,50,
68537217,00000110,false,Rx,0,8,62,00,00,00,50,00,34,59,
68537218,00000130,false,Rx,0,8,18,00,00,00,40,00,32,03,
68538217,00000100,false,Rx,0,8,71,00,00,00,40,00,3B,3A,
68538218,00000120,false,Rx,0,8,04,00,00,00,40,00,30,5F,
68539342,00000110,false,Rx,0,8,62,00,00,00,60,00,20,59,
68539342,00000130,false,Rx,0,8,F8,FF,FF,FF,50,00,3D,93,
68539343,00000100,false,Rx,0,8,71,00,00,00,50,00,36,FA,
68540593,00000140,false,Rx,0,8,01,00,FF,FF,70,00,24,2E,
68540593,00000120,false,Rx,0,8,04,00,00,00,50,00,3D,9F,
68540594,00000110,false,Rx,0,8,62,00,00,00,70,00,2D,99,
68542089,00000130,false,Rx,0,8,F8,FF,FF,FF,60,00,29,93,
68542090,00000100,false,Rx,0,8,5A,00,00,00,60,00,24,E1,
68543241,00000120,false,Rx,0,8,3D,00,00,00,60,00,2C,F6,
68543242,00000110,false,Rx,0,8,62,00,00,00,80,00,69,99,
68544241,00000130,false,Rx,0,8,F8,FF,FF,FF,70,00,24,53,
68544242,00000100,false,Rx,0,8,2C,00,00,00,70,00,22,77,
68544242,00000120,false,Rx,0,8,3D,00,00,00,70,00,21,36,
68545491,00000110,false,Rx,0,8,79,00,00,00,90,00,67,B2,
68545492,00000050,false,Rx,0,6,41,5C,FF,FB,5F,FF,00,00,
68545492,00000130,false,Rx,0,8,EB,95,FF,FF,83,80,7B,A9,
68546491,00000100,false,Rx,0,8,5A,00,00,00,80,00,6D,21,
68546492,00000120,false,Rx,0,8,04,00,00,00,80,00,60,5F,
68547491,00000110,false,Rx,0,8,79,00,00,00,A0,00,73,B2,
68547492,00000130,false,Rx,0,8,95,00,00,00,90,00,71,1E,
68548636,00000100,false,Rx,0,8,71,00,00,00,90,00,66,FA,
68548637,00000120,false,Rx,0,8,04,00,00,00,90,00,6D,9F,
68549605,00000110,false,Rx,0,8,62,00,00,00,B0,00,7D,99,
68549606,00000130,false,Rx,0,8,F8,FF,FF,FF,A0,00,79,93,
68550602,00000100,false,Rx,0,8,5A,00,00,00,A0,00,74,E1,
68550603,00000120,false,Rx,0,8,E7,FF,FF,FF,A0,00,7B,FC,
68551601,00000110,false,Rx,0,8,62,00,00,00,C0,00,58,59,
68551602,00000130,false,Rx,0,8,18,00,00,00,B0,00,76,03,
68552745,00000100,false,Rx,0,8,88,00,00,00,B0,00,6B,53,
68552747,00000120,false,Rx,0,8,E7,FF,FF,FF,B0,00,76,3C,
68553760,00000110,false,Rx,0,8,34,00,00,00,D0,00,59,AF,
68553762,00000130,false,Rx,0,8,F8,FF,FF,FF,C0,00,51,93,
68554751,00000100,false,Rx,0,8,9F,00,00,00,C0,00,4D,B4,
68554753,00000120,false,Rx,0,8,E7,FF,FF,FF,C0,00,53,FC,
68555749,00000110,false,Rx,0,8,34,00,00,00,E0,00,4D,AF,
68555750,00000130,false,Rx,0,8,18,00,00,00,D0,00,5E,03,
68556848,00000100,false,Rx,0,8,71,00,00,00,D0,00,57,3A,
68556849,00000120,false,Rx,0,8,E7,FF,FF,FF,D0,00,5E,3C,
68557899,00000110,false,Rx,0,8,62,00,00,00,F0,00,4C,59,
68557900,00000130,false,Rx,0,8,F8,FF,FF,FF,E0,00,48,53,
68558875,00000100,false,Rx,0,8,71,00,00,00,E0,00,43,3A,
68558876,00000120,false,Rx,0,8,20,00,00,00,E0,00,4E,BB,
68559873,00000110,false,Rx,0,8,62,00,00,00,00,00,08,59,
68559874,00000130,false,Rx,0,8,F8,FF,FF,FF,F0,00,45,93,
68560874,00000100,false,Rx,0,8,5A,00,00,00,F0,00,48,E1,
68560876,00000140,false,Rx,0,8,01,00,FF,FF,80,00,60,2E,
68560876,00000120,false,Rx,0,8,20,00,00,00,F0,00,43,7B,
68562001,00000110,false,Rx,0,8,79,00,00,00,10,00,06,72,
68562002,00000130,false,Rx,0,8,F8,FF,FF,FF,00,00,01,93,
68563001,00000100,false,Rx,0,8,5A,00,00,00,00,00,0C,E1,
68563002,00000120,false,Rx,0,8,59,00,00,00,00,00,0C,D2,
68563999,00000110,false,Rx,0,8,79,00,00,00,20,00,12,72,
68564000,00000130,false,Rx,0,8,37,00,00,00,10,00,09,9C,
68564997,00000100,false,Rx,0,8,5A,00,00,00,10,00,01,21,
68564998,00000120,false,Rx,0,8,59,00,00,00,10,00,01,12,
68564999,00000110,false,Rx,0,8,79,00,00,00,30,00,1F,B2,
68566236,00000050,false,Rx,0,6,41,5C,FF,FB,5F,FF,00,00,
68566237,00000130,false,Rx,0,8,0D,BA,F5,FF,23,80,C3,B1,
68566238,00000100,false,Rx,0,8,5A,00,00,00,20,00,15,21,
68567873,00000120,false,Rx,0,8,04,00,00,00,20,00,18,5F,
68567875,00000110,false,Rx,0,8,79,00,00,00,40,00,3A,72,
68568858,00000130,false,Rx,0,8,B5,00,00,00,30,00,0E,7E,
68568858,00000100,false,Rx,0,8,5A,00,00,00,30,00,18,E1,
68569982,00000120,false,Rx,0,8,04,00,00,00,30,00,15,9F,
68569983,00000110,false,Rx,0,8,62,00,00,00,50,00,34,59,
68569983,00000170,false,Rx,0,8,00,00,00,57,50,81,05,24,
68570985,00000130,false,Rx,0,8,D9,FF,FF,FF,40,00,36,E2,
68570986,00000100,false,Rx,0,8,71,00,00,00,40,00,3B,3A,
68571984,00000120,false,Rx,0,8,E7,FF,FF,FF,40,00,32,3C,
68571985,00000110,false,Rx,0,8,62,00,00,00,60,00,20,59,
68572985,00000130,false,Rx,0,8,37,00,00,00,50,00,38,5C,
68572986,00000100,false,Rx,0,8,9F,00,00,00,50,00,21,B4,
68574137,00000120,false,Rx,0,8,E7,FF,FF,FF,50,00,3F,FC,
68574138,00000110,false,Rx,0,8,1D,00,00,00,70,00,26,56,
68575132,00000130,false,Rx,0,8,18,00,00,00,60,00,2B,C3,
68575133,00000100,false,Rx,0,8,88,00,00,00,60,00,36,93,
68576115,00000120,false,Rx,0,8,E7,FF,FF,FF,60,00,2B,FC,
68576116,00000110,false,Rx,0,8,1D,00,00,00,80,00,62,56,
68577115,00000130,false,Rx,0,8,F8,FF,FF,FF,70,00,24,53,
68577116,00000100,false,Rx,0,8,88,00,00,00,70,00,3B,53,
68578105,00000120,false,Rx,0,8,E7,FF,FF,FF,70,00,26,3C,
68578106,00000110,false,Rx,0,8,4B,00,00,00,90,00,63,A0,
68579261,00000130,false,Rx,0,8,F8,FF,FF,FF,80,00,60,53,
68579261,00000100,false,Rx,0,8,71,00,00,00,80,00,6B,3A,
68580266,00000120,false,Rx,0,8,04,00,00,00,80,00,60,5F,
68580266,00000110,false,Rx,0,8,4B,00,00,00,A0,00,77,A0,
68581240,00000130,false,Rx,0,8,37,00,00,00,90,00,68,5C,
68581240,00000100,false,Rx,0,8,5A,00,00,00,90,00,60,E1,
68581241,00000140,false,Rx,0,8,01,00,FF,FF,90,00,6D,EE,
68582230,00000120,false,Rx,0,8,04,00,00,00,90,00,6D,9F,
68582231,00000110,false,Rx,0,8,79,00,00,00,B0,00,7E,72,
68583382,00000130,false,Rx,0,8,F8,FF,FF,FF,A0,00,79,93,
68583383,00000100,false,Rx,0,8,43,00,00,00,A0,00,76,E8,
68584359,00000120,false,Rx,0,8,3D,00,00,00,A0,00,7C,F6,
68584360,00000110,false,Rx,0,8,79,00,00,00,C0,00,5B,B2,
68585351,00000130,false,Rx,0,8,37,00,00,00,B0,00,71,9C,
68585351,00000100,false,Rx,0,8,43,00,00,00,B0,00,7B,28,
68585352,00000120,false,Rx,0,8,3D,00,00,00,B0,00,71,36,
68586638,00000110,false,Rx,0,8,90,00,00,00,D0,00,40,8B,
68586639,00000050,false,Rx,0,6,41,5C,FF,FB,5F,FF,00,00,
68586640,00000130,false,Rx,0,8,4D,21,00,00,C3,80,E2,91,
68587603,00000100,false,Rx,0,8,71,00,00,00,C0,00,5A,FA,
68587603,00000120,false,Rx,0,8,20,00,00,00,C0,00,57,7B,
68588603,00000110,false,Rx,0,8,90,00,00,00,E0,00,54,8B,
68588604,00000130,false,Rx,0,8,D9,FF,FF,FF,D0,00,5A,E2,
68589748,00000100,false,Rx,0,8,71,00,00,00,D0,00,57,3A,
68589750,00000120,false,Rx,0,8,20,00,00,00,D0,00,5A,BB,
68590746,00000110,false,Rx,0,8,62,00,00,00,F0,00,4C,59,
68590747,00000130,false,Rx,0,8,D9,FF,FF,FF,E0,00,4E,E2,
68591754,00000100,false,Rx,0,8,88,00,00,00,E0,00,57,53,
68591755,00000120,false,Rx,0,8,CB,FF,FF,FF,E0,00,4D,90,
68592753,00000110,false,Rx,0,8,62,00,00,00,00,00,08,59,
68592754,00000130,false,Rx,0,8,18,00,00,00,F0,00,47,C3,
68593907,00000100,false,Rx,0,8,9F,00,00,00,F0,00,59,B4,
68593908,00000120,false,Rx,0,8,CB,FF,FF,FF,F0,00,40,50,
68594883,00000110,false,Rx,0,8,34,00,00,00,10,00,09,AF,
68594884,00000130,false,Rx,0,8,F8,FF,FF,FF,00,00,01,93,
68595883,00000100,false,Rx,0,8,88,00,00,00,00,00,1E,93,
68595885,00000120,false,Rx,0,8,04,00,00,00,00,00,01,9F,
68596874,00000110,false,Rx,0,8,34,00,00,00,20,00,1D,AF,
68596876,00000130,false,Rx,0,8,D9,FF,FF,FF,10,00,0A,E2,
68598028,00000100,false,Rx,0,8,71,00,00,00,10,00,07,3A,
68598029,00000120,false,Rx,0,8,04,00,00,00,10,00,0C,5F,
68599006,00000110,false,Rx,0,8,62,00,00,00,30,00,1C,59,
68599008,00000130,false,Rx,0,8,D9,FF,FF,FF,20,00,1E,E2,
68600008,00000100,false,Rx,0,8,71,00,00,00,20,00,13,3A,
68600009,00000120,false,Rx,0,8,04,00,00,00,20,00,18,5F,
68600976,00000110,false,Rx,0,8,62,00,00,00,40,00,39,99,
68600977,00000130,false,Rx,0,8,D9,FF,FF,FF,30,00,13,22,
68602003,00000100,false,Rx,0,8,5A,00,00,00,30,00,18,E1,
68602004,00000140,false,Rx,0,8,01,00,FF,FF,A0,00,79,EE,
68602005,00000120,false,Rx,0,8,04,00,00,00,30,00,15,9F,
68603157,00000110,false,Rx,0,8,79,00,00,00,50,00,37,B2,
68603159,00000130,false,Rx,0,8,18,00,00,00,40,00,32,03,
68604134,00000100,false,Rx,0,8,2C,00,00,00,40,00,36,77,
68604136,00000120,false,Rx,0,8,20,00,00,00,40,00,36,BB,
68605128,00000110,false,Rx,0,8,79,00,00,00,60,00,23,B2,
68605130,00000130,false,Rx,0,8,18,00,00,00,50,00,3F,C3,
68606121,00000100,false,Rx,0,8,5A,00,00,00,50,00,30,E1,
68606122,00000120,false,Rx,0,8,20,00,00,00,50,00,3B,7B,
68606123,00000110,false,Rx,0,8,A7,00,00,00,70,00,3C,CC,
68607374,00000050,false,Rx,0,6,41,5C,FF,FB,5F,FF,00,00,
68607376,00000130,false,Rx,0,8,B8,34,03,00,63,80,83,B3,
68607376,00000100,false,Rx,0,8,5A,00,00,00,60,00,24,E1,
68609030,00000120,false,Rx,0,8,04,00,00,00,60,00,29,9F,
68609031,00000110,false,Rx,0,8,A7,00,00,00,80,00,78,CC,
68609996,00000130,false,Rx,0,8,B9,FF,FF,FF,70,00,2B,42,
68609997,00000100,false,Rx,0,8,71,00,00,00,70,00,2F,3A,
68611156,00000120,false,Rx,0,8,04,00,00,00,70,00,24,5F,
68611157,00000110,false,Rx,0,8,62,00,00,00,90,00,64,59,
68612132,00000130,false,Rx,0,8,F8,FF,FF,FF,80,00,60,53,
68612133,00000100,false,Rx,0,8,88,00,00,00,80,00,7F,53,
68613133,00000120,false,Rx,0,8,CB,FF,FF,FF,80,00,65,90,
68613134,00000110,false,Rx,0,8,62,00,00,00,A0,00,70,59,
68614149,00000130,false,Rx,0,8,B9,FF,FF,FF,90,00,62,82,
68614150,00000100,false,Rx,0,8,9F,00,00,00,90,00,71,B4,
68615277,00000120,false,Rx,0,8,CB,FF,FF,FF,90,00,68,50,
68615279,00000110,false,Rx,0,8,4B,00,00,00,B0,00,7A,60,
68616248,00000130,false,Rx,0,8,D9,FF,FF,FF,A0,00,7F,22,
68616250,00000100,false,Rx,0,8,71,00,00,00,A0,00,72,FA,
68617254,00000120,false,Rx,0,8,04,00,00,00,A0,00,79,9F,
68617256,00000110,false,Rx,0,8,4B,00,00,00,C0,00,5F,A0,
68618255,00000130,false,Rx,0,8,37,00,00,00,B0,00,71,9C,
68618257,00000100,false,Rx,0,8,71,00,00,00,B0,00,7F,3A,
68619408,00000120,false,Rx,0,8,04,00,00,00,B0,00,74,5F,
68619409,00000110,false,Rx,0,8,62,00,00,00,D0,00,55,99,
68620368,00000130,false,Rx,0,8,18,00,00,00,C0,00,53,C3,
68620369,00000100,false,Rx,0,8,71,00,00,00,C0,00,5A,FA,
68621378,00000120,false,Rx,0,8,04,00,00,00,C0,00,51,9F,
68621380,00000110,false,Rx,0,8,62,00,00,00,E0,00,41,99,
68622382,00000130,false,Rx,0,8,D9,FF,FF,FF,D0,00,5A,E2,
68622383,00000100,false,Rx,0,8,5A,00,00,00,D0,00,51,21,
68622384,00000140,false,Rx,0,8,01,00,FF,FF,B0,00,74,2E,
68623378,00000120,false,Rx,0,8,04,00,00,00,D0,00,5C,5F,
68623379,00000110,false,Rx,0,8,A7,00,00,00,F0,00,5D,0C,
68624528,00000130,false,Rx,0,8,F8,FF,FF,FF,E0,00,48,53,
68624530,00000100,false,Rx,0,8,2C,00,00,00,E0,00,4E,77,
68625531,00000120,false,Rx,0,8,04,00,00,00,E0,00,48,5F,
68625532,00000110,false,Rx,0,8,A7,00,00,00,00,00,19,0C,
68626506,00000130,false,Rx,0,8,F8,FF,FF,FF,F0,00,45,93,
68626507,00000100,false,Rx,0,8,71,00,00,00,F0,00,4E,FA,
68626508,00000120,false,Rx,0,8,04,00,00,00,F0,00,45,9F,
68627779,00000110,false,Rx,0,8,79,00,00,00,10,00,06,72,
68627781,00000050,false,Rx,0,6,41,5C,FF,FB,5F,FF,00,00,
68627781,00000130,false,Rx,0,8,EB,95,FF,FF,03,80,1A,69,
68628759,00000100,false,Rx,0,8,5A,00,00,00,00,00,0C,E1,
68628760,00000120,false,Rx,0,8,04,00,00,00,00,00,01,9F,
68629747,00000110,false,Rx,0,8,79,00,00,00,20,00,12,72,
68629748,00000130,false,Rx,0,8,95,00,00,00,10,00,10,DE,
68630905,00000100,false,Rx,0,8,5A,00,00,00,10,00,01,21,
68630906,00000120,false,Rx,0,8,04,00,00,00,10,00,0C,5F,
68631882,00000110,false,Rx,0,8,4B,00,00,00,30,00,1B,A0,
68631883,00000130,false,Rx,0,8,D9,FF,FF,FF,20,00,1E,E2,
68632895,00000100,false,Rx,0,8,88,00,00,00,20,00,07,53,
68632896,00000120,false,Rx,0,8,CB,FF,FF,FF,20,00,1D,90,
68634030,00000110,false,Rx,0,8,4B,00,00,00,40,00,3E,60,
68634031,00000130,false,Rx,0,8,D9,FF,FF,FF,30,00,13,22,
68635006,00000100,false,Rx,0,8,9F,00,00,00,30,00,09,B4,
68635008,00000120,false,Rx,0,8,CB,FF,FF,FF,30,00,10,50,
68636006,00000110,false,Rx,0,8,62,00,00,00,50,00,34,59,
68636007,00000130,false,Rx,0,8,F8,FF,FF,FF,40,00,30,53,
68637018,00000100,false,Rx,0,8,71,00,00,00,40,00,3B,3A,
68637019,00000120,false,Rx,0,8,04,00,00,00,40,00,30,5F,
68638154,00000110,false,Rx,0,8,62,00,00,00,60,00,20,59,
68638155,00000130,false,Rx,0,8,F8,FF,FF,FF,50,00,3D,93,
68639152,00000100,false,Rx,0,8,88,00,00,00,50,00,22,93,
68639153,00000120,false,Rx,0,8,04,00,00,00,50,00,3D,9F,
68640128,00000110,false,Rx,0,8,62,00,00,00,70,00,2D,99,
68640130,00000130,false,Rx,0,8,D9,FF,FF,FF,60,00,2F,22,
68641122,00000100,false,Rx,0,8,5A,00,00,00,60,00,24,E1,
68641123,00000120,false,Rx,0,8,20,00,00,00,60,00,2F,7B,
68642129,00000110,false,Rx,0,8,62,00,00,00,80,00,69,99,
68642131,00000130,false,Rx,0,8,D9,FF,FF,FF,70,00,22,E2,
68643262,00000100,false,Rx,0,8,43,00,00,00,70,00,2B,28,
68643263,00000140,false,Rx,0,8,01,00,FF,FF,C0,00,51,EE,
68643264,00000120,false,Rx,0,8,20,00,00,00,70,00,22,BB,
68644274,00000110,false,Rx,0,8,A7,00,00,00,90,00,75,0C,
68644275,00000130,false,Rx,0,8,F8,FF,FF,FF,80,00,60,53,
68645264,00000100,false,Rx,0,8,43,00,00,00,80,00,6F,28,
68645266,00000120,false,Rx,0,8,04,00,00,00,80,00,60,5F,
68646247,00000110,false,Rx,0,8,A7,00,00,00,A0,00,61,0C,
68646248,00000130,false,Rx,0,8,F8,FF,FF,FF,90,00,6D,93,
68647404,00000100,false,Rx,0,8,5A,00,00,00,90,00,60,E1,
68647406,00000120,false,Rx,0,8,04,00,00,00,90,00,6D,9F,
68647407,00000110,false,Rx,0,8,79,00,00,00,B0,00,7E,72,
68648507,00000050,false,Rx,0,6,41,5C,FF,FB,5F,FF,00,00,
68648508,00000130,false,Rx,0,8,8B,BA,F5,FF,A3,80,BD,D7,
68648509,00000100,false,Rx,0,8,71,00,00,00,A0,00,72,FA,
68650154,00000120,false,Rx,0,8,04,00,00,00,A0,00,79,9F,
68650155,00000110,false,Rx,0,8,79,00,00,00,C0,00,5B,B2,
68651130,00000130,false,Rx,0,8,76,00,00,00,B0,00,7E,8D,
68651131,00000100,false,Rx,0,8,88,00,00,00,B0,00,6B,53,
68652277,00000120,false,Rx,0,8,04,00,00,00,B0,00,74,5F,
68652279,00000110,false,Rx,0,8,4B,00,00,00,D0,00,52,60,
68653277,00000130,false,Rx,0,8,D9,FF,FF,FF,C0,00,57,22,
68653278,00000100,false,Rx,0,8,88,00,00,00,C0,00,4E,93,
68654255,00000120,false,Rx,0,8,CB,FF,FF,FF,C0,00,54,50,
68654256,00000110,false,Rx,0,8,4B,00,00,00,E0,00,46,60,
68655378,00000130,false,Rx,0,8,18,00,00,00,D0,00,5E,03,
68655379,00000100,false,Rx,0,8,88,00,00,00,D0,00,43,53,
68656372,00000120,false,Rx,0,8,CB,FF,FF,FF,D0,00,59,90,
68656373,00000110,false,Rx,0,8,4B,00,00,00,F0,00,4B,A0,
68657380,00000130,false,Rx,0,8,F8,FF,FF,FF,E0,00,48,53,
68657382,00000100,false,Rx,0,8,88,00,00,00,E0,00,57,53,
68658380,00000120,false,Rx,0,8,04,00,00,00,E0,00,48,5F,
68658381,00000110,false,Rx,0,8,4B,00,00,00,00,00,0F,A0,
68659397,00000130,false,Rx,0,8,18,00,00,00,F0,00,47,C3,
68659399,00000100,false,Rx,0,8,71,00,00,00,F0,00,4E,FA,
68660529,00000120,false,Rx,0,8,04,00,00,00,F0,00,45,9F,
68660530,00000110,false,Rx,0,8,62,00,00,00,10,00,05,99,
68661527,00000130,false,Rx,0,8,F8,FF,FF,FF,00,00,01,93,
68661528,00000100,false,Rx,0,8,5A,00,00,00,00,00,0C,E1,
68662503,00000120,false,Rx,0,8,04,00,00,00,00,00,01,9F,
68662505,00000110,false,Rx,0,8,62,00,00,00,20,00,11,99,
68663510,00000130,false,Rx,0,8,F8,FF,FF,FF,10,00,0C,53,
68663512,00000100,false,Rx,0,8,43,00,00,00,10,00,03,28,
68663512,00000140,false,Rx,0,8,01,00,FF,FF,D0,00,5C,2E,
68664631,00000120,false,Rx,0,8,04,00,00,00,10,00,0C,5F,
68664633,00000110,false,Rx,0,8,90,00,00,00,30,00,09,4B,
68665623,00000130,false,Rx,0,8,D9,FF,FF,FF,20,00,1E,E2,
68665625,00000100,false,Rx,0,8,71,00,00,00,20,00,13,3A,
68666621,00000120,false,Rx,0,8,04,00,00,00,20,00,18,5F,
68666622,00000110,false,Rx,0,8,90,00,00,00,40,00,2C,8B,
68667609,00000130,false,Rx,0,8,F8,FF,FF,FF,30,00,15,93,
68667610,00000100,false,Rx,0,8,5A,00,00,00,30,00,18,E1,
68667611,00000120,false,Rx,0,8,04,00,00,00,30,00,15,9F,
68668904,00000110,false,Rx,0,8,90,00,00,00,50,00,21,4B,
68668905,00000050,false,Rx,0,6,41,5C,FF,FB,5F,FF,00,00,
68668906,00000130,false,Rx,0,8,4D,21,00,00,43,80,83,51,
68669880,00000100,false,Rx,0,8,5A,00,00,00,40,00,3D,21,
68669881,00000120,false,Rx,0,8,04,00,00,00,40,00,30,5F,
68670873,00000110,false,Rx,0,8,90,00,00,00,60,00,35,4B,
68670874,00000130,false,Rx,0,8,F8,FF,FF,FF,50,00,3D,93,
68672027,00000100,false,Rx,0,8,88,00,00,00,50,00,22,93,
68672028,00000120,false,Rx,0,8,04,00,00,00,50,00,3D,9F,
68673005,00000110,false,Rx,0,8,34,00,00,00,70,00,21,AF,
68673006,00000170,false,Rx,0,8,00,00,00,58,50,81,05,4C,
68673007,00000130,false,Rx,0,8,F8,FF,FF,FF,60,00,29,93,
68673998,00000100,false,Rx,0,8,9F,00,00,00,60,00,35,B4,
68673999,00000120,false,Rx,0,8,CB,FF,FF,FF,60,00,2C,50,
68675128,00000110,false,Rx,0,8,34,00,00,00,80,00,65,AF,
68675130,00000130,false,Rx,0,8,18,00,00,00,70,00,26,03,
68676114,00000100,false,Rx,0,8,88,00,00,00,70,00,3B,53,
68676115,00000120,false,Rx,0,8,CB,FF,FF,FF,70,00,21,90,
68677126,00000110,false,Rx,0,8,62,00,00,00,90,00,64,59,
68677127,00000130,false,Rx,0,8,F8,FF,FF,FF,80,00,60,53,
68678105,00000100,false,Rx,0,8,71,00,00,00,80,00,6B,3A,
68678106,00000120,false,Rx,0,8,04,00,00,00,80,00,60,5F,
68679259,00000110,false,Rx,0,8,62,00,00,00,A0,00,70,59,
68679260,00000130,false,Rx,0,8,18,00,00,00,90,00,6F,C3,
68680260,00000100,false,Rx,0,8,71,00,00,00,90,00,66,FA,
68680261,00000120,false,Rx,0,8,04,00,00,00,90,00,6D,9F,
68681238,00000110,false,Rx,0,8,79,00,00,00,B0,00,7E,72,
68681238,00000130,false,Rx,0,8,F8,FF,FF,FF,A0,00,79,93,
68682238,00000100,false,Rx,0,8,5A,00,00,00,A0,00,74,E1,
68682238,00000120,false,Rx,0,8,3D,00,00,00,A0,00,7C,F6,
68683234,00000110,false,Rx,0,8,79,00,00,00,C0,00,5B,B2,
68683235,00000130,false,Rx,0,8,D9,FF,FF,FF,B0,00,72,E2,
68684362,00000100,false,Rx,0,8,2C,00,00,00,B0,00,72,77,
68684363,00000140,false,Rx,0,8,01,00,FF,FF,E0,00,48,2E,
68684363,00000120,false,Rx,0,8,3D,00,00,00,B0,00,71,36,
68685381,00000110,false,Rx,0,8,90,00,00,00,D0,00,40,8B,
68685381,00000130,false,Rx,0,8,F8,FF,FF,FF,C0,00,51,93,
68686357,00000100,false,Rx,0,8,43,00,00,00,C0,00,5E,E8,
68686358,00000120,false,Rx,0,8,04,00,00,00,C0,00,51,9F,
68687361,00000110,false,Rx,0,8,90,00,00,00,E0,00,54,8B,
68687362,00000130,false,Rx,0,8,F8,FF,FF,FF,D0,00,5C,53,
68688513,00000100,false,Rx,0,8,5A,00,00,00,D0,00,51,21,
68688514,00000120,false,Rx,0,8,04,00,00,00,D0,00,5C,5F,
68688514,00000110,false,Rx,0,8,79,00,00,00,F0,00,4F,B2,
68689612,00000050,false,Rx,0,6,41,5C,FF,FB,5F,FF,00,00,
68689612,00000130,false,Rx,0,8,B8,34,03,00,E3,80,E2,73,
68689613,00000100,false,Rx,0,8,71,00,00,00,E0,00,43,3A,
68691240,00000120,false,Rx,0,8,E7,FF,FF,FF,E0,00,4A,3C,
68691241,00000110,false,Rx,0,8,79,00,00,00,00,00,0B,B2,
68692347,00000130,false,Rx,0,8,D9,FF,FF,FF,F0,00,43,22,
68692347,00000100,false,Rx,0,8,88,00,00,00,F0,00,5A,93,
68693384,00000120,false,Rx,0,8,E7,FF,FF,FF,F0,00,47,FC,
68693385,00000110,false,Rx,0,8,1D,00,00,00,10,00,0E,56,
68694362,00000130,false,Rx,0,8,F8,FF,FF,FF,00,00,01,93,
68694363,00000100,false,Rx,0,8,9F,00,00,00,00,00,1D,B4,
68695352,00000120,false,Rx,0,8,E7,FF,FF,FF,00,00,03,FC,
68695353,00000110,false,Rx,0,8,1D,00,00,00,20,00,1A,56,
68696512,00000130,false,Rx,0,8,F8,FF,FF,FF,10,00,0C,53,
68696513,00000100,false,Rx,0,8,88,00,00,00,10,00,13,53,
68697509,00000120,false,Rx,0,8,E7,FF,FF,FF,10,00,0E,3C,
68697510,00000110,false,Rx,0,8,4B,00,00,00,30,00,1B,A0,
68698509,00000130,false,Rx,0,8,F8,FF,FF,FF,20,00,18,53,
68698510,00000100,false,Rx,0,8,71,00,00,00,20,00,13,3A,
68699486,00000120,false,Rx,0,8,04,00,00,00,20,00,18,5F,
68699487,00000110,false,Rx,0,8,4B,00,00,00,40,00,3E,60,
68700480,00000130,false,Rx,0,8,F8,FF,FF,FF,30,00,15,93,
68700481,00000100,false,Rx,0,8,71,00,00,00,30,00,1E,FA,
68701619,00000120,false,Rx,0,8,04,00,00,00,30,00,15,9F,
68701619,00000110,false,Rx,0,8,79,00,00,00,50,00,37,B2,
68702621,00000130,false,Rx,0,8,D9,FF,FF,FF,40,00,36,E2,
68702622,00000100,false,Rx,0,8,5A,00,00,00,40,00,3D,21,
68703612,00000120,false,Rx,0,8,3D,00,00,00,40,00,35,36,
68703613,00000110,false,Rx,0,8,79,00,00,00,60,00,23,B2,
68704612,00000130,false,Rx,0,8,18,00,00,00,50,00,3F,C3,
68704613,00000100,false,Rx,0,8,5A,00,00,00,50,00,30,E1,
68704613,00000140,false,Rx,0,8,01,00,FF,FF,F0,00,45,EE,
68705758,00000120,false,Rx,0,8,3D,00,00,00,50,00,38,F6,
68705759,00000110,false,Rx,0,8,62,00,00,00,70,00,2D,99,
68706764,00000130,false,Rx,0,8,F8,FF,FF,FF,60,00,29,93,
68706765,00000100,false,Rx,0,8,5A,00,00,00,60,00,24,E1,
68707735,00000120,false,Rx,0,8,04,00,00,00,60,00,29,9F,
68707736,00000110,false,Rx,0,8,62,00,00,00,80,00,69,99,
68708734,00000130,false,Rx,0,8,F8,FF,FF,FF,70,00,24,53,
68708735,00000100,false,Rx,0,8,71,00,00,00,70,00,2F,3A,
68708735,00000120,false,Rx,0,8,04,00,00,00,70,00,24,5F,
68709985,00000110,false,Rx,0,8,62,00,00,00,90,00,64,59,
68709986,00000050,false,Rx,0,6,41,5C,FF,FB,5F,FF,00,00,
68709987,00000130,false,Rx,0,8,EB,95,FF,FF,83,80,7B,A9,
68710991,00000100,false,Rx,0,8,71,00,00,00,80,00,6B,3A,
68710991,00000120,false,Rx,0,8,E7,FF,FF,FF,80,00,62,3C,
68711977,00000110,false,Rx,0,8,62,00,00,00,A0,00,70,59,
68711978,00000130,false,Rx,0,8,B5,00,00,00,90,00,76,7E,
68713139,00000100,false,Rx,0,8,88,00,00,00,90,00,72,93,
68713140,00000120,false,Rx,0,8,E7,FF,FF,FF,90,00,6F,FC,
68714115,00000110,false,Rx,0,8,1D,00,00,00,B0,00,76,56,
68714115,00000130,false,Rx,0,8,F8,FF,FF,FF,A0,00,79,93,
68715102,00000100,false,Rx,0,8,9F,00,00,00,A0,00,65,B4,
68715103,00000120,false,Rx,0,8,CB,FF,FF,FF,A0,00,7C,50,
68716258,00000110,false,Rx,0,8,1D,00,00,00,C0,00,53,96,
68716259,00000130,false,Rx,0,8,F8,FF,FF,FF,B0,00,74,53,
68717264,00000100,false,Rx,0,8,88,00,00,00,B0,00,6B,53,
68717264,00000120,false,Rx,0,8,CB,FF,FF,FF,B0,00,71,90,
68718218,00000110,false,Rx,0,8,4B,00,00,00,D0,00,52,60,
68718219,00000130,false,Rx,0,8,F8,FF,FF,FF,C0,00,51,93,
68719229,00000100,false,Rx,0,8,71,00,00,00,C0,00,5A,FA,
68719230,00000120,false,Rx,0,8,04,00,00,00,C0,00,51,9F,
68720348,00000110,false,Rx,0,8,4B,00,00,00,E0,00,46,60,
68720349,00000130,false,Rx,0,8,18,00,00,00,D0,00,5E,03,
68721383,00000100,false,Rx,0,8,5A,00,00,00,D0,00,51,21,
68721384,00000120,false,Rx,0,8,04,00,00,00,D0,00,5C,5F,
68722342,00000110,false,Rx,0,8,79,00,00,00,F0,00,4F,B2,
68722343,00000130,false,Rx,0,8,37,00,00,00,E0,00,4D,9C,
68723354,00000100,false,Rx,0,8,5A,00,00,00,E0,00,45,21,
68723355,00000120,false,Rx,0,8,3D,00,00,00,E0,00,4D,36,
68724355,00000110,false,Rx,0,8,79,00,00,00,00,00,0B,B2,
68724355,00000130,false,Rx,0,8,B9,FF,FF,FF,F0,00,4A,82,
68725480,00000100,false,Rx,0,8,43,00,00,00,F0,00,4A,E8,
68725481,00000140,false,Rx,0,8,01,00,FF,FF,00,00,01,EE,
68725482,00000120,false,Rx,0,8,3D,00,00,00,F0,00,40,F6,
68726479,00000110,false,Rx,0,8,79,00,00,00,10,00,06,72,
68726480,00000130,false,Rx,0,8,F8,FF,FF,FF,00,00,01,93,
68727479,00000100,false,Rx,0,8,71,00,00,00,00,00,0A,FA,
68727480,00000120,false,Rx,0,8,04,00,00,00,00,00,01,9F,
68728479,00000110,false,Rx,0,8,79,00,00,00,20,00,12,72,
68728480,00000130,false,Rx,0,8,18,00,00,00,10,00,0E,03,
68729601,00000100,false,Rx,0,8,5A,00,00,00,10,00,01,21,
68729602,00000120,false,Rx,0,8,04,00,00,00,10,00,0C,5F,
68729603,00000110,false,Rx,0,8,62,00,00,00,30,00,1C,59,
68730730,00000050,false,Rx,0,6,41,5C,FF,FB,5F,FF,00,00,
68730731,00000130,false,Rx,0,8,2C,BA,F5,FF,23,80,C5,00,
68730732,00000100,false,Rx,0,8,88,00,00,00,20,00,07,53,
68732353,00000120,false,Rx,0,8,E7,FF,FF,FF,20,00,1A,3C,
68732354,00000110,false,Rx,0,8,62,00,00,00,40,00,39,99,
68733479,00000130,false,Rx,0,8,95,00,00,00,30,00,09,1E,
68733480,00000100,false,Rx,0,8,9F,00,00,00,30,00,09,B4,
68734481,00000120,false,Rx,0,8,E7,FF,FF,FF,30,00,17,FC,
68734482,00000110,false,Rx,0,8,34,00,00,00,50,00,38,6F,
68735480,00000130,false,Rx,0,8,F8,FF,FF,FF,40,00,30,53,
68735480,00000100,false,Rx,0,8,9F,00,00,00,40,00,2C,74,
68736479,00000120,false,Rx,0,8,04,00,00,00,40,00,30,5F,
68736480,00000110,false,Rx,0,8,34,00,00,00,60,00,2C,6F,
68736481,00000130,false,Rx,0,8,F8,FF,FF,FF,50,00,3D,93,
68737728,00000100,false,Rx,0,8,71,00,00,00,50,00,36,FA,
68737729,00000120,false,Rx,0,8,04,00,00,00,50,00,3D,9F,
68738855,00000110,false,Rx,0,8,62,00,00,00,70,00,2D,99,
68738856,00000130,false,Rx,0,8,D9,FF,FF,FF,60,00,2F,22,
68739855,00000100,false,Rx,0,8,71,00,00,00,60,00,22,FA,
68739856,00000120,false,Rx,0,8,04,00,00,00,60,00,29,9F,
68740855,00000110,false,Rx,0,8,62,00,00,00,80,00,69,99,
68740856,00000130,false,Rx,0,8,18,00,00,00,70,00,26,03,
68741855,00000100,false,Rx,0,8,5A,00,00,00,70,00,29,21,
68741855,00000120,false,Rx,0,8,04,00,00,00,70,00,24,5F,
68742980,00000110,false,Rx,0,8,90,00,00,00,90,00,71,4B,
68742980,00000130,false,Rx,0,8,F8,FF,FF,FF,80,00,60,53,
68743980,00000100,false,Rx,0,8,43,00,00,00,80,00,6F,28,
68743981,00000120,false,Rx,0,8,20,00,00,00,80,00,66,BB,
68744967,00000110,false,Rx,0,8,90,00,00,00,A0,00,65,4B,
68744968,00000130,false,Rx,0,8,18,00,00,00,90,00,6F,C3,
68745981,00000100,false,Rx,0,8,5A,00,00,00,90,00,60,E1,
68745981,00000140,false,Rx,0,8,01,00,FF,FF,10,00,0C,2E,
68745982,00000120,false,Rx,0,8,20,00,00,00,90,00,6B,7B,
68747104,00000110,false,Rx,0,8,62,00,00,00,B0,00,7D,99,
68747105,00000130,false,Rx,0,8,D9,FF,FF,FF,A0,00,7F,22,
68748103,00000100,false,Rx,0,8,5A,00,00,00,A0,00,74,E1,
68748103,00000120,false,Rx,0,8,04,00,00,00,A0,00,79,9F,
68749103,00000110,false,Rx,0,8,62,00,00,00,C0,00,58,59,
68749104,00000130,false,Rx,0,8,18,00,00,00,B0,00,76,03,
68750103,00000100,false,Rx,0,8,71,00,00,00,B0,00,7F,3A,
68750104,00000120,false,Rx,0,8,04,00,00,00,B0,00,74,5F,
68750104,00000110,false,Rx,0,8,79,00,00,00,D0,00,56,72,
68751355,00000050,false,Rx,0,6,41,5C,FF,FB,5F,FF,00,00,
68751356,00000130,false,Rx,0,8,4D,21,00,00,C3,80,E2,91,
68751356,00000100,false,Rx,0,8,88,00,00,00,C0,00,4E,93,
68752979,00000120,false,Rx,0,8,AE,FF,FF,FF,C0,00,5D,A5,
68752980,00000110,false,Rx,0,8,79,00,00,00,E0,00,42,72,
68753978,00000130,false,Rx,0,8,D9,FF,FF,FF,D0,00,5A,E2,
68753979,00000100,false,Rx,0,8,9F,00,00,00,D0,00,40,74,
68755104,00000120,false,Rx,0,8,AE,FF,FF,FF,D0,00,50,65,
68755104,00000110,false,Rx,0,8,34,00,00,00,F0,00,40,6F,
68756104,00000130,false,Rx,0,8,18,00,00,00,E0,00,4A,03,
68756104,00000100,false,Rx,0,8,71,00,00,00,E0,00,43,3A,
68757106,00000120,false,Rx,0,8,E7,FF,FF,FF,E0,00,4A,3C,
68757107,00000110,false,Rx,0,8,34,00,00,00,00,00,04,6F,
68758104,00000130,false,Rx,0,8,F8,FF,FF,FF,F0,00,45,93,
68758105,00000100,false,Rx,0,8,71,00,00,00,F0,00,4E,FA,
68759104,00000120,false,Rx,0,8,E7,FF,FF,FF,F0,00,47,FC,
68759105,00000110,false,Rx,0,8,62,00,00,00,10,00,05,99,
68760230,00000130,false,Rx,0,8,F8,FF,FF,FF,00,00,01,93,
68760231,00000100,false,Rx,0,8,71,00,00,00,00,00,0A,FA,
68761230,00000120,false,Rx,0,8,04,00,00,00,00,00,01,9F,
68761231,00000110,false,Rx,0,8,62,00,00,00,20,00,11,99,
68762216,00000130,false,Rx,0,8,F8,FF,FF,FF,10,00,0C,53,
68762217,00000100,false,Rx,0,8,5A,00,00,00,10,00,01,21,
68763226,00000120,false,Rx,0,8,04,00,00,00,10,00,0C,5F,
68763226,00000110,false,Rx,0,8,90,00,00,00,30,00,09,4B,
68764230,00000130,false,Rx,0,8,F8,FF,FF,FF,20,00,18,53,
68764231,00000100,false,Rx,0,8,2C,00,00,00,20,00,1E,77,
68765353,00000135,false,Rx,0,8,A3,00,00,00,30,00,0C,88,
68765354,00000110,false,Rx,0,8,90,00,00,00,40,00,2C,8B,
68766356,00000130,false,Rx,0,8,18,00,00,00,30,00,17,C3,
68766356,00000100,false,Rx,0,8,71,00,00,00,30,00,1E,FA,
68766357,00000140,false,Rx,0,8,01,00,FF,FF,20,00,18,2E,
68767356,00000120,false,Rx,0,8,04,00,00,00,20,00,18,5F,
68767356,00000110,false,Rx,0,8,62,00,00,00,50,00,34,59,
68768357,00000130,false,Rx,0,8,F8,FF,FF,FF,40,00,30,53,
68768359,00000100,false,Rx,0,8,5A,00,00,00,40,00,3D,21,
68769478,00000120,false,Rx,0,8,04,00,00,00,30,00,15,9F,
68769478,00000110,false,Rx,0,8,62,00,00,00,60,00,20,59,
68770480,00000130,false,Rx,0,8,F8,FF,FF,FF,50,00,3D,93,
68770480,00000100,false,Rx,0,8,71,00,00,00,50,00,36,FA,
68770481,00000120,false,Rx,0,8,04,00,00,00,40,00,30,5F,
68771717,00000110,false,Rx,0,8,79,00,00,00,70,00,2E,72,
68771718,00000050,false,Rx,0,6,41,5C,FF,FB,5F,FF,00,00,
68771719,00000130,false,Rx,0,8,D8,34,03,00,63,80,8A,13,
68772733,00000100,false,Rx,0,8,88,00,00,00,60,00,36,93,
68772734,00000120,false,Rx,0,8,CB,FF,FF,FF,50,00,38,50,
68773730,00000110,false,Rx,0,8,79,00,00,00,80,00,6A,72,
68773731,00000130,false,Rx,0,8,D9,FF,FF,FF,70,00,22,E2,
68774843,00000100,false,Rx,0,8,9F,00,00,00,70,00,38,74,
68774844,00000120,false,Rx,0,8,CB,FF,FF,FF,60,00,2C,50,
68775857,00000110,false,Rx,0,8,34,00,00,00,90,00,68,6F,
68775858,00000170,false,Rx,0,8,00,00,00,59,50,81,05,D1,
68775858,00000130,false,Rx,0,8,F8,FF,FF,FF,80,00,60,53,
68776853,00000100,false,Rx,0,8,88,00,00,00,80,00,7F,53,
68776853,00000120,false,Rx,0,8,E7,FF,FF,FF,70,00,26,3C,
68777856,00000110,false,Rx,0,8,34,00,00,00,A0,00,7C,6F,
68777857,00000130,false,Rx,0,8,18,00,00,00,90,00,6F,C3,
68778852,00000100,false,Rx,0,8,71,00,00,00,90,00,66,FA,
68778853,00000120,false,Rx,0,8,E7,FF,FF,FF,80,00,62,3C,
68779977,00000110,false,Rx,0,8,62,00,00,00,B0,00,7D,99,
68779978,00000130,false,Rx,0,8,18,00,00,00,A0,00,7B,C3,
68780978,00000100,false,Rx,0,8,71,00,00,00,A0,00,72,FA,
68780978,00000120,false,Rx,0,8,20,00,00,00,90,00,6B,7B,
68781977,00000110,false,Rx,0,8,62,00,00,00,C0,00,58,59,
68781978,00000130,false,Rx,0,8,B9,FF,FF,FF,B0,00,7B,42,
68783101,00000100,false,Rx,0,8,5A,00,00,00,B0,00,79,21,
68783102,00000120,false,Rx,0,8,20,00,00,00,A0,00,7F,7B,
68784103,00000110,false,Rx,0,8,A7,00,00,00,D0,00,44,CC,
68784104,00000130,false,Rx,0,8,D9,FF,FF,FF,C0,00,57,22,
68785103,00000100,false,Rx,0,8,43,00,00,00,C0,00,5E,E8,
68785104,00000120,false,Rx,0,8,20,00,00,00,B0,00,72,BB,
68786102,00000110,false,Rx,0,8,A7,00,00,00,E0,00,50,CC,
68786103,00000130,false,Rx,0,8,F8,FF,FF,FF,D0,00,5C,53,
68787101,00000100,false,Rx,0,8,5A,00,00,00,D0,00,51,21,
68787101,00000140,false,Rx,0,8,01,00,FF,FF,30,00,15,EE,
68787102,00000120,false,Rx,0,8,20,00,00,00,C0,00,57,7B,
68788228,00000110,false,Rx,0,8,79,00,00,00,F0,00,4F,B2,
68788229,00000130,false,Rx,0,8,F8,FF,FF,FF,E0,00,48,53,
68789228,00000100,false,Rx,0,8,5A,00,00,00,E0,00,45,21,
68789229,00000120,false,Rx,0,8,20,00,00,00,D0,00,5A,BB,
68790229,00000110,false,Rx,0,8,79,00,00,00,00,00,0B,B2,
68790230,00000130,false,Rx,0,8,18,00,00,00,F0,00,47,C3,
68791216,00000100,false,Rx,0,8,71,00,00,00,F0,00,4E,FA,
68791217,00000120,false,Rx,0,8,20,00,00,00,E0,00,4E,BB,
68791218,00000110,false,Rx,0,8,34,00,00,00,10,00,09,AF,
68792479,00000050,false,Rx,0,6,41,5C,FF,FB,5F,FF,00,00,
68792480,00000130,false,Rx,0,8,EB,95,FF,FF,03,80,1A,69,
68792480,00000100,false,Rx,0,8,9F,00,00,00,00,00,1D,B4,
68794103,00000120,false,Rx,0,8,CB,FF,FF,FF,F0,00,40,50,
68794103,00000110,false,Rx,0,8,34,00,00,00,20,00,1D,AF,
68795103,00000130,false,Rx,0,8,56,00,00,00,10,00,01,ED,
68795104,00000100,false,Rx,0,8,88,00,00,00,10,00,13,53,
68796228,00000120,false,Rx,0,8,CB,FF,FF,FF,00,00,04,50,
68796229,00000110,false,Rx,0,8,4B,00,00,00,30,00,1B,A0,
68797228,00000130,false,Rx,0,8,99,FF,FF,FF,20,00,10,22,
68797230,00000100,false,Rx,0,8,71,00,00,00,20,00,13,3A,
68798228,00000120,false,Rx,0,8,E7,FF,FF,FF,10,00,0E,3C,
68798229,00000110,false,Rx,0,8,4B,00,00,00,40,00,3E,60,
68799229,00000130,false,Rx,0,8,18,00,00,00,30,00,17,C3,
68799229,00000100,false,Rx,0,8,71,00,00,00,30,00,1E,FA,
68800225,00000120,false,Rx,0,8,E7,FF,FF,FF,20,00,1A,3C,
68800226,00000110,false,Rx,0,8,79,00,00,00,50,00,37,B2,
68801352,00000130,false,Rx,0,8,F8,FF,FF,FF,40,00,30,53,
68801353,00000100,false,Rx,0,8,5A,00,00,00,40,00,3D,21,
68802353,00000120,false,Rx,0,8,20,00,00,00,30,00,13,7B,
68802353,00000110,false,Rx,0,8,79,00,00,00,60,00,23,B2,
68803353,00000130,false,Rx,0,8,18,00,00,00,50,00,3F,C3,
68803354,00000100,false,Rx,0,8,43,00,00,00,50,00,32,E8,
68804351,00000120,false,Rx,0,8,20,00,00,00,40,00,36,BB,
68804352,00000110,false,Rx,0,8,A7,00,00,00,70,00,3C,CC,
68805352,00000130,false,Rx,0,8,D9,FF,FF,FF,60,00,2F,22,
68805352,00000100,false,Rx,0,8,5A,00,00,00,60,00,24,E1,
68806475,00000120,false,Rx,0,8,20,00,00,00,50,00,3B,7B,
68806476,00000110,false,Rx,0,8,A7,00,00,00,80,00,78,CC,
68807464,00000130,false,Rx,0,8,F8,FF,FF,FF,70,00,24,53,
68807465,00000100,false,Rx,0,8,5A,00,00,00,70,00,29,21,
68807465,00000140,false,Rx,0,8,01,00,FF,FF,40,00,30,2E,
68808481,00000120,false,Rx,0,8,20,00,00,00,60,00,2F,7B,
68808482,00000110,false,Rx,0,8,62,00,00,00,90,00,64,59,
68809596,00000130,false,Rx,0,8,F8,FF,FF,FF,80,00,60,53,
68809597,00000100,false,Rx,0,8,71,00,00,00,80,00,6B,3A,
68810589,00000120,false,Rx,0,8,04,00,00,00,70,00,24,5F,
68810590,00000110,false,Rx,0,8,62,00,00,00,A0,00,70,59,
68811601,00000130,false,Rx,0,8,18,00,00,00,90,00,6F,C3,
68811602,00000100,false,Rx,0,8,71,00,00,00,90,00,66,FA,
68811602,00000120,false,Rx,0,8,04,00,00,00,80,00,60,5F,
68812860,00000110,false,Rx,0,8,34,00,00,00,B0,00,71,AF,
68812861,00000050,false,Rx,0,6,41,5C,FF,FB,5F,FF,00,00,
68812861,00000130,false,Rx,0,8,4C,BA,F5,FF,A3,80,AD,60,
68813872,00000100,false,Rx,0,8,9F,00,00,00,A0,00,65,B4,
68813872,00000120,false,Rx,0,8,E7,FF,FF,FF,90,00,6F,FC,
68814847,00000110,false,Rx,0,8,34,00,00,00,C0,00,54,6F,
68814848,00000130,false,Rx,0,8,95,00,00,00,B0,00,68,DE,
68815982,00000100,false,Rx,0,8,88,00,00,00,B0,00,6B,53,
68815984,00000120,false,Rx,0,8,E7,FF,FF,FF,A0,00,7B,FC,
68816977,00000110,false,Rx,0,8,4B,00,00,00,D0,00,52,60,
68816977,00000130,false,Rx,0,8,18,00,00,00,C0,00,53,C3,
68817980,00000100,false,Rx,0,8,71,00,00,00,C0,00,5A,FA,
68817980,00000120,false,Rx,0,8,04,00,00,00,B0,00,74,5F,
68818980,00000110,false,Rx,0,8,4B,00,00,00,E0,00,46,60,
68818980,00000130,false,Rx,0,8,F8,FF,FF,FF,D0,00,5C,53,
68820103,00000100,false,Rx,0,8,71,00,00,00,D0,00,57,3A,
68820104,00000120,false,Rx,0,8,04,00,00,00,C0,00,51,9F,
68821106,00000110,false,Rx,0,8,62,00,00,00,F0,00,4C,59,
68821107,00000130,false,Rx,0,8,F8,FF,FF,FF,E0,00,48,53,
68822102,00000100,false,Rx,0,8,5A,00,00,00,E0,00,45,21,
68822104,00000120,false,Rx,0,8,20,00,00,00,D0,00,5A,BB,
68823102,00000110,false,Rx,0,8,62,00,00,00,00,00,08,59,
68823102,00000130,false,Rx,0,8,F8,FF,FF,FF,F0,00,45,93,
68824230,00000100,false,Rx,0,8,43,00,00,00,F0,00,4A,E8,
68824231,00000120,false,Rx,0,8,20,00,00,00,E0,00,4E,BB,
68825225,00000110,false,Rx,0,8,90,00,00,00,10,00,10,8B,
68825226,00000130,false,Rx,0,8,F8,FF,FF,FF,00,00,01,93,
68826233,00000100,false,Rx,0,8,43,00,00,00,00,00,0E,E8,
68826234,00000120,false,Rx,0,8,04,00,00,00,F0,00,45,9F,
68827250,00000110,false,Rx,0,8,90,00,00,00,20,00,04,8B,
68827251,00000130,false,Rx,0,8,37,00,00,00,10,00,09,9C,
68828225,00000100,false,Rx,0,8,5A,00,00,00,10,00,01,21,
68828226,00000140,false,Rx,0,8,01,00,FF,FF,50,00,3D,EE,
68828227,00000120,false,Rx,0,8,04,00,00,00,00,00,01,9F,
68829380,00000110,false,Rx,0,8,62,00,00,00,30,00,1C,59,
68829380,00000130,false,Rx,0,8,18,00,00,00,20,00,1A,03,
68830358,00000100,false,Rx,0,8,71,00,00,00,20,00,13,3A,
68830358,00000120,false,Rx,0,8,E7,FF,FF,FF,10,00,0E,3C,
68831360,00000110,false,Rx,0,8,62,00,00,00,40,00,39,99,
68831360,00000130,false,Rx,0,8,37,00,00,00,30,00,10,5C,
68832351,00000100,false,Rx,0,8,88,00,00,00,30,00,0A,93,
68832352,00000120,false,Rx,0,8,E7,FF,FF,FF,20,00,1A,3C,
68832352,00000110,false,Rx,0,8,4B,00,00,00,50,00,33,A0,
68833611,00000050,false,Rx,0,6,41,5C,FF,FB,5F,FF,00,00,
68833611,00000130,false,Rx,0,8,4D,21,00,00,43,80,83,51,
68833612,00000100,false,Rx,0,8,9F,00,00,00,40,00,2C,74,
68835236,00000120,false,Rx,0,8,E7,FF,FF,FF,30,00,17,FC,
68835237,00000110,false,Rx,0,8,4B,00,00,00,60,00,27,A0,
68836246,00000130,false,Rx,0,8,F8,FF,FF,FF,50,00,3D,93,
68836247,00000100,false,Rx,0,8,88,00,00,00,50,00,22,93,
68837229,00000120,false,Rx,0,8,E7,FF,FF,FF,40,00,32,3C,
68837230,00000110,false,Rx,0,8,62,00,00,00,70,00,2D,99,
68838381,00000130,false,Rx,0,8,18,00,00,00,60,00,2B,C3,
68838382,00000100,false,Rx,0,8,71,00,00,00,60,00,22,FA,
68839358,00000120,false,Rx,0,8,E7,FF,FF,FF,50,00,3F,FC,
68839359,00000110,false,Rx,0,8,62,00,00,00,80,00,69,99,
68840384,00000130,false,Rx,0,8,F8,FF,FF,FF,70,00,24,53,
68840385,00000100,false,Rx,0,8,71,00,00,00,70,00,2F,3A,
68841506,00000120,false,Rx,0,8,E7,FF,FF,FF,60,00,2B,FC,
68841507,00000110,false,Rx,0,8,79,00,00,00,90,00,67,B2,
68842478,00000130,false,Rx,0,8,18,00,00,00,80,00,62,03,
68842478,00000100,false,Rx,0,8,5A,00,00,00,80,00,6D,21,
68843485,00000120,false,Rx,0,8,20,00,00,00,70,00,22,BB,
68843486,00000110,false,Rx,0,8,79,00,00,00,A0,00,73,B2,
68844484,00000130,false,Rx,0,8,F8,FF,FF,FF,90,00,6D,93,
68844485,00000100,false,Rx,0,8,2C,00,00,00,90,00,6B,B7,
68845508,00000120,false,Rx,0,8,20,00,00,00,80,00,66,BB,
68845509,00000110,false,Rx,0,8,79,00,00,00,B0,00,7E,72,
68846614,00000130,false,Rx,0,8,18,00,00,00,A0,00,7B,C3,
68846615,00000100,false,Rx,0,8,5A,00,00,00,A0,00,74,E1,
68847611,00000120,false,Rx,0,8,04,00,00,00,90,00,6D,9F,
68847612,00000110,false,Rx,0,8,79,00,00,00,C0,00,5B,B2,
68848609,00000130,false,Rx,0,8,D9,FF,FF,FF,B0,00,72,E2,
68848610,00000100,false,Rx,0,8,5A,00,00,00,B0,00,79,21,
68848610,00000140,false,Rx,0,8,01,00,FF,FF,60,00,29,EE,
68849611,00000120,false,Rx,0,8,04,00,00,00,A0,00,79,9F,
68849612,00000110,false,Rx,0,8,62,00,00,00,D0,00,55,99,
68850757,00000130,false,Rx,0,8,18,00,00,00,C0,00,53,C3,
68850757,00000100,false,Rx,0,8,71,00,00,00,C0,00,5A,FA,
68851761,00000120,false,Rx,0,8,E7,FF,FF,FF,B0,00,76,3C,
68851762,00000110,false,Rx,0,8,62,00,00,00,E0,00,41,99,
68852756,00000130,false,Rx,0,8,18,00,00,00,D0,00,5E,03,
68852756,00000100,false,Rx,0,8,88,00,00,00,D0,00,43,53,
68852757,00000120,false,Rx,0,8,E7,FF,FF,FF,C0,00,53,FC,
68854006,00000110,false,Rx,0,8,4B,00,00,00,F0,00,4B,A0,
68854007,00000050,false,Rx,0,6,41,5C,FF,FB,5F,FF,00,00,
68854008,00000130,false,Rx,0,8,D8,34,03,00,E3,80,EB,D3,
68854986,00000100,false,Rx,0,8,9F,00,00,00,E0,00,54,74,
68854987,00000120,false,Rx,0,8,E7,FF,FF,FF,D0,00,5E,3C,
68855983,00000110,false,Rx,0,8,4B,00,00,00,00,00,0F,A0,
68855984,00000130,false,Rx,0,8,D9,FF,FF,FF,F0,00,43,22,
68857131,00000100,false,Rx,0,8,71,00,00,00,F0,00,4E,FA,
68857132,00000120,false,Rx,0,8,E7,FF,FF,FF,E0,00,4A,3C,
68858136,00000110,false,Rx,0,8,62,00,00,00,10,00,05,99,
68858137,00000130,false,Rx,0,8,18,00,00,00,00,00,03,C3,
68859124,00000100,false,Rx,0,8,71,00,00,00,00,00,0A,FA,
68859125,00000120,false,Rx,0,8,04,00,00,00,F0,00,45,9F,
68860253,00000110,false,Rx,0,8,62,00,00,00,20,00,11,99,
68860254,00000130,false,Rx,0,8,D9,FF,FF,FF,10,00,0A,E2,
68861255,00000100,false,Rx,0,8,5A,00,00,00,10,00,01,21,
68861256,00000120,false,Rx,0,8,04,00,00,00,00,00,01,9F,
68862234,00000110,false,Rx,0,8,90,00,00,00,30,00,09,4B,
68862234,00000130,false,Rx,0,8,18,00,00,00,20,00,1A,03,
68863219,00000100,false,Rx,0,8,43,00,00,00,20,00,17,28,
68863220,00000120,false,Rx,0,8,59,00,00,00,10,00,01,12,
68864257,00000110,false,Rx,0,8,90,00,00,00,40,00,2C,8B,
68864258,00000130,false,Rx,0,8,D9,FF,FF,FF,30,00,13,22,
68865358,00000100,false,Rx,0,8,43,00,00,00,30,00,1A,E8,
68865359,00000120,false,Rx,0,8,59,00,00,00,20,00,15,12,
68866379,00000110,false,Rx,0,8,79,00,00,00,50,00,37,B2,
68866380,00000130,false,Rx,0,8,18,00,00,00,40,00,32,03,
68867363,00000100,false,Rx,0,8,5A,00,00,00,40,00,3D,21,
68867363,00000120,false,Rx,0,8,04,00,00,00,30,00,15,9F,
68868350,00000110,false,Rx,0,8,79,00,00,00,60,00,23,B2,
68868351,00000130,false,Rx,0,8,F8,FF,FF,FF,50,00,3D,93,
68869361,00000100,false,Rx,0,8,71,00,00,00,50,00,36,FA,
68869362,00000140,false,Rx,0,8,01,00,FF,FF,70,00,24,2E,
68869362,00000120,false,Rx,0,8,04,00,00,00,40,00,30,5F,
68870502,00000110,false,Rx,0,8,62,00,00,00,70,00,2D,99,
68870503,00000130,false,Rx,0,8,F8,FF,FF,FF,60,00,29,93,
68871485,00000100,false,Rx,0,8,71,00,00,00,60,00,22,FA,
68871486,00000120,false,Rx,0,8,E7,FF,FF,FF,50,00,3F,FC,
68872482,00000110,false,Rx,0,8,62,00,00,00,80,00,69,99,
68872483,00000130,false,Rx,0,8,18,00,00,00,70,00,26,03,
68873474,00000100,false,Rx,0,8,9F,00,00,00,70,00,38,74,
68873475,00000120,false,Rx,0,8,E7,FF,FF,FF,60,00,2B,FC,
68873475,00000110,false,Rx,0,8,34,00,00,00,90,00,68,6F,
68874751,00000050,false,Rx,0,6,41,5C,FF,FB,5F,FF,00,00,
68874752,00000130,false,Rx,0,8,EB,95,FF,FF,83,80,7B,A9,
68874753,00000100,false,Rx,0,8,88,00,00,00,80,00,7F,53,
68876380,00000120,false,Rx,0,8,E7,FF,FF,FF,70,00,26,3C,
68876381,00000110,false,Rx,0,8,34,00,00,00,A0,00,7C,6F,
68877360,00000130,false,Rx,0,8,95,00,00,00,90,00,71,1E,
68877360,00000100,false,Rx,0,8,71,00,00,00,90,00,66,FA,
68878505,00000120,false,Rx,0,8,E7,FF,FF,FF,80,00,62,3C,
68878506,00000110,false,Rx,0,8,62,00,00,00,B0,00,7D,99,
68878507,00000170,false,Rx,0,8,00,00,00,5A,50,81,05,6B,
68879464,00000130,false,Rx,0,8,D9,FF,FF,FF,A0,00,7F,22,
68879465,00000100,false,Rx,0,8,88,00,00,00,A0,00,66,93,
68880467,00000120,false,Rx,0,8,04,00,00,00,90,00,6D,9F,
68880467,00000110,false,Rx,0,8,62,00,00,00,C0,00,58,59,
68881506,00000130,false,Rx,0,8,18,00,00,00,B0,00,76,03,
68881507,00000100,false,Rx,0,8,5A,00,00,00,B0,00,79,21,
68882615,00000120,false,Rx,0,8,04,00,00,00,A0,00,79,9F,
68882616,00000110,false,Rx,0,8,90,00,00,00,D0,00,40,8B,
68883612,00000130,false,Rx,0,8,F8,FF,FF,FF,C0,00,51,93,
68883613,00000100,false,Rx,0,8,43,00,00,00,C0,00,5E,E8,
68884618,00000120,false,Rx,0,8,20,00,00,00,B0,00,72,BB,
68884619,00000110,false,Rx,0,8,90,00,00,00,E0,00,54,8B,
68885610,00000130,false,Rx,0,8,F8,FF,FF,FF,D0,00,5C,53,
68885611,00000100,false,Rx,0,8,5A,00,00,00,D0,00,51,21,
68886610,00000120,false,Rx,0,8,20,00,00,00,C0,00,57,7B,
68886611,00000110,false,Rx,0,8,79,00,00,00,F0,00,4F,B2,
68887755,00000130,false,Rx,0,8,F8,FF,FF,FF,E0,00,48,53,
68887755,00000100,false,Rx,0,8,71,00,00,00,E0,00,43,3A,
68888761,00000120,false,Rx,0,8,04,00,00,00,D0,00,5C,5F,
68888762,00000110,false,Rx,0,8,79,00,00,00,00,00,0B,B2,
68889733,00000130,false,Rx,0,8,D9,FF,FF,FF,F0,00,43,22,
68889734,00000100,false,Rx,0,8,5A,00,00,00,F0,00,48,E1,
68889734,00000140,false,Rx,0,8,01,00,FF,FF,80,00,60,2E,
68890734,00000120,false,Rx,0,8,04,00,00,00,E0,00,48,5F,
68890735,00000110,false,Rx,0,8,79,00,00,00,10,00,06,72,
68891877,00000130,false,Rx,0,8,D9,FF,FF,FF,00,00,07,22,
68891878,00000100,false,Rx,0,8,88,00,00,00,00,00,1E,93,
68892881,00000120,false,Rx,0,8,CB,FF,FF,FF,F0,00,40,50,
68892881,00000110,false,Rx,0,8,79,00,00,00,20,00,12,72,
68893880,00000130,false,Rx,0,8,D9,FF,FF,FF,10,00,0A,E2,
68893881,00000100,false,Rx,0,8,9F,00,00,00,10,00,10,74,
68893881,00000120,false,Rx,0,8,CB,FF,FF,FF,00,00,04,50,
68895109,00000110,false,Rx,0,8,34,00,00,00,30,00,10,6F,
68895110,00000050,false,Rx,0,6,41,5C,FF,FB,5F,FF,00,00,
68895110,00000130,false,Rx,0,8,4C,BA,F5,FF,23,80,CC,A0,
68896109,00000100,false,Rx,0,8,88,00,00,00,20,00,07,53,
68896110,00000120,false,Rx,0,8,E7,FF,FF,FF,10,00,0E,3C,
68897123,00000110,false,Rx,0,8,34,00,00,00,40,00,35,AF,
68897123,00000130,false,Rx,0,8,76,00,00,00,30,00,1F,4D,
68898253,00000100,false,Rx,0,8,71,00,00,00,30,00,1E,FA,
68898254,00000120,false,Rx,0,8,E7,FF,FF,FF,20,00,1A,3C,
68899234,00000110,false,Rx,0,8,62,00,00,00,50,00,34,59,
68899235,00000130,false,Rx,0,8,D9,FF,FF,FF,40,00,36,E2,
68900240,00000100,false,Rx,0,8,5A,00,00,00,40,00,3D,21,
68900240,00000120,false,Rx,0,8,20,00,00,00,30,00,13,7B,
68901385,00000110,false,Rx,0,8,62,00,00,00,60,00,20,59,
68901386,00000130,false,Rx,0,8,F8,FF,FF,FF,50,00,3D,93,
68902377,00000100,false,Rx,0,8,5A,00,00,00,50,00,30,E1,
68902378,00000120,false,Rx,0,8,20,00,00,00,40,00,36,BB,
68903381,00000110,false,Rx,0,8,90,00,00,00,70,00,38,8B,
68903382,00000130,false,Rx,0,8,F8,FF,FF,FF,60,00,29,93,
68904356,00000100,false,Rx,0,8,2C,00,00,00,60,00,2F,B7,
68904356,00000120,false,Rx,0,8,20,00,00,00,50,00,3B,7B,
68905510,00000110,false,Rx,0,8,90,00,00,00,80,00,7C,8B,
68905511,00000130,false,Rx,0,8,F8,FF,FF,FF,70,00,24,53,
68906505,00000100,false,Rx,0,8,5A,00,00,00,70,00,29,21,
68906506,00000120,false,Rx,0,8,20,00,00,00,60,00,2F,7B,
68907483,00000110,false,Rx,0,8,62,00,00,00,90,00,64,59,
68907483,00000130,false,Rx,0,8,F8,FF,FF,FF,80,00,60,53,
68908466,00000100,false,Rx,0,8,5A,00,00,00,80,00,6D,21,
68908467,00000120,false,Rx,0,8,04,00,00,00,70,00,24,5F,
68909476,00000110,false,Rx,0,8,62,00,00,00,A0,00,70,59,
68909476,00000130,false,Rx,0,8,D9,FF,FF,FF,90,00,6B,22,
68910614,00000100,false,Rx,0,8,71,00,00,00,90,00,66,FA,
68910615,00000140,false,Rx,0,8,01,00,FF,FF,90,00,6D,EE,
68910616,00000120,false,Rx,0,8,04,00,00,00,80,00,60,5F,
68911609,00000110,false,Rx,0,8,4B,00,00,00,B0,00,7A,60,
68911609,00000130,false,Rx,0,8,18,00,00,00,A0,00,7B,C3,
68912612,00000100,false,Rx,0,8,88,00,00,00,A0,00,66,93,
68912613,00000120,false,Rx,0,8,AE,FF,FF,FF,90,00,61,A5,
68913609,00000110,false,Rx,0,8,4B,00,00,00,C0,00,5F,A0,
68913609,00000130,false,Rx,0,8,D9,FF,FF,FF,B0,00,72,E2,
68914610,00000100,false,Rx,0,8,9F,00,00,00,B0,00,68,74,
68914611,00000120,false,Rx,0,8,AE,FF,FF,FF,A0,00,75,A5,
68914612,00000110,false,Rx,0,8,79,00,00,00,D0,00,56,72,
68915881,00000050,false,Rx,0,6,41,5C,FF,FB,5F,FF,00,00,
68915882,00000130,false,Rx,0,8,4D,21,00,00,C3,80,E2,91,
68915882,00000100,false,Rx,0,8,71,00,00,00,C0,00,5A,FA,
68917504,00000120,false,Rx,0,8,E7,FF,FF,FF,B0,00,76,3C,
68917505,00000110,false,Rx,0,8,79,00,00,00,E0,00,42,72,
68918473,00000130,false,Rx,0,8,F8,FF,FF,FF,D0,00,5C,53,
68918474,00000100,false,Rx,0,8,88,00,00,00,D0,00,43,53,
68919610,00000120,false,Rx,0,8,E7,FF,FF,FF,C0,00,53,FC,
68919611,00000110,false,Rx,0,8,62,00,00,00,F0,00,4C,59,
68920608,00000130,false,Rx,0,8,D9,FF,FF,FF,E0,00,4E,E2,
68920609,00000100,false,Rx,0,8,71,00,00,00,E0,00,43,3A,
68921618,00000120,false,Rx,0,8,20,00,00,00,D0,00,5A,BB,
68921619,00000110,false,Rx,0,8,62,00,00,00,00,00,08,59,
68922588,00000130,false,Rx,0,8,18,00,00,00,F0,00,47,C3,
68922589,00000100,false,Rx,0,8,5A,00,00,00,F0,00,48,E1,
68923754,00000120,false,Rx,0,8,20,00,00,00,E0,00,4E,BB,
68923755,00000110,false,Rx,0,8,90,00,00,00,10,00,10,8B,
68924726,00000130,false,Rx,0,8,F8,FF,FF,FF,00,00,01,93,
68924727,00000100,false,Rx,0,8,43,00,00,00,00,00,0E,E8,
68925716,00000120,false,Rx,0,8,20,00,00,00,F0,00,43,7B,
68925717,00000110,false,Rx,0,8,90,00,00,00,20,00,04,8B,
68926712,00000130,false,Rx,0,8,F8,FF,FF,FF,10,00,0C,53,
68926713,00000100,false,Rx,0,8,71,00,00,00,10,00,07,3A,
68927725,00000120,false,Rx,0,8,20,00,00,00,00,00,07,7B,
68927726,00000110,false,Rx,0,8,62,00,00,00,30,00,1C,59,
68928880,00000130,false,Rx,0,8,F8,FF,FF,FF,20,00,18,53,
68928881,00000100,false,Rx,0,8,71,00,00,00,20,00,13,3A,
68929880,00000120,false,Rx,0,8,E7,FF,FF,FF,10,00,0E,3C,
68929881,00000110,false,Rx,0,8,62,00,00,00,40,00,39,99,
68930858,00000130,false,Rx,0,8,37,00,00,00,30,00,10,5C,
68930859,00000100,false,Rx,0,8,71,00,00,00,30,00,1E,FA,
68930859,00000140,false,Rx,0,8,01,00,FF,FF,A0,00,79,EE,
68931849,00000120,false,Rx,0,8,E7,FF,FF,FF,20,00,1A,3C,
68931849,00000110,false,Rx,0,8,4B,00,00,00,50,00,33,A0,
68933004,00000130,false,Rx,0,8,D9,FF,FF,FF,40,00,36,E2,
68933005,00000100,false,Rx,0,8,88,00,00,00,40,00,2F,53,
68933984,00000120,false,Rx,0,8,AE,FF,FF,FF,30,00,19,A5,
68933985,00000110,false,Rx,0,8,4B,00,00,00,60,00,27,A0,
68934984,00000130,false,Rx,0,8,18,00,00,00,50,00,3F,C3,
68934985,00000100,false,Rx,0,8,9F,00,00,00,50,00,21,B4,
68934985,00000120,false,Rx,0,8,AE,FF,FF,FF,40,00,3C,65,
68936252,00000110,false,Rx,0,8,79,00,00,00,70,00,2E,72,
68936252,00000050,false,Rx,0,6,41,5C,FF,FB,5F,FF,00,00,
68936253,00000130,false,Rx,0,8,F8,34,03,00,63,80,8D,73,
68937233,00000100,false,Rx,0,8,71,00,00,00,60,00,22,FA,
68937234,00000120,false,Rx,0,8,04,00,00,00,50,00,3D,9F,
68938257,00000110,false,Rx,0,8,79,00,00,00,80,00,6A,72,
68938258,00000130,false,Rx,0,8,18,00,00,00,70,00,26,03,
68939357,00000100,false,Rx,0,8,71,00,00,00,70,00,2F,3A,
68939358,00000120,false,Rx,0,8,04,00,00,00,60,00,29,9F,
68940383,00000110,false,Rx,0,8,62,00,00,00,90,00,64,59,
68940384,00000130,false,Rx,0,8,D9,FF,FF,FF,80,00,66,E2,
68941372,00000100,false,Rx,0,8,5A,00,00,00,80,00,6D,21,
68941373,00000120,false,Rx,0,8,20,00,00,00,70,00,22,BB,
68942505,00000110,false,Rx,0,8,62,00,00,00,A0,00,70,59,
68942506,00000130,false,Rx,0,8,B9,FF,FF,FF,90,00,62,82,
68943504,00000100,false,Rx,0,8,43,00,00,00,90,00,62,E8,
68943505,00000120,false,Rx,0,8,20,00,00,00,80,00,66,BB,
68944506,00000110,false,Rx,0,8,A7,00,00,00,B0,00,6C,CC,
68944507,00000130,false,Rx,0,8,18,00,00,00,A0,00,7B,C3,
68945474,00000100,false,Rx,0,8,5A,00,00,00,A0,00,74,E1,
68945474,00000120,false,Rx,0,8,20,00,00,00,90,00,6B,7B,
68946475,00000110,false,Rx,0,8,A7,00,00,00,C0,00,49,0C,
68946476,00000130,false,Rx,0,8,F8,FF,FF,FF,B0,00,74,53,
68947610,00000100,false,Rx,0,8,5A,00,00,00,B0,00,79,21,
68947611,00000120,false,Rx,0,8,20,00,00,00,A0,00,7F,7B,
68948614,00000110,false,Rx,0,8,62,00,00,00,D0,00,55,99,
68948615,00000130,false,Rx,0,8,F8,FF,FF,FF,C0,00,51,93,
68949609,00000100,false,Rx,0,8,71,00,00,00,C0,00,5A,FA,
68949609,00000120,false,Rx,0,8,04,00,00,00,B0,00,74,5F,
68950607,00000110,false,Rx,0,8,62,00,00,00,E0,00,41,99,
68950608,00000130,false,Rx,0,8,F8,FF,FF,FF,D0,00,5C,53,
68951588,00000100,false,Rx,0,8,71,00,00,00,D0,00,57,3A,
68951588,00000140,false,Rx,0,8,01,00,FF,FF,B0,00,74,2E,
68951589,00000120,false,Rx,0,8,04,00,00,00,C0,00,51,9F,
68952754,00000110,false,Rx,0,8,34,00,00,00,F0,00,40,6F,
68952754,00000130,false,Rx,0,8,18,00,00,00,E0,00,4A,03,
68953752,00000100,false,Rx,0,8,9F,00,00,00,E0,00,54,74,
68953752,00000120,false,Rx,0,8,CB,FF,FF,FF,D0,00,59,90,
68954730,00000110,false,Rx,0,8,34,00,00,00,00,00,04,6F,
68954731,00000130,false,Rx,0,8,D9,FF,FF,FF,F0,00,43,22,
68955859,00000100,false,Rx,0,8,88,00,00,00,F0,00,5A,93,
68955860,00000120,false,Rx,0,8,CB,FF,FF,FF,E0,00,4D,90,
68955861,00000110,false,Rx,0,8,4B,00,00,00,10,00,02,60,
68956981,00000050,false,Rx,0,6,41,5C,FF,FB,5F,FF,00,00,
68956981,00000130,false,Rx,0,8,EB,95,FF,FF,03,80,1A,69,
68956982,00000100,false,Rx,0,8,71,00,00,00,00,00,0A,FA,
68958608,00000120,false,Rx,0,8,04,00,00,00,F0,00,45,9F,
68958609,00000110,false,Rx,0,8,4B,00,00,00,20,00,16,60,
68959608,00000130,false,Rx,0,8,76,00,00,00,10,00,06,8D,
68959609,00000100,false,Rx,0,8,71,00,00,00,10,00,07,3A,
68960753,00000120,false,Rx,0,8,04,00,00,00,00,00,01,9F,
68960754,00000110,false,Rx,0,8,79,00,00,00,30,00,1F,B2,
68961753,00000130,false,Rx,0,8,18,00,00,00,20,00,1A,03,
68961753,00000100,false,Rx,0,8,5A,00,00,00,20,00,15,21,
68962730,00000120,false,Rx,0,8,20,00,00,00,10,00,0A,BB,
68962731,00000110,false,Rx,0,8,79,00,00,00,40,00,3A,72,
68963730,00000130,false,Rx,0,8,F8,FF,FF,FF,30,00,15,93,
68963731,00000100,false,Rx,0,8,43,00,00,00,30,00,1A,E8,
68964877,00000120,false,Rx,0,8,20,00,00,00,20,00,1E,BB,
68964878,00000110,false,Rx,0,8,90,00,00,00,50,00,21,4B,
68965881,00000130,false,Rx,0,8,18,00,00,00,40,00,32,03,
68965882,00000100,false,Rx,0,8,5A,00,00,00,40,00,3D,21,
68966858,00000120,false,Rx,0,8,04,00,00,00,30,00,15,9F,
68966859,00000110,false,Rx,0,8,90,00,00,00,60,00,35,4B,
68967850,00000130,false,Rx,0,8,F8,FF,FF,FF,50,00,3D,93,
68967851,00000100,false,Rx,0,8,5A,00,00,00,50,00,30,E1,
68969002,00000120,false,Rx,0,8,04,00,00,00,40,00,30,5F,
68969003,00000110,false,Rx,0,8,62,00,00,00,70,00,2D,99,
68970004,00000130,false,Rx,0,8,F8,FF,FF,FF,60,00,29,93,
68970005,00000100,false,Rx,0,8,71,00,00,00,60,00,22,FA,
68970981,00000120,false,Rx,0,8,E7,FF,FF,FF,50,00,3F,FC,
68970982,00000110,false,Rx,0,8,62,00,00,00,80,00,69,99,
68971976,00000130,false,Rx,0,8,18,00,00,00,70,00,26,03,
68971977,00000100,false,Rx,0,8,88,00,00,00,70,00,3B,53,
68971977,00000140,false,Rx,0,8,01,00,FF,FF,C0,00,51,EE,
68973098,00000120,false,Rx,0,8,E7,FF,FF,FF,60,00,2B,FC,
68973099,00000110,false,Rx,0,8,34,00,00,00,90,00,68,6F,
68974101,00000130,false,Rx,0,8,D9,FF,FF,FF,80,00,66,E2,
68974101,00000100,false,Rx,0,8,B6,00,00,00,80,00,7B,8D,
68975100,00000120,false,Rx,0,8,CB,FF,FF,FF,70,00,21,90,
68975100,00000110,false,Rx,0,8,34,00,00,00,A0,00,7C,6F,
68976100,00000130,false,Rx,0,8,F8,FF,FF,FF,90,00,6D,93,
68976101,00000100,false,Rx,0,8,88,00,00,00,90,00,72,93,
68976101,00000120,false,Rx,0,8,CB,FF,FF,FF,80,00,65,90,
68977350,00000110,false,Rx,0,8,4B,00,00,00,B0,00,7A,60,
68977351,00000050,false,Rx,0,6,41,5C,FF,FB,5F,FF,00,00,
68977351,00000130,false,Rx,0,8,0D,BA,F5,FF,A3,80,A2,71,
68978350,00000100,false,Rx,0,8,88,00,00,00,A0,00,66,93,
68978351,00000120,false,Rx,0,8,04,00,00,00,90,00,6D,9F,
68979351,00000110,false,Rx,0,8,4B,00,00,00,C0,00,5F,A0,
68979351,00000130,false,Rx,0,8,95,00,00,00,B0,00,68,DE,
68980476,00000100,false,Rx,0,8,5A,00,00,00,B0,00,79,21,
68980476,00000120,false,Rx,0,8,04,00,00,00,A0,00,79,9F,
68981475,00000110,false,Rx,0,8,79,00,00,00,D0,00,56,72,
68981476,00000170,false,Rx,0,8,00,00,00,5B,50,81,05,F6,
68981476,00000130,false,Rx,0,8,18,00,00,00,C0,00,53,C3,
68982475,00000100,false,Rx,0,8,43,00,00,00,C0,00,5E,E8,
68982476,00000120,false,Rx,0,8,20,00,00,00,B0,00,72,BB,
68983602,00000110,false,Rx,0,8,79,00,00,00,E0,00,42,72,
68983602,00000130,false,Rx,0,8,F8,FF,FF,FF,D0,00,5C,53,
68984603,00000100,false,Rx,0,8,43,00,00,00,D0,00,53,28,
68984604,00000120,false,Rx,0,8,20,00,00,00,C0,00,57,7B,
68985602,00000110,false,Rx,0,8,90,00,00,00,F0,00,59,4B,
68985603,00000130,false,Rx,0,8,18,00,00,00,E0,00,4A,03,
68986602,00000100,false,Rx,0,8,5A,00,00,00,E0,00,45,21,
68986603,00000120,false,Rx,0,8,20,00,00,00,D0,00,5A,BB,
68987725,00000110,false,Rx,0,8,90,00,00,00,00,00,1D,4B,
68987726,00000130,false,Rx,0,8,18,00,00,00,F0,00,47,C3,
68988725,00000100,false,Rx,0,8,5A,00,00,00,F0,00,48,E1,
68988726,00000120,false,Rx,0,8,20,00,00,00,E0,00,4E,BB,
68989726,00000110,false,Rx,0,8,62,00,00,00,10,00,05,99,
68989727,00000130,false,Rx,0,8,F8,FF,FF,FF,00,00,01,93,
68990724,00000100,false,Rx,0,8,71,00,00,00,00,00,0A,FA,
68990725,00000120,false,Rx,0,8,E7,FF,FF,FF,F0,00,47,FC,
68991849,00000110,false,Rx,0,8,62,00,00,00,20,00,11,99,
68991850,00000130,false,Rx,0,8,D9,FF,FF,FF,10,00,0A,E2,
68992849,00000100,false,Rx,0,8,88,00,00,00,10,00,13,53,
68992849,00000140,false,Rx,0,8,01,00,FF,FF,D0,00,5C,2E,
68992850,00000120,false,Rx,0,8,E7,FF,FF,FF,00,00,03,FC,
68993849,00000110,false,Rx,0,8,1D,00,00,00,30,00,17,96,
68993850,00000130,false,Rx,0,8,F8,FF,FF,FF,20,00,18,53,
68994836,00000100,false,Rx,0,8,9F,00,00,00,20,00,04,74,
68994837,00000120,false,Rx,0,8,E7,FF,FF,FF,10,00,0E,3C,
68995849,00000110,false,Rx,0,8,1D,00,00,00,40,00,32,56,
68995850,00000130,false,Rx,0,8,18,00,00,00,30,00,17,C3,
68996973,00000100,false,Rx,0,8,71,00,00,00,30,00,1E,FA,
68996974,00000120,false,Rx,0,8,E7,FF,FF,FF,20,00,1A,3C,
68996975,00000110,false,Rx,0,8,79,00,00,00,50,00,37,B2,
68998086,00000050,false,Rx,0,6,41,5C,FF,FB,5F,FF,00,00,
68998087,00000130,false,Rx,0,8,4D,21,00,00,43,80,83,51,
68998087,00000100,false,Rx,0,8,71,00,00,00,40,00,3B,3A,
68999725,00000120,false,Rx,0,8,04,00,00,00,30,00,15,9F,
68999725,00000110,false,Rx,0,8,79,00,00,00,60,00,23,B2,
69000725,00000130,false,Rx,0,8,F8,FF,FF,FF,50,00,3D,93,
69000725,00000100,false,Rx,0,8,5A,00,00,00,50,00,30,E1,
69001849,00000120,false,Rx,0,8,04,00,00,00,40,00,30,5F,
69001850,00000110,false,Rx,0,8,62,00,00,00,70,00,2D,99,
69002849,00000130,false,Rx,0,8,D9,FF,FF,FF,60,00,2F,22,
69002850,00000100,false,Rx,0,8,43,00,00,00,60,00,26,E8,
69003849,00000120,false,Rx,0,8,3D,00,00,00,50,00,38,F6,
69003850,00000110,false,Rx,0,8,62,00,00,00,80,00,69,99,
69004849,00000130,false,Rx,0,8,18,00,00,00,70,00,26,03,
69004850,00000100,false,Rx,0,8,43,00,00,00,70,00,2B,28,
69005974,00000120,false,Rx,0,8,3D,00,00,00,60,00,2C,F6,
69005974,00000110,false,Rx,0,8,79,00,00,00,90,00,67,B2,
69006974,00000130,false,Rx,0,8,18,00,00,00,80,00,62,03,
69006974,00000100,false,Rx,0,8,71,00,00,00,80,00,6B,3A,
69007974,00000120,false,Rx,0,8,E7,FF,FF,FF,70,00,26,3C,
69007975,00000110,false,Rx,0,8,79,00,00,00,A0,00,73,B2,
69008974,00000130,false,Rx,0,8,F8,FF,FF,FF,90,00,6D,93,
69008975,00000100,false,Rx,0,8,5A,00,00,00,90,00,60,E1,
69010099,00000120,false,Rx,0,8,E7,FF,FF,FF,80,00,62,3C,
69010099,00000110,false,Rx,0,8,62,00,00,00,B0,00,7D,99,
69011099,00000130,false,Rx,0,8,D9,FF,FF,FF,A0,00,7F,22,
69011100,00000100,false,Rx,0,8,88,00,00,00,A0,00,66,93,
69012087,00000120,false,Rx,0,8,CB,FF,FF,FF,90,00,68,50,
69012088,00000110,false,Rx,0,8,62,00,00,00,C0,00,58,59,
69013099,00000130,false,Rx,0,8,F8,FF,FF,FF,B0,00,74,53,
69013100,00000100,false,Rx,0,8,9F,00,00,00,B0,00,68,74,
69013100,00000140,false,Rx,0,8,01,00,FF,FF,E0,00,48,2E,
69014213,00000120,false,Rx,0,8,CB,FF,FF,FF,A0,00,7C,50,
69014214,00000110,false,Rx,0,8,1D,00,00,00,D0,00,5E,56,
69015224,00000130,false,Rx,0,8,18,00,00,00,C0,00,53,C3,
69015225,00000100,false,Rx,0,8,9F,00,00,00,C0,00,4D,B4,
69016221,00000120,false,Rx,0,8,04,00,00,00,B0,00,74,5F,
69016222,00000110,false,Rx,0,8,1D,00,00,00,E0,00,4A,56,
69017225,00000130,false,Rx,0,8,18,00,00,00,D0,00,5E,03,
69017226,00000100,false,Rx,0,8,71,00,00,00,D0,00,57,3A,
69017226,00000120,false,Rx,0,8,04,00,00,00,C0,00,51,9F,
69018476,00000110,false,Rx,0,8,90,00,00,00,F0,00,59,4B,
69018477,00000050,false,Rx,0,6,41,5C,FF,FB,5F,FF,00,00,
69018478,00000130,false,Rx,0,8,B8,34,03,00,E3,80,E2,73,
69019472,00000100,false,Rx,0,8,71,00,00,00,E0,00,43,3A,
69019473,00000120,false,Rx,0,8,20,00,00,00,D0,00,5A,BB,
69020474,00000110,false,Rx,0,8,90,00,00,00,00,00,1D,4B,
69020484,00000130,false,Rx,0,8,F8,FF,FF,FF,F0,00,45,93,
69021589,00000100,false,Rx,0,8,5A,00,00,00,F0,00,48,E1,
69021590,00000120,false,Rx,0,8,20,00,00,00,E0,00,4E,BB,
69022603,00000110,false,Rx,0,8,90,00,00,00,10,00,10,8B,
69022604,00000130,false,Rx,0,8,F8,FF,FF,FF,00,00,01,93,
69023713,00000100,false,Rx,0,8,2C,00,00,00,00,00,07,B7,
69023714,00000120,false,Rx,0,8,3D,00,00,00,F0,00,40,F6,
69024712,00000110,false,Rx,0,8,90,00,00,00,20,00,04,8B,
69024713,00000130,false,Rx,0,8,37,00,00,00,10,00,09,9C,
69025726,00000100,false,Rx,0,8,43,00,00,00,10,00,03,28,
69025727,00000120,false,Rx,0,8,3D,00,00,00,00,00,04,F6,
69026724,00000110,false,Rx,0,8,62,00,00,00,30,00,1C,59,
69026726,00000130,false,Rx,0,8,37,00,00,00,20,00,1D,9C,
69027725,00000100,false,Rx,0,8,71,00,00,00,20,00,13,3A,
69027726,00000120,false,Rx,0,8,04,00,00,00,10,00,0C,5F,
69028847,00000110,false,Rx,0,8,62,00,00,00,40,00,39,99,
69028848,00000130,false,Rx,0,8,F8,FF,FF,FF,30,00,15,93,
69029849,00000100,false,Rx,0,8,5A,00,00,00,30,00,18,E1,
69029850,00000120,false,Rx,0,8,04,00,00,00,20,00,18,5F,
69030849,00000110,false,Rx,0,8,62,00,00,00,50,00,34,59,
69030850,00000130,false,Rx,0,8,F8,FF,FF,FF,40,00,30,53,
69031849,00000100,false,Rx,0,8,88,00,00,00,40,00,2F,53,
69031850,00000120,false,Rx,0,8,E7,FF,FF,FF,30,00,17,FC,
69032972,00000110,false,Rx,0,8,62,00,00,00,60,00,20,59,
69032973,00000130,false,Rx,0,8,D9,FF,FF,FF,50,00,3B,22,
69033974,00000100,false,Rx,0,8,9F,00,00,00,50,00,21,B4,
69033974,00000140,false,Rx,0,8,01,00,FF,FF,F0,00,45,EE,
69033975,00000120,false,Rx,0,8,E7,FF,FF,FF,40,00,32,3C,
69034975,00000110,false,Rx,0,8,34,00,00,00,70,00,21,AF,
69034976,00000130,false,Rx,0,8,18,00,00,00,60,00,2B,C3,
69035972,00000100,false,Rx,0,8,88,00,00,00,60,00,36,93,
69035973,00000120,false,Rx,0,8,04,00,00,00,50,00,3D,9F,
69036973,00000110,false,Rx,0,8,34,00,00,00,80,00,65,AF,
69036974,00000130,false,Rx,0,8,F8,FF,FF,FF,70,00,24,53,
69038095,00000100,false,Rx,0,8,71,00,00,00,70,00,2F,3A,
69038096,00000120,false,Rx,0,8,04,00,00,00,60,00,29,9F,
69038097,00000110,false,Rx,0,8,62,00,00,00,90,00,64,59,
69039223,00000050,false,Rx,0,6,41,5C,FF,FB,5F,FF,00,00,
69039223,00000130,false,Rx,0,8,EB,95,FF,FF,83,80,7B,A9,
69039224,00000100,false,Rx,0,8,71,00,00,00,80,00,6B,3A,
69040850,00000120,false,Rx,0,8,20,00,00,00,70,00,22,BB,
69040851,00000110,false,Rx,0,8,62,00,00,00,A0,00,70,59,
69041849,00000130,false,Rx,0,8,95,00,00,00,90,00,71,1E,
69041850,00000100,false,Rx,0,8,5A,00,00,00,90,00,60,E1,
69042975,00000120,false,Rx,0,8,20,00,00,00,80,00,66,BB,
69042976,00000110,false,Rx,0,8,90,00,00,00,B0,00,68,8B,
69043973,00000130,false,Rx,0,8,18,00,00,00,A0,00,7B,C3,
69043974,00000100,false,Rx,0,8,2C,00,00,00,A0,00,7F,B7,
69044974,00000120,false,Rx,0,8,20,00,00,00,90,00,6B,7B,
69044974,00000110,false,Rx,0,8,90,00,00,00,C0,00,4D,4B,
69046100,00000130,false,Rx,0,8,18,00,00,00,B0,00,76,03,
69046101,00000100,false,Rx,0,8,5A,00,00,00,B0,00,79,21,
69047097,00000120,false,Rx,0,8,20,00,00,00,A0,00,7F,7B,
69047098,00000110,false,Rx,0,8,62,00,00,00,D0,00,55,99,
69048098,00000130,false,Rx,0,8,18,00,00,00,C0,00,53,C3,
69048098,00000100,false,Rx,0,8,5A,00,00,00,C0,00,5C,E1,
69049098,00000120,false,Rx,0,8,04,00,00,00,B0,00,74,5F,
69049099,00000110,false,Rx,0,8,62,00,00,00,E0,00,41,99,
69050098,00000130,false,Rx,0,8,F8,FF,FF,FF,D0,00,5C,53,
69050098,00000100,false,Rx,0,8,71,00,00,00,D0,00,57,3A,
69051226,00000120,false,Rx,0,8,04,00,00,00,C0,00,51,9F,
69051226,00000110,false,Rx,0,8,62,00,00,00,F0,00,4C,59,
69052222,00000130,false,Rx,0,8,18,00,00,00,E0,00,4A,03,
69052223,00000100,false,Rx,0,8,88,00,00,00,E0,00,57,53,
69053220,00000120,false,Rx,0,8,CB,FF,FF,FF,D0,00,59,90,
69053221,00000110,false,Rx,0,8,62,00,00,00,00,00,08,59,
69054222,00000130,false,Rx,0,8,F8,FF,FF,FF,F0,00,45,93,
69054223,00000100,false,Rx,0,8,9F,00,00,00,F0,00,59,B4,
69054224,00000140,false,Rx,0,8,01,00,FF,FF,00,00,01,EE,
69055346,00000120,false,Rx,0,8,CB,FF,FF,FF,E0,00,4D,90,
69055347,00000110,false,Rx,0,8,34,00,00,00,10,00,09,AF,
69056410,00000130,false,Rx,0,8,D9,FF,FF,FF,00,00,07,22,
69056411,00000100,false,Rx,0,8,88,00,00,00,00,00,1E,93,
69057351,00000120,false,Rx,0,8,E7,FF,FF,FF,F0,00,47,FC,
69057352,00000110,false,Rx,0,8,34,00,00,00,20,00,1D,AF,
69058351,00000130,false,Rx,0,8,18,00,00,00,10,00,0E,03,
69058352,00000100,false,Rx,0,8,71,00,00,00,10,00,07,3A,
69058352,00000120,false,Rx,0,8,E7,FF,FF,FF,00,00,03,FC,
69059605,00000110,false,Rx,0,8,62,00,00,00,30,00,1C,59,
69059606,00000050,false,Rx,0,6,41,5C,FF,FB,5F,FF,00,00,
69059606,00000130,false,Rx,0,8,4C,BA,F5,FF,23,80,CC,A0,
69060605,00000100,false,Rx,0,8,71,00,00,00,20,00,13,3A,
69060606,00000120,false,Rx,0,8,04,00,00,00,10,00,0C,5F,
69061588,00000110,false,Rx,0,8,62,00,00,00,40,00,39,99,
69061589,00000130,false,Rx,0,8,95,00,00,00,30,00,09,1E,
69062725,00000100,false,Rx,0,8,5A,00,00,00,30,00,18,E1,
69062726,00000120,false,Rx,0,8,04,00,00,00,20,00,18,5F,
69063732,00000110,false,Rx,0,8,A7,00,00,00,50,00,25,0C,
69063733,00000130,false,Rx,0,8,B9,FF,FF,FF,40,00,3F,42,
69064883,00000100,false,Rx,0,8,43,00,00,00,40,00,3F,28,
69064884,00000120,false,Rx,0,8,04,00,00,00,30,00,15,9F,
69065837,00000110,false,Rx,0,8,A7,00,00,00,60,00,31,0C,
69065838,00000130,false,Rx,0,8,D9,FF,FF,FF,50,00,3B,22,
69066850,00000100,false,Rx,0,8,5A,00,00,00,50,00,30,E1,
69066851,00000120,false,Rx,0,8,04,00,00,00,40,00,30,5F,
69067851,00000110,false,Rx,0,8,79,00,00,00,70,00,2E,72,
69067853,00000130,false,Rx,0,8,F8,FF,FF,FF,60,00,29,93,
69068849,00000100,false,Rx,0,8,5A,00,00,00,60,00,24,E1,
69068850,00000120,false,Rx,0,8,04,00,00,00,50,00,3D,9F,
69069974,00000110,false,Rx,0,8,79,00,00,00,80,00,6A,72,
69069974,00000130,false,Rx,0,8,D9,FF,FF,FF,70,00,22,E2,
69070976,00000100,false,Rx,0,8,71,00,00,00,70,00,2F,3A,
69070977,00000120,false,Rx,0,8,04,00,00,00,60,00,29,9F,
69071974,00000110,false,Rx,0,8,4B,00,00,00,90,00,63,A0,
69071974,00000130,false,Rx,0,8,F8,FF,FF,FF,80,00,60,53,
69072974,00000100,false,Rx,0,8,9F,00,00,00,80,00,7C,74,
69072975,00000120,false,Rx,0,8,CB,FF,FF,FF,70,00,21,90,
69074133,00000110,false,Rx,0,8,4B,00,00,00,A0,00,77,A0,
69074134,00000130,false,Rx,0,8,F8,FF,FF,FF,90,00,6D,93,
69075127,00000100,false,Rx,0,8,9F,00,00,00,90,00,71,B4,
69075128,00000140,false,Rx,0,8,01,00,FF,FF,10,00,0C,2E,
69075128,00000120,false,Rx,0,8,CB,FF,FF,FF,80,00,65,90,
69076106,00000110,false,Rx,0,8,62,00,00,00,B0,00,7D,99,
69076107,00000130,false,Rx,0,8,18,00,00,00,A0,00,7B,C3,
69077111,00000100,false,Rx,0,8,71,00,00,00,A0,00,72,FA,
69077112,00000120,false,Rx,0,8,04,00,00,00,90,00,6D,9F,
69078098,00000110,false,Rx,0,8,62,00,00,00,C0,00,58,59,
69078098,00000130,false,Rx,0,8,F8,FF,FF,FF,B0,00,74,53,
69079251,00000100,false,Rx,0,8,71,00,00,00,B0,00,7F,3A,
69079251,00000120,false,Rx,0,8,04,00,00,00,A0,00,79,9F,
69079253,00000110,false,Rx,0,8,90,00,00,00,D0,00,40,8B,
69080353,00000050,false,Rx,0,6,41,5C,FF,FB,5F,FF,00,00,
69080354,00000130,false,Rx,0,8,4D,21,00,00,C3,80,E2,91,
69080355,00000100,false,Rx,0,8,5A,00,00,00,C0,00,5C,E1,
69081981,00000120,false,Rx,0,8,04,00,00,00,B0,00,74,5F,
69081982,00000110,false,Rx,0,8,90,00,00,00,E0,00,54,8B,
69083126,00000130,false,Rx,0,8,7A,FF,FF,FF,D0,00,42,71,
69083126,00000100,false,Rx,0,8,43,00,00,00,D0,00,53,28,
69084123,00000120,false,Rx,0,8,04,00,00,00,C0,00,51,9F,
69084124,00000110,false,Rx,0,8,A7,00,00,00,F0,00,5D,0C,
69084124,00000170,false,Rx,0,8,00,00,00,5C,50,81,05,02,
69085108,00000130,false,Rx,0,8,18,00,00,00,E0,00,4A,03,
69085108,00000100,false,Rx,0,8,5A,00,00,00,E0,00,45,21,
69086117,00000120,false,Rx,0,8,20,00,00,00,D0,00,5A,BB,
69086117,00000110,false,Rx,0,8,A7,00,00,00,00,00,19,0C,
69087253,00000130,false,Rx,0,8,18,00,00,00,F0,00,47,C3,
69087254,00000100,false,Rx,0,8,5A,00,00,00,F0,00,48,E1,
69088252,00000120,false,Rx,0,8,20,00,00,00,E0,00,4E,BB,
69088252,00000110,false,Rx,0,8,79,00,00,00,10,00,06,72,
69089229,00000130,false,Rx,0,8,F8,FF,FF,FF,00,00,01,93,
69089230,00000100,false,Rx,0,8,71,00,00,00,00,00,0A,FA,
69090224,00000120,false,Rx,0,8,04,00,00,00,F0,00,45,9F,
69090225,00000110,false,Rx,0,8,79,00,00,00,20,00,12,72,
69091221,00000130,false,Rx,0,8,D9,FF,FF,FF,10,00,0A,E2,
69091222,00000100,false,Rx,0,8,88,00,00,00,10,00,13,53,
69092349,00000120,false,Rx,0,8,04,00,00,00,00,00,01,9F,
69092350,00000110,false,Rx,0,8,34,00,00,00,30,00,10,6F,
69093337,00000130,false,Rx,0,8,18,00,00,00,20,00,1A,03,
69093338,00000100,false,Rx,0,8,9F,00,00,00,20,00,04,74,
69094349,00000120,false,Rx,0,8,CB,FF,FF,FF,10,00,09,90,
69094350,00000110,false,Rx,0,8,34,00,00,00,40,00,35,AF,
69095337,00000130,false,Rx,0,8,18,00,00,00,30,00,17,C3,
69095338,00000100,false,Rx,0,8,88,00,00,00,30,00,0A,93,
69095339,00000140,false,Rx,0,8,01,00,FF,FF,20,00,18,2E,
69096461,00000120,false,Rx,0,8,CB,FF,FF,FF,20,00,1D,90,
69096462,00000110,false,Rx,0,8,62,00,00,00,50,00,34,59,
69097474,00000130,false,Rx,0,8,18,00,00,00,40,00,32,03,
69097475,00000100,false,Rx,0,8,71,00,00,00,40,00,3B,3A,
69098481,00000120,false,Rx,0,8,E7,FF,FF,FF,30,00,17,FC,
69098482,00000110,false,Rx,0,8,62,00,00,00,60,00,20,59,
69099495,00000130,false,Rx,0,8,37,00,00,00,50,00,38,5C,
69099496,00000100,false,Rx,0,8,71,00,00,00,50,00,36,FA,
69099496,00000120,false,Rx,0,8,E7,FF,FF,FF,40,00,32,3C,
69100720,00000110,false,Rx,0,8,79,00,00,00,70,00,2E,72,
69100721,00000050,false,Rx,0,6,41,5C,FF,FB,5F,FF,00,00,
69100721,00000130,false,Rx,0,8,D8,34,03,00,63,80,8A,13,
69101723,00000100,false,Rx,0,8,5A,00,00,00,60,00,24,E1,
69101723,00000120,false,Rx,0,8,20,00,00,00,50,00,3B,7B,
69102854,00000110,false,Rx,0,8,79,00,00,00,80,00,6A,72,
69102854,00000130,false,Rx,0,8,D9,FF,FF,FF,70,00,22,E2,
69103853,00000100,false,Rx,0,8,43,00,00,00,70,00,2B,28,
69103854,00000120,false,Rx,0,8,20,00,00,00,60,00,2F,7B,
69104847,00000110,false,Rx,0,8,90,00,00,00,90,00,71,4B,
69104848,00000130,false,Rx,0,8,D9,FF,FF,FF,80,00,66,E2,
69106003,00000100,false,Rx,0,8,5A,00,00,00,80,00,6D,21,
69106004,00000120,false,Rx,0,8,20,00,00,00,70,00,22,BB,
69106979,00000110,false,Rx,0,8,90,00,00,00,A0,00,65,4B,
69106980,00000130,false,Rx,0,8,F8,FF,FF,FF,90,00,6D,93,
69107981,00000100,false,Rx,0,8,5A,00,00,00,90,00,60,E1,
69107982,00000120,false,Rx,0,8,20,00,00,00,80,00,66,BB,
69108990,00000110,false,Rx,0,8,62,00,00,00,B0,00,7D,99,
69108991,00000130,false,Rx,0,8,F8,FF,FF,FF,A0,00,79,93,
69109972,00000100,false,Rx,0,8,71,00,00,00,A0,00,72,FA,
69109973,00000120,false,Rx,0,8,04,00,00,00,90,00,6D,9F,
69111104,00000110,false,Rx,0,8,62,00,00,00,C0,00,58,59,
69111104,00000130,false,Rx,0,8,18,00,00,00,B0,00,76,03,
69112105,00000100,false,Rx,0,8,88,00,00,00,B0,00,6B,53,
69112106,00000120,false,Rx,0,8,04,00,00,00,A0,00,79,9F,
69113132,00000110,false,Rx,0,8,34,00,00,00,D0,00,59,AF,
69113133,00000130,false,Rx,0,8,D9,FF,FF,FF,C0,00,57,22,
69114252,00000100,false,Rx,0,8,9F,00,00,00,C0,00,4D,B4,
69114253,00000120,false,Rx,0,8,CB,FF,FF,FF,B0,00,71,90,
69115271,00000110,false,Rx,0,8,34,00,00,00,E0,00,4D,AF,
69115272,00000130,false,Rx,0,8,F8,FF,FF,FF,D0,00,5C,53,
69116271,00000100,false,Rx,0,8,88,00,00,00,D0,00,43,53,
69116272,00000140,false,Rx,0,8,01,00,FF,FF,30,00,15,EE,
69116272,00000120,false,Rx,0,8,CB,FF,FF,FF,C0,00,54,50,
69117277,00000110,false,Rx,0,8,4B,00,00,00,F0,00,4B,A0,
69117279,00000130,false,Rx,0,8,F8,FF,FF,FF,E0,00,48,53,
69118239,00000100,false,Rx,0,8,71,00,00,00,E0,00,43,3A,
69118241,00000120,false,Rx,0,8,04,00,00,00,D0,00,5C,5F,
69119373,00000110,false,Rx,0,8,4B,00,00,00,00,00,0F,A0,
69119375,00000130,false,Rx,0,8,F8,FF,FF,FF,F0,00,45,93,
69120369,00000100,false,Rx,0,8,71,00,00,00,F0,00,4E,FA,
69120370,00000120,false,Rx,0,8,04,00,00,00,E0,00,48,5F,
69120371,00000110,false,Rx,0,8,79,00,00,00,10,00,06,72,
69121491,00000050,false,Rx,0,6,41,5C,FF,FB,5F,FF,00,00,
69121492,00000130,false,Rx,0,8,CC,95,FF,FF,03,80,1C,BE,
69121493,00000100,false,Rx,0,8,5A,00,00,00,00,00,0C,E1,
69123133,00000120,false,Rx,0,8,59,00,00,00,F0,00,48,D2,
69123134,00000110,false,Rx,0,8,79,00,00,00,20,00,12,72,
69124272,00000130,false,Rx,0,8,76,00,00,00,10,00,06,8D,
69124273,00000100,false,Rx,0,8,2C,00,00,00,10,00,0A,77,
69125240,00000120,false,Rx,0,8,59,00,00,00,00,00,0C,D2,
69125241,00000110,false,Rx,0,8,79,00,00,00,30,00,1F,B2,
69126247,00000130,false,Rx,0,8,F8,FF,FF,FF,20,00,18,53,
69126248,00000100,false,Rx,0,8,43,00,00,00,20,00,17,28,
69127395,00000120,false,Rx,0,8,04,00,00,00,10,00,0C,5F,
69127396,00000110,false,Rx,0,8,79,00,00,00,40,00,3A,72,
69128395,00000130,false,Rx,0,8,F8,FF,FF,FF,30,00,15,93,
69128396,00000100,false,Rx,0,8,71,00,00,00,30,00,1E,FA,
69129390,00000120,false,Rx,0,8,04,00,00,00,20,00,18,5F,
69129391,00000110,false,Rx,0,8,62,00,00,00,50,00,34,59,
69130369,00000130,false,Rx,0,8,18,00,00,00,40,00,32,03,
69130371,00000100,false,Rx,0,8,71,00,00,00,40,00,3B,3A,
69131371,00000120,false,Rx,0,8,04,00,00,00,30,00,15,9F,
69131373,00000110,false,Rx,0,8,62,00,00,00,60,00,20,59,
69132518,00000130,false,Rx,0,8,F8,FF,FF,FF,50,00,3D,93,
69132519,00000100,false,Rx,0,8,88,00,00,00,50,00,22,93,
69133489,00000120,false,Rx,0,8,04,00,00,00,40,00,30,5F,
69133490,00000110,false,Rx,0,8,34,00,00,00,70,00,21,AF,
69134484,00000130,false,Rx,0,8,F8,FF,FF,FF,60,00,29,93,
69134485,00000100,false,Rx,0,8,9F,00,00,00,60,00,35,B4,
69135514,00000120,false,Rx,0,8,04,00,00,00,50,00,3D,9F,
69135515,00000110,false,Rx,0,8,34,00,00,00,80,00,65,AF,
69136488,00000130,false,Rx,0,8,F8,FF,FF,FF,70,00,24,53,
69136490,00000100,false,Rx,0,8,71,00,00,00,70,00,2F,3A,
69136491,00000140,false,Rx,0,8,01,00,FF,FF,40,00,30,2E,
69137625,00000120,false,Rx,0,8,04,00,00,00,60,00,29,9F,
69137626,00000110,false,Rx,0,8,62,00,00,00,90,00,64,59,
69138625,00000130,false,Rx,0,8,F8,FF,FF,FF,80,00,60,53,
69138626,00000100,false,Rx,0,8,71,00,00,00,80,00,6B,3A,
69139622,00000120,false,Rx,0,8,04,00,00,00,70,00,24,5F,
69139624,00000110,false,Rx,0,8,62,00,00,00,A0,00,70,59,
69140613,00000130,false,Rx,0,8,F8,FF,FF,FF,90,00,6D,93,
69140615,00000100,false,Rx,0,8,71,00,00,00,90,00,66,FA,
69140615,00000120,false,Rx,0,8,04,00,00,00,80,00,60,5F,
69141869,00000110,false,Rx,0,8,62,00,00,00,B0,00,7D,99,
69141870,00000050,false,Rx,0,6,41,5C,FF,FB,5F,FF,00,00,
69141871,00000130,false,Rx,0,8,6B,BA,F5,FF,A3,80,AB,B7,
69142862,00000100,false,Rx,0,8,5A,00,00,00,A0,00,74,E1,
69142863,00000120,false,Rx,0,8,3D,00,00,00,90,00,68,F6,
69144019,00000110,false,Rx,0,8,62,00,00,00,C0,00,58,59,
69144021,00000130,false,Rx,0,8,76,00,00,00,B0,00,7E,8D,
69144996,00000100,false,Rx,0,8,5A,00,00,00,B0,00,79,21,
69144998,00000120,false,Rx,0,8,3D,00,00,00,A0,00,7C,F6,
69146145,00000110,false,Rx,0,8,62,00,00,00,D0,00,55,99,
69146147,00000130,false,Rx,0,8,D9,FF,FF,FF,C0,00,57,22,
69147147,00000100,false,Rx,0,8,5A,00,00,00,C0,00,5C,E1,
69147148,00000120,false,Rx,0,8,04,00,00,00,B0,00,74,5F,
69148119,00000110,false,Rx,0,8,62,00,00,00,E0,00,41,99,
69148120,00000130,false,Rx,0,8,F8,FF,FF,FF,D0,00,5C,53,
69149120,00000100,false,Rx,0,8,71,00,00,00,D0,00,57,3A,
69149122,00000120,false,Rx,0,8,04,00,00,00,C0,00,51,9F,
69150145,00000110,false,Rx,0,8,79,00,00,00,F0,00,4F,B2,
69150146,00000130,false,Rx,0,8,F8,FF,FF,FF,E0,00,48,53,
69151267,00000100,false,Rx,0,8,71,00,00,00,E0,00,43,3A,
69151269,00000120,false,Rx,0,8,CB,FF,FF,FF,D0,00,59,90,
69152272,00000110,false,Rx,0,8,79,00,00,00,00,00,0B,B2,
69152273,00000130,false,Rx,0,8,18,00,00,00,F0,00,47,C3,
69153265,00000100,false,Rx,0,8,9F,00,00,00,F0,00,59,B4,
69153267,00000120,false,Rx,0,8,CB,FF,FF,FF,E0,00,4D,90,
69153267,00000110,false,Rx,0,8,1D,00,00,00,10,00,0E,56,
69154992,00000130,false,Rx,0,8,F8,FF,FF,FF,00,00,01,93,
69154993,00000100,false,Rx,0,8,88,00,00,00,00,00,1E,93,
69156124,00000120,false,Rx,0,8,E7,FF,FF,FF,F0,00,47,FC,
69156125,00000110,false,Rx,0,8,1D,00,00,00,20,00,1A,56,
69157123,00000130,false,Rx,0,8,F8,FF,FF,FF,10,00,0C,53,
69157124,00000100,false,Rx,0,8,71,00,00,00,10,00,07,3A,
69157125,00000140,false,Rx,0,8,01,00,FF,FF,50,00,3D,EE,
69158121,00000120,false,Rx,0,8,E7,FF,FF,FF,00,00,03,FC,
69158122,00000110,false,Rx,0,8,4B,00,00,00,30,00,1B,A0,
69159117,00000130,false,Rx,0,8,18,00,00,00,20,00,1A,03,
69159118,00000100,false,Rx,0,8,71,00,00,00,20,00,13,3A,
69160269,00000120,false,Rx,0,8,04,00,00,00,10,00,0C,5F,
69160271,00000110,false,Rx,0,8,4B,00,00,00,40,00,3E,60,
69161269,00000130,false,Rx,0,8,F8,FF,FF,FF,30,00,15,93,
69161270,00000100,false,Rx,0,8,43,00,00,00,30,00,1A,E8,
69161271,00000120,false,Rx,0,8,04,00,00,00,20,00,18,5F,
69162247,00000110,false,Rx,0,8,A7,00,00,00,50,00,25,0C,
69162249,00000050,false,Rx,0,6,41,5C,FF,FB,5F,FF,00,00,
69162249,00000130,false,Rx,0,8,4D,21,00,00,43,80,83,51,
69163522,00000100,false,Rx,0,8,43,00,00,00,40,00,3F,28,
69163523,00000120,false,Rx,0,8,3D,00,00,00,30,00,10,F6,
69164507,00000110,false,Rx,0,8,A7,00,00,00,60,00,31,0C,
69164508,00000130,false,Rx,0,8,F8,FF,FF,FF,50,00,3D,93,
69165620,00000100,false,Rx,0,8,43,00,00,00,50,00,32,E8,
69165621,00000120,false,Rx,0,8,3D,00,00,00,40,00,35,36,
69166625,00000110,false,Rx,0,8,79,00,00,00,70,00,2E,72,
69166626,00000130,false,Rx,0,8,F8,FF,FF,FF,60,00,29,93,
69167604,00000100,false,Rx,0,8,71,00,00,00,60,00,22,FA,
69167606,00000120,false,Rx,0,8,04,00,00,00,50,00,3D,9F,
69168636,00000110,false,Rx,0,8,79,00,00,00,80,00,6A,72,
69168637,00000130,false,Rx,0,8,18,00,00,00,70,00,26,03,
69169770,00000100,false,Rx,0,8,5A,00,00,00,70,00,29,21,
69169771,00000120,false,Rx,0,8,04,00,00,00,60,00,29,9F,
69170747,00000110,false,Rx,0,8,62,00,00,00,90,00,64,59,
69170748,00000130,false,Rx,0,8,18,00,00,00,80,00,62,03,
69171739,00000100,false,Rx,0,8,71,00,00,00,80,00,6B,3A,
69171740,00000120,false,Rx,0,8,CB,FF,FF,FF,70,00,21,90,
69172739,00000110,false,Rx,0,8,62,00,00,00,A0,00,70,59,
69172740,00000130,false,Rx,0,8,D9,FF,FF,FF,90,00,6B,22,
69173874,00000100,false,Rx,0,8,9F,00,00,00,90,00,71,B4,
69173875,00000120,false,Rx,0,8,CB,FF,FF,FF,80,00,65,90,
69174893,00000110,false,Rx,0,8,34,00,00,00,B0,00,71,AF,
69174895,00000130,false,Rx,0,8,D9,FF,FF,FF,A0,00,7F,22,
69175900,00000100,false,Rx,0,8,88,00,00,00,A0,00,66,93,
69175902,00000120,false,Rx,0,8,04,00,00,00,90,00,6D,9F,
69176870,00000110,false,Rx,0,8,34,00,00,00,C0,00,54,6F,
69176871,00000130,false,Rx,0,8,F8,FF,FF,FF,B0,00,74,53,
69177864,00000100,false,Rx,0,8,71,00,00,00,B0,00,7F,3A,
69177865,00000140,false,Rx,0,8,01,00,FF,FF,60,00,29,EE,
69177865,00000120,false,Rx,0,8,04,00,00,00,A0,00,79,9F,
69179016,00000110,false,Rx,0,8,62,00,00,00,D0,00,55,99,
69179017,00000130,false,Rx,0,8,F8,FF,FF,FF,C0,00,51,93,
69179994,00000100,false,Rx,0,8,71,00,00,00,C0,00,5A,FA,
69179995,00000120,false,Rx,0,8,E7,FF,FF,FF,B0,00,76,3C,
69181004,00000110,false,Rx,0,8,62,00,00,00,E0,00,41,99,
69181006,00000130,false,Rx,0,8,18,00,00,00,D0,00,5E,03,
69181987,00000100,false,Rx,0,8,5A,00,00,00,D0,00,51,21,
69181988,00000120,false,Rx,0,8,E7,FF,FF,FF,C0,00,53,FC,
69181989,00000110,false,Rx,0,8,BE,00,00,00,F0,00,5F,05,
69183247,00000050,false,Rx,0,6,41,5C,FF,FB,5F,FF,00,00,
69183249,00000130,false,Rx,0,8,B8,34,03,00,E3,80,E2,73,
69183249,00000100,false,Rx,0,8,15,00,00,00,E0,00,4B,1E,
69184861,00000120,false,Rx,0,8,20,00,00,00,D0,00,5A,BB,
69184862,00000110,false,Rx,0,8,BE,00,00,00,00,00,1B,05,
69185870,00000130,false,Rx,0,8,F8,FF,FF,FF,F0,00,45,93,
69185872,00000100,false,Rx,0,8,5A,00,00,00,F0,00,48,E1,
69187000,00000120,false,Rx,0,8,20,00,00,00,E0,00,4E,BB,
69187002,00000110,false,Rx,0,8,62,00,00,00,10,00,05,99,
69187002,00000170,false,Rx,0,8,00,00,00,5D,50,81,05,9F,
69188024,00000130,false,Rx,0,8,F8,FF,FF,FF,00,00,01,93,
69188026,00000100,false,Rx,0,8,5A,00,00,00,00,00,0C,E1,
69188996,00000120,false,Rx,0,8,20,00,00,00,F0,00,43,7B,
69188997,00000110,false,Rx,0,8,62,00,00,00,20,00,11,99,
69190008,00000130,false,Rx,0,8,18,00,00,00,10,00,0E,03,
69190009,00000100,false,Rx,0,8,71,00,00,00,10,00,07,3A,
69191146,00000120,false,Rx,0,8,20,00,00,00,00,00,07,7B,
69191147,00000110,false,Rx,0,8,62,00,00,00,30,00,1C,59,
69192145,00000130,false,Rx,0,8,18,00,00,00,20,00,1A,03,
69192146,00000100,false,Rx,0,8,88,00,00,00,20,00,07,53,
69193120,00000120,false,Rx,0,8,CB,FF,FF,FF,10,00,09,90,
69193121,00000110,false,Rx,0,8,62,00,00,00,40,00,39,99,
69194120,00000130,false,Rx,0,8,F8,FF,FF,FF,30,00,15,93,
69194121,00000100,false,Rx,0,8,9F,00,00,00,30,00,09,B4,
69195113,00000120,false,Rx,0,8,CB,FF,FF,FF,20,00,1D,90,
69195115,00000110,false,Rx,0,8,34,00,00,00,50,00,38,6F,
69196269,00000130,false,Rx,0,8,37,00,00,00,40,00,35,9C,
69196271,00000100,false,Rx,0,8,71,00,00,00,40,00,3B,3A,
69197269,00000120,false,Rx,0,8,20,00,00,00,30,00,13,7B,
69197270,00000110,false,Rx,0,8,34,00,00,00,60,00,2C,6F,
69198238,00000130,false,Rx,0,8,37,00,00,00,50,00,38,5C,
69198239,00000100,false,Rx,0,8,71,00,00,00,50,00,36,FA,
69198240,00000140,false,Rx,0,8,01,00,FF,FF,70,00,24,2E,
69199236,00000120,false,Rx,0,8,20,00,00,00,40,00,36,BB,
69199238,00000110,false,Rx,0,8,62,00,00,00,70,00,2D,99,
69200394,00000130,false,Rx,0,8,18,00,00,00,60,00,2B,C3,
69200395,00000100,false,Rx,0,8,71,00,00,00,60,00,22,FA,
69201361,00000120,false,Rx,0,8,20,00,00,00,50,00,3B,7B,
69201363,00000110,false,Rx,0,8,62,00,00,00,80,00,69,99,
69202363,00000130,false,Rx,0,8,F8,FF,FF,FF,70,00,24,53,
69202365,00000100,false,Rx,0,8,5A,00,00,00,70,00,29,21,
69202365,00000120,false,Rx,0,8,20,00,00,00,60,00,2F,7B,
69203623,00000110,false,Rx,0,8,A7,00,00,00,90,00,75,0C,
69203624,00000050,false,Rx,0,6,41,5C,FF,FB,5F,FF,00,00,
69203625,00000130,false,Rx,0,8,EB,95,FF,FF,83,80,7B,A9,
69204614,00000100,false,Rx,0,8,43,00,00,00,80,00,6F,28,
69204616,00000120,false,Rx,0,8,20,00,00,00,70,00,22,BB,
69205617,00000110,false,Rx,0,8,A7,00,00,00,A0,00,61,0C,
69205618,00000130,false,Rx,0,8,76,00,00,00,90,00,67,4D,
69206740,00000100,false,Rx,0,8,5A,00,00,00,90,00,60,E1,
69206741,00000120,false,Rx,0,8,20,00,00,00,80,00,66,BB,
69207738,00000110,false,Rx,0,8,79,00,00,00,B0,00,7E,72,
69207739,00000130,false,Rx,0,8,18,00,00,00,A0,00,7B,C3,
69208738,00000100,false,Rx,0,8,71,00,00,00,A0,00,72,FA,
69208739,00000120,false,Rx,0,8,04,00,00,00,90,00,6D,9F,
69209899,00000110,false,Rx,0,8,79,00,00,00,C0,00,5B,B2,
69209901,00000130,false,Rx,0,8,18,00,00,00,B0,00,76,03,
69210892,00000100,false,Rx,0,8,71,00,00,00,B0,00,7F,3A,
69210893,00000120,false,Rx,0,8,04,00,00,00,A0,00,79,9F,
69211894,00000110,false,Rx,0,8,62,00,00,00,D0,00,55,99,
69211895,00000130,false,Rx,0,8,F8,FF,FF,FF,C0,00,51,93,
69212865,00000100,false,Rx,0,8,88,00,00,00,C0,00,4E,93,
69212867,00000120,false,Rx,0,8,AE,FF,FF,FF,B0,00,78,65,
69213863,00000110,false,Rx,0,8,62,00,00,00,E0,00,41,99,
69213864,00000130,false,Rx,0,8,F8,FF,FF,FF,D0,00,5C,53,
69215017,00000100,false,Rx,0,8,9F,00,00,00,D0,00,40,74,
69215019,00000120,false,Rx,0,8,AE,FF,FF,FF,C0,00,5D,A5,
69216017,00000110,false,Rx,0,8,34,00,00,00,F0,00,40,6F,
69216018,00000130,false,Rx,0,8,37,00,00,00,E0,00,4D,9C,
69216995,00000100,false,Rx,0,8,71,00,00,00,E0,00,43,3A,
69216997,00000120,false,Rx,0,8,04,00,00,00,D0,00,5C,5F,
69218012,00000110,false,Rx,0,8,34,00,00,00,00,00,04,6F,
69218014,00000130,false,Rx,0,8,F8,FF,FF,FF,F0,00,45,93,
69218985,00000100,false,Rx,0,8,71,00,00,00,F0,00,4E,FA,
69218987,00000140,false,Rx,0,8,01,00,FF,FF,80,00,60,2E,
69218987,00000120,false,Rx,0,8,04,00,00,00,E0,00,48,5F,
69220121,00000110,false,Rx,0,8,62,00,00,00,10,00,05,99,
69220123,00000130,false,Rx,0,8,D9,FF,FF,FF,00,00,07,22,
69221123,00000100,false,Rx,0,8,5A,00,00,00,00,00,0C,E1,
69221124,00000120,false,Rx,0,8,20,00,00,00,F0,00,43,7B,
69222112,00000110,false,Rx,0,8,62,00,00,00,20,00,11,99,
69222114,00000130,false,Rx,0,8,18,00,00,00,10,00,0E,03,
69223215,00000100,false,Rx,0,8,43,00,00,00,10,00,03,28,
69223216,00000120,false,Rx,0,8,20,00,00,00,00,00,07,7B,
69223217,00000110,false,Rx,0,8,90,00,00,00,30,00,09,4B,
69224336,00000050,false,Rx,0,6,41,5C,FF,FB,5F,FF,00,00,
69224337,00000130,false,Rx,0,8,2C,BA,F5,FF,23,80,C5,00,
69224338,00000100,false,Rx,0,8,5A,00,00,00,20,00,15,21,
69225962,00000120,false,Rx,0,8,20,00,00,00,10,00,0A,BB,
69225963,00000110,false,Rx,0,8,90,00,00,00,40,00,2C,8B,
69226958,00000130,false,Rx,0,8,95,00,00,00,30,00,09,1E,
69226959,00000100,false,Rx,0,8,5A,00,00,00,30,00,18,E1,
69228082,00000120,false,Rx,0,8,20,00,00,00,20,00,1E,BB,
69228083,00000110,false,Rx,0,8,62,00,00,00,50,00,34,59,
69229082,00000130,false,Rx,0,8,F8,FF,FF,FF,40,00,30,53,
69229083,00000100,false,Rx,0,8,71,00,00,00,40,00,3B,3A,
69230082,00000120,false,Rx,0,8,04,00,00,00,30,00,15,9F,
69230083,00000110,false,Rx,0,8,62,00,00,00,60,00,20,59,
69231085,00000130,false,Rx,0,8,18,00,00,00,50,00,3F,C3,
69231086,00000100,false,Rx,0,8,71,00,00,00,50,00,36,FA,
69232210,00000120,false,Rx,0,8,04,00,00,00,40,00,30,5F,
69232211,00000110,false,Rx,0,8,4B,00,00,00,70,00,2A,60,
69233209,00000130,false,Rx,0,8,D9,FF,FF,FF,60,00,2F,22,
69233210,00000100,false,Rx,0,8,88,00,00,00,60,00,36,93,
69234209,00000120,false,Rx,0,8,AE,FF,FF,FF,50,00,31,A5,
69234216,00000110,false,Rx,0,8,4B,00,00,00,80,00,6E,60,
69235210,00000130,false,Rx,0,8,F8,FF,FF,FF,70,00,24,53,
69235210,00000100,false,Rx,0,8,88,00,00,00,70,00,3B,53,
69236209,00000120,false,Rx,0,8,AE,FF,FF,FF,60,00,25,A5,
69236210,00000110,false,Rx,0,8,4B,00,00,00,90,00,63,A0,
69237334,00000130,false,Rx,0,8,18,00,00,00,80,00,62,03,
69237335,00000100,false,Rx,0,8,71,00,00,00,80,00,6B,3A,
69238334,00000120,false,Rx,0,8,E7,FF,FF,FF,70,00,26,3C,
69238335,00000110,false,Rx,0,8,4B,00,00,00,A0,00,77,A0,
69239334,00000130,false,Rx,0,8,F8,FF,FF,FF,90,00,6D,93,
69239335,00000100,false,Rx,0,8,71,00,00,00,90,00,66,FA,
69239335,00000140,false,Rx,0,8,01,00,FF,FF,90,00,6D,EE,
69240333,00000120,false,Rx,0,8,E7,FF,FF,FF,80,00,62,3C,
69240335,00000110,false,Rx,0,8,62,00,00,00,B0,00,7D,99,
69241459,00000130,false,Rx,0,8,18,00,00,00,A0,00,7B,C3,
69241459,00000100,false,Rx,0,8,71,00,00,00,A0,00,72,FA,
69242459,00000120,false,Rx,0,8,20,00,00,00,90,00,6B,7B,
69242460,00000110,false,Rx,0,8,62,00,00,00,C0,00,58,59,
69243459,00000130,false,Rx,0,8,F8,FF,FF,FF,B0,00,74,53,
69243460,00000100,false,Rx,0,8,43,00,00,00,B0,00,7B,28,
69243460,00000120,false,Rx,0,8,20,00,00,00,A0,00,7F,7B,
69244709,00000110,false,Rx,0,8,BE,00,00,00,D0,00,46,C5,
69244710,00000050,false,Rx,0,6,41,5C,FF,FB,5F,FF,00,00,
69244710,00000130,false,Rx,0,8,6C,21,00,00,C3,80,E4,20,
69245709,00000100,false,Rx,0,8,5A,00,00,00,C0,00,5C,E1,
69245710,00000120,false,Rx,0,8,20,00,00,00,B0,00,72,BB,
69246709,00000110,false,Rx,0,8,BE,00,00,00,E0,00,52,C5,
69246709,00000130,false,Rx,0,8,F8,FF,FF,FF,D0,00,5C,53,
69247834,00000100,false,Rx,0,8,71,00,00,00,D0,00,57,3A,
69247835,00000120,false,Rx,0,8,20,00,00,00,C0,00,57,7B,
69248834,00000110,false,Rx,0,8,62,00,00,00,F0,00,4C,59,
69248835,00000130,false,Rx,0,8,F8,FF,FF,FF,E0,00,48,53,
69249834,00000100,false,Rx,0,8,5A,00,00,00,E0,00,45,21,
69249834,00000120,false,Rx,0,8,E7,FF,FF,FF,D0,00,5E,3C,
69250959,00000110,false,Rx,0,8,62,00,00,00,00,00,08,59,
69250960,00000130,false,Rx,0,8,F8,FF,FF,FF,F0,00,45,93,
69251959,00000100,false,Rx,0,8,71,00,00,00,F0,00,4E,FA,
69251960,00000120,false,Rx,0,8,E7,FF,FF,FF,E0,00,4A,3C,
69252959,00000110,false,Rx,0,8,34,00,00,00,10,00,09,AF,
69252959,00000130,false,Rx,0,8,D9,FF,FF,FF,00,00,07,22,
69253959,00000100,false,Rx,0,8,9F,00,00,00,00,00,1D,B4,
69253960,00000120,false,Rx,0,8,CB,FF,FF,FF,F0,00,40,50,
69255084,00000110,false,Rx,0,8,34,00,00,00,20,00,1D,AF,
69255085,00000130,false,Rx,0,8,D9,FF,FF,FF,10,00,0A,E2,
69256084,00000100,false,Rx,0,8,88,00,00,00,10,00,13,53,
69256085,00000120,false,Rx,0,8,CB,FF,FF,FF,00,00,04,50,
69257084,00000110,false,Rx,0,8,62,00,00,00,30,00,1C,59,
69257084,00000130,false,Rx,0,8,18,00,00,00,20,00,1A,03,
69258084,00000100,false,Rx,0,8,71,00,00,00,20,00,13,3A,
69258084,00000120,false,Rx,0,8,E7,FF,FF,FF,10,00,0E,3C,
69259084,00000110,false,Rx,0,8,62,00,00,00,40,00,39,99,
69259085,00000130,false,Rx,0,8,D9,FF,FF,FF,30,00,13,22,
69260208,00000100,false,Rx,0,8,5A,00,00,00,30,00,18,E1,
69260209,00000140,false,Rx,0,8,01,00,FF,FF,A0,00,79,EE,
69260210,00000120,false,Rx,0,8,E7,FF,FF,FF,20,00,1A,3C,
69261209,00000110,false,Rx,0,8,62,00,00,00,50,00,34,59,
69261209,00000130,false,Rx,0,8,F8,FF,FF,FF,40,00,30,53,
69262208,00000100,false,Rx,0,8,5A,00,00,00,40,00,3D,21,
69262209,00000120,false,Rx,0,8,3D,00,00,00,30,00,10,F6,
69263208,00000110,false,Rx,0,8,62,00,00,00,60,00,20,59,
69263209,00000130,false,Rx,0,8,37,00,00,00,50,00,38,5C,
69264209,00000100,false,Rx,0,8,2C,00,00,00,50,00,3B,B7,
69264209,00000120,false,Rx,0,8,3D,00,00,00,40,00,35,36,
69264210,00000110,false,Rx,0,8,BE,00,00,00,70,00,3E,C5,
69265458,00000050,false,Rx,0,6,41,5C,FF,FB,5F,FF,00,00,
69265459,00000130,false,Rx,0,8,B8,34,03,00,63,80,83,B3,
69265460,00000100,false,Rx,0,8,5A,00,00,00,60,00,24,E1,
69267084,00000120,false,Rx,0,8,20,00,00,00,50,00,3B,7B,
69267084,00000110,false,Rx,0,8,BE,00,00,00,80,00,7A,C5,
69267085,00000210,false,Rx,0,8,75,69,00,05,06,5F,01,03,
69268083,00000130,false,Rx,0,8,F8,FF,FF,FF,70,00,24,53,
69268083,00000100,false,Rx,0,8,5A,00,00,00,70,00,29,21,
69269247,00000120,false,Rx,0,8,20,00,00,00,60,00,2F,7B,
69269249,00000110,false,Rx,0,8,62,00,00,00,90,00,64,59,
69270247,00000130,false,Rx,0,8,F8,FF,FF,FF,80,00,60,53,
69270249,00000100,false,Rx,0,8,71,00,00,00,80,00,6B,3A,
69271248,00000120,false,Rx,0,8,E7,FF,FF,FF,70,00,26,3C,
69271250,00000110,false,Rx,0,8,62,00,00,00,A0,00,70,59,
69272245,00000130,false,Rx,0,8,18,00,00,00,90,00,6F,C3,
69272248,00000100,false,Rx,0,8,88,00,00,00,90,00,72,93,
69273365,00000120,false,Rx,0,8,E7,FF,FF,FF,80,00,62,3C,
69273366,00000110,false,Rx,0,8,34,00,00,00,B0,00,71,AF,
69274337,00000130,false,Rx,0,8,18,00,00,00,A0,00,7B,C3,
69274338,00000100,false,Rx,0,8,9F,00,00,00,A0,00,65,B4,
69275363,00000120,false,Rx,0,8,E7,FF,FF,FF,90,00,6F,FC,
69275364,00000110,false,Rx,0,8,34,00,00,00,C0,00,54,6F,
69276338,00000130,false,Rx,0,8,18,00,00,00,B0,00,76,03,
69276339,00000100,false,Rx,0,8,88,00,00,00,B0,00,6B,53,
69277460,00000120,false,Rx,0,8,E7,FF,FF,FF,A0,00,7B,FC,
69277461,00000110,false,Rx,0,8,4B,00,00,00,D0,00,52,60,
69278486,00000130,false,Rx,0,8,F8,FF,FF,FF,C0,00,51,93,
69278487,00000100,false,Rx,0,8,71,00,00,00,C0,00,5A,FA,
69279480,00000120,false,Rx,0,8,04,00,00,00,B0,00,74,5F,
69279480,00000110,false,Rx,0,8,4B,00,00,00,E0,00,46,60,
69280480,00000130,false,Rx,0,8,18,00,00,00,D0,00,5E,03,
69280480,00000100,false,Rx,0,8,71,00,00,00,D0,00,57,3A,
69280481,00000140,false,Rx,0,8,01,00,FF,FF,B0,00,74,2E,
69281607,00000120,false,Rx,0,8,04,00,00,00,C0,00,51,9F,
69281607,00000110,false,Rx,0,8,79,00,00,00,F0,00,4F,B2,
69282606,00000130,false,Rx,0,8,18,00,00,00,E0,00,4A,03,
69282607,00000100,false,Rx,0,8,5A,00,00,00,E0,00,45,21,
69283606,00000120,false,Rx,0,8,3D,00,00,00,D0,00,59,36,
69283607,00000110,false,Rx,0,8,79,00,00,00,00,00,0B,B2,
69284611,00000130,false,Rx,0,8,18,00,00,00,F0,00,47,C3,
69284612,00000100,false,Rx,0,8,43,00,00,00,F0,00,4A,E8,
69284613,00000120,false,Rx,0,8,3D,00,00,00,E0,00,4D,36,
69285854,00000110,false,Rx,0,8,79,00,00,00,10,00,06,72,
69285854,00000050,false,Rx,0,6,41,5C,FF,FB,5F,FF,00,00,
69285854,00000130,false,Rx,0,8,EB,95,FF,FF,03,80,1A,69,
69286861,00000100,false,Rx,0,8,5A,00,00,00,00,00,0C,E1,
69286862,00000120,false,Rx,0,8,04,00,00,00,F0,00,45,9F,
69287859,00000110,false,Rx,0,8,79,00,00,00,20,00,12,72,
69287861,00000130,false,Rx,0,8,95,00,00,00,10,00,10,DE,
69288984,00000100,false,Rx,0,8,5A,00,00,00,10,00,01,21,
69288985,00000120,false,Rx,0,8,04,00,00,00,00,00,01,9F,
69289982,00000110,false,Rx,0,8,79,00,00,00,30,00,1F,B2,
69289983,00000170,false,Rx,0,8,00,00,00,5E,50,81,05,25,
69289983,00000130,false,Rx,0,8,F8,FF,FF,FF,20,00,18,53,
69290982,00000100,false,Rx,0,8,88,00,00,00,20,00,07,53,
69290983,00000120,false,Rx,0,8,04,00,00,00,10,00,0C,5F,
69292108,00000110,false,Rx,0,8,79,00,00,00,40,00,3A,72,
69292110,00000130,false,Rx,0,8,37,00,00,00,30,00,10,5C,
69293095,00000100,false,Rx,0,8,9F,00,00,00,30,00,09,B4,
69293095,00000120,false,Rx,0,8,04,00,00,00,20,00,18,5F,
69294095,00000110,false,Rx,0,8,1D,00,00,00,50,00,3F,96,
69294096,00000130,false,Rx,0,8,18,00,00,00,40,00,32,03,
69295090,00000100,false,Rx,0,8,88,00,00,00,40,00,2F,53,
69295091,00000120,false,Rx,0,8,CB,FF,FF,FF,30,00,10,50,
69296217,00000110,false,Rx,0,8,1D,00,00,00,60,00,2B,96,
69296217,00000130,false,Rx,0,8,F8,FF,FF,FF,50,00,3D,93,
69297219,00000100,false,Rx,0,8,71,00,00,00,50,00,36,FA,
69297219,00000120,false,Rx,0,8,CB,FF,FF,FF,40,00,35,90,
69298218,00000110,false,Rx,0,8,62,00,00,00,70,00,2D,99,
69298219,00000130,false,Rx,0,8,37,00,00,00,60,00,2C,5C,
69299205,00000100,false,Rx,0,8,71,00,00,00,60,00,22,FA,
69299205,00000120,false,Rx,0,8,04,00,00,00,50,00,3D,9F,
69300218,00000110,false,Rx,0,8,62,00,00,00,80,00,69,99,
69300219,00000130,false,Rx,0,8,18,00,00,00,70,00,26,03,
69301330,00000100,false,Rx,0,8,5A,00,00,00,70,00,29,21,
69301330,00000140,false,Rx,0,8,01,00,FF,FF,C0,00,51,EE,
69301331,00000120,false,Rx,0,8,04,00,00,00,60,00,29,9F,
69302345,00000110,false,Rx,0,8,79,00,00,00,90,00,67,B2,
69302346,00000130,false,Rx,0,8,18,00,00,00,80,00,62,03,
69303346,00000100,false,Rx,0,8,43,00,00,00,80,00,6F,28,
69303347,00000120,false,Rx,0,8,3D,00,00,00,70,00,21,36,
69304345,00000110,false,Rx,0,8,79,00,00,00,A0,00,73,B2,
69304346,00000130,false,Rx,0,8,F8,FF,FF,FF,90,00,6D,93,
69305470,00000100,false,Rx,0,8,43,00,00,00,90,00,62,E8,
69305471,00000120,false,Rx,0,8,3D,00,00,00,80,00,65,36,
69305471,00000110,false,Rx,0,8,79,00,00,00,B0,00,7E,72,
69306600,00000050,false,Rx,0,6,41,5C,FF,FB,5F,FF,00,00,
69306601,00000130,false,Rx,0,8,0D,BA,F5,FF,A3,80,A2,71,
69306602,00000100,false,Rx,0,8,71,00,00,00,A0,00,72,FA,
69308231,00000120,false,Rx,0,8,20,00,00,00,90,00,6B,7B,
69308232,00000110,false,Rx,0,8,79,00,00,00,C0,00,5B,B2,
69309219,00000130,false,Rx,0,8,95,00,00,00,B0,00,68,DE,
69309220,00000100,false,Rx,0,8,5A,00,00,00,B0,00,79,21,
69310334,00000120,false,Rx,0,8,20,00,00,00,A0,00,7F,7B,
69310335,00000110,false,Rx,0,8,62,00,00,00,D0,00,55,99,
69311331,00000130,false,Rx,0,8,F8,FF,FF,FF,C0,00,51,93,
69311332,00000100,false,Rx,0,8,88,00,00,00,C0,00,4E,93,
69312352,00000120,false,Rx,0,8,E7,FF,FF,FF,B0,00,76,3C,
69312352,00000110,false,Rx,0,8,62,00,00,00,E0,00,41,99,
69313469,00000130,false,Rx,0,8,D9,FF,FF,FF,D0,00,5A,E2,
69313470,00000100,false,Rx,0,8,9F,00,00,00,D0,00,40,74,
69314469,00000120,false,Rx,0,8,E7,FF,FF,FF,C0,00,53,FC,
69314470,00000110,false,Rx,0,8,34,00,00,00,F0,00,40,6F,
69315470,00000130,false,Rx,0,8,18,00,00,00,E0,00,4A,03,
69315471,00000100,false,Rx,0,8,88,00,00,00,E0,00,57,53,
69316469,00000120,false,Rx,0,8,E7,FF,FF,FF,D0,00,5E,3C,
69316470,00000110,false,Rx,0,8,34,00,00,00,00,00,04,6F,
69317470,00000130,false,Rx,0,8,18,00,00,00,F0,00,47,C3,
69317471,00000100,false,Rx,0,8,71,00,00,00,F0,00,4E,FA,
69318606,00000120,false,Rx,0,8,E7,FF,FF,FF,E0,00,4A,3C,
69318607,00000110,false,Rx,0,8,62,00,00,00,10,00,05,99,
69319600,00000130,false,Rx,0,8,F8,FF,FF,FF,00,00,01,93,
69319601,00000100,false,Rx,0,8,71,00,00,00,00,00,0A,FA,
69320617,00000120,false,Rx,0,8,04,00,00,00,F0,00,45,9F,
69320618,00000110,false,Rx,0,8,62,00,00,00,20,00,11,99,
69321614,00000130,false,Rx,0,8,18,00,00,00,10,00,0E,03,
69321616,00000100,false,Rx,0,8,5A,00,00,00,10,00,01,21,
69321616,00000140,false,Rx,0,8,01,00,FF,FF,D0,00,5C,2E,
69322735,00000120,false,Rx,0,8,04,00,00,00,00,00,01,9F,
69322736,00000110,false,Rx,0,8,90,00,00,00,30,00,09,4B,
69323708,00000130,false,Rx,0,8,F8,FF,FF,FF,20,00,18,53,
69323708,00000100,false,Rx,0,8,2C,00,00,00,20,00,1E,77,
69324742,00000120,false,Rx,0,8,3D,00,00,00,10,00,09,36,
69324743,00000110,false,Rx,0,8,90,00,00,00,40,00,2C,8B,
69325742,00000130,false,Rx,0,8,D9,FF,FF,FF,30,00,13,22,
69325743,00000100,false,Rx,0,8,5A,00,00,00,30,00,18,E1,
69325744,00000120,false,Rx,0,8,3D,00,00,00,20,00,1D,36,
69327022,00000110,false,Rx,0,8,90,00,00,00,50,00,21,4B,
69327024,00000050,false,Rx,0,6,41,5C,FF,FB,5F,FF,00,00,
69327024,00000130,false,Rx,0,8,6C,21,00,00,43,80,85,E0,
69327995,00000100,false,Rx,0,8,5A,00,00,00,40,00,3D,21,
69327996,00000120,false,Rx,0,8,E7,FF,FF,FF,30,00,17,FC,
69328986,00000110,false,Rx,0,8,90,00,00,00,60,00,35,4B,
69328988,00000130,false,Rx,0,8,D9,FF,FF,FF,50,00,3B,22,
69330143,00000100,false,Rx,0,8,71,00,00,00,50,00,36,FA,
69330144,00000120,false,Rx,0,8,E7,FF,FF,FF,40,00,32,3C,
69331116,00000110,false,Rx,0,8,4B,00,00,00,70,00,2A,60,
69331117,00000130,false,Rx,0,8,37,00,00,00,60,00,2C,5C,
69332110,00000100,false,Rx,0,8,71,00,00,00,60,00,22,FA,
69332111,00000120,false,Rx,0,8,CB,FF,FF,FF,50,00,38,50,
69333237,00000110,false,Rx,0,8,4B,00,00,00,80,00,6E,60,
69333239,00000130,false,Rx,0,8,B9,FF,FF,FF,70,00,2B,42,
69334234,00000100,false,Rx,0,8,9F,00,00,00,70,00,38,74,
69334235,00000120,false,Rx,0,8,CB,FF,FF,FF,60,00,2C,50,
69335243,00000110,false,Rx,0,8,34,00,00,00,90,00,68,6F,
69335244,00000130,false,Rx,0,8,18,00,00,00,80,00,62,03,
69336233,00000100,false,Rx,0,8,88,00,00,00,80,00,7F,53,
69336234,00000120,false,Rx,0,8,E7,FF,FF,FF,70,00,26,3C,
69337391,00000110,false,Rx,0,8,34,00,00,00,A0,00,7C,6F,
69337393,00000130,false,Rx,0,8,18,00,00,00,90,00,6F,C3,
69338393,00000100,false,Rx,0,8,88,00,00,00,90,00,72,93,
69338395,00000120,false,Rx,0,8,E7,FF,FF,FF,80,00,62,3C,
69339369,00000110,false,Rx,0,8,62,00,00,00,B0,00,7D,99,
69339371,00000130,false,Rx,0,8,18,00,00,00,A0,00,7B,C3,
69340368,00000100,false,Rx,0,8,71,00,00,00,A0,00,72,FA,
69340369,00000120,false,Rx,0,8,04,00,00,00,90,00,6D,9F,
69341515,00000110,false,Rx,0,8,62,00,00,00,C0,00,58,59,
69341516,00000130,false,Rx,0,8,F8,FF,FF,FF,B0,00,74,53,
69342516,00000100,false,Rx,0,8,5A,00,00,00,B0,00,79,21,
69342517,00000140,false,Rx,0,8,01,00,FF,FF,E0,00,48,2E,
69342518,00000120,false,Rx,0,8,04,00,00,00,A0,00,79,9F,
69343516,00000110,false,Rx,0,8,A7,00,00,00,D0,00,44,CC,
69343518,00000130,false,Rx,0,8,18,00,00,00,C0,00,53,C3,
69344493,00000100,false,Rx,0,8,2C,00,00,00,C0,00,57,B7,
69344494,00000120,false,Rx,0,8,20,00,00,00,B0,00,72,BB,
69345483,00000110,false,Rx,0,8,A7,00,00,00,E0,00,50,CC,
69345484,00000130,false,Rx,0,8,18,00,00,00,D0,00,5E,03,
69346619,00000100,false,Rx,0,8,5A,00,00,00,D0,00,51,21,
69346620,00000120,false,Rx,0,8,20,00,00,00,C0,00,57,7B,
69346620,00000110,false,Rx,0,8,90,00,00,00,F0,00,59,4B,
69347767,00000050,false,Rx,0,6,41,5C,FF,FB,5F,FF,00,00,
69347768,00000130,false,Rx,0,8,B8,34,03,00,E3,80,E2,73,
69347769,00000100,false,Rx,0,8,5A,00,00,00,E0,00,45,21,
69349364,00000120,false,Rx,0,8,04,00,00,00,D0,00,5C,5F,
69349366,00000110,false,Rx,0,8,90,00,00,00,00,00,1D,4B,
69350517,00000130,false,Rx,0,8,D9,FF,FF,FF,F0,00,43,22,
69350519,00000100,false,Rx,0,8,71,00,00,00,F0,00,4E,FA,
69351510,00000120,false,Rx,0,8,04,00,00,00,E0,00,48,5F,
69351511,00000110,false,Rx,0,8,4B,00,00,00,10,00,02,60,
69352512,00000130,false,Rx,0,8,D9,FF,FF,FF,00,00,07,22,
69352513,00000100,false,Rx,0,8,88,00,00,00,00,00,1E,93,
69353494,00000120,false,Rx,0,8,CB,FF,FF,FF,F0,00,40,50,
69353495,00000110,false,Rx,0,8,4B,00,00,00,20,00,16,60,
69354483,00000130,false,Rx,0,8,F8,FF,FF,FF,10,00,0C,53,
69354484,00000100,false,Rx,0,8,9F,00,00,00,10,00,10,74,
69355618,00000120,false,Rx,0,8,CB,FF,FF,FF,00,00,04,50,
69355620,00000110,false,Rx,0,8,4B,00,00,00,30,00,1B,A0,
69356618,00000130,false,Rx,0,8,18,00,00,00,20,00,1A,03,
69356619,00000100,false,Rx,0,8,88,00,00,00,20,00,07,53,
69357618,00000120,false,Rx,0,8,04,00,00,00,10,00,0C,5F,
69357620,00000110,false,Rx,0,8,4B,00,00,00,40,00,3E,60,
69358608,00000130,false,Rx,0,8,D9,FF,FF,FF,30,00,13,22,
69358609,00000100,false,Rx,0,8,71,00,00,00,30,00,1E,FA,
69359743,00000120,false,Rx,0,8,04,00,00,00,20,00,18,5F,
69359744,00000110,false,Rx,0,8,79,00,00,00,50,00,37,B2,
69360766,00000130,false,Rx,0,8,F8,FF,FF,FF,40,00,30,53,
69360768,00000100,false,Rx,0,8,5A,00,00,00,40,00,3D,21,
69361770,00000120,false,Rx,0,8,04,00,00,00,30,00,15,9F,
69361772,00000110,false,Rx,0,8,79,00,00,00,60,00,23,B2,
69362752,00000130,false,Rx,0,8,F8,FF,FF,FF,50,00,3D,93,
69362754,00000100,false,Rx,0,8,5A,00,00,00,50,00,30,E1,
69362755,00000140,false,Rx,0,8,01,00,FF,FF,F0,00,45,EE,
69363885,00000120,false,Rx,0,8,04,00,00,00,40,00,30,5F,
69363886,00000110,false,Rx,0,8,A7,00,00,00,70,00,3C,CC,
69364860,00000130,false,Rx,0,8,18,00,00,00,60,00,2B,C3,
69364861,00000100,false,Rx,0,8,5A,00,00,00,60,00,24,E1,
69365868,00000120,false,Rx,0,8,04,00,00,00,50,00,3D,9F,
69365869,00000110,false,Rx,0,8,A7,00,00,00,80,00,78,CC,
69366865,00000130,false,Rx,0,8,D9,FF,FF,FF,70,00,22,E2,
69366866,00000100,false,Rx,0,8,5A,00,00,00,70,00,29,21,
69366867,00000120,false,Rx,0,8,04,00,00,00,60,00,29,9F,
69368111,00000110,false,Rx,0,8,62,00,00,00,90,00,64,59,
69368113,00000050,false,Rx,0,6,41,5C,FF,FB,5F,FF,00,00,
69368113,00000130,false,Rx,0,8,EB,95,FF,FF,83,80,7B,A9,
69369110,00000100,false,Rx,0,8,5A,00,00,00,80,00,6D,21,
69369111,00000120,false,Rx,0,8,04,00,00,00,70,00,24,5F,
69370242,00000110,false,Rx,0,8,62,00,00,00,A0,00,70,59,
69370243,00000130,false,Rx,0,8,95,00,00,00,90,00,71,1E,
69371244,00000100,false,Rx,0,8,88,00,00,00,90,00,72,93,
69371245,00000120,false,Rx,0,8,04,00,00,00,80,00,60,5F,
69372232,00000110,false,Rx,0,8,4B,00,00,00,B0,00,7A,60,
69372234,00000130,false,Rx,0,8,F8,FF,FF,FF,A0,00,79,93,
69373392,00000100,false,Rx,0,8,9F,00,00,00,A0,00,65,B4,
69373394,00000120,false,Rx,0,8,CB,FF,FF,FF,90,00,68,50,
69374394,00000110,false,Rx,0,8,4B,00,00,00,C0,00,5F,A0,
69374395,00000130,false,Rx,0,8,F8,FF,FF,FF,B0,00,74,53,
69375369,00000100,false,Rx,0,8,88,00,00,00,B0,00,6B,53,
69375370,00000120,false,Rx,0,8,CB,FF,FF,FF,A0,00,7C,50,
69376369,00000110,false,Rx,0,8,4B,00,00,00,D0,00,52,60,
69376370,00000130,false,Rx,0,8,F8,FF,FF,FF,C0,00,51,93,
69377358,00000100,false,Rx,0,8,71,00,00,00,C0,00,5A,FA,
69377359,00000120,false,Rx,0,8,04,00,00,00,B0,00,74,5F,
69378516,00000110,false,Rx,0,8,4B,00,00,00,E0,00,46,60,
69378517,00000130,false,Rx,0,8,18,00,00,00,D0,00,5E,03,
69379516,00000100,false,Rx,0,8,71,00,00,00,D0,00,57,3A,
69379518,00000120,false,Rx,0,8,04,00,00,00,C0,00,51,9F,
69380491,00000110,false,Rx,0,8,62,00,00,00,F0,00,4C,59,
69380492,00000130,false,Rx,0,8,18,00,00,00,E0,00,4A,03,
69381482,00000100,false,Rx,0,8,5A,00,00,00,E0,00,45,21,
69381484,00000120,false,Rx,0,8,04,00,00,00,D0,00,5C,5F,
69382620,00000110,false,Rx,0,8,62,00,00,00,00,00,08,59,
69382621,00000130,false,Rx,0,8,18,00,00,00,F0,00,47,C3,
69383621,00000100,false,Rx,0,8,2C,00,00,00,F0,00,43,B7,
69383622,00000140,false,Rx,0,8,01,00,FF,FF,00,00,01,EE,
69383623,00000120,false,Rx,0,8,04,00,00,00,E0,00,48,5F,
69384611,00000110,false,Rx,0,8,90,00,00,00,10,00,10,8B,
69384613,00000130,false,Rx,0,8,D9,FF,FF,FF,00,00,07,22,
69385615,00000100,false,Rx,0,8,5A,00,00,00,00,00,0C,E1,
69385617,00000120,false,Rx,0,8,04,00,00,00,F0,00,45,9F,
69386736,00000110,false,Rx,0,8,90,00,00,00,20,00,04,8B,
69386738,00000130,false,Rx,0,8,F8,FF,FF,FF,10,00,0C,53,
69387734,00000100,false,Rx,0,8,5A,00,00,00,10,00,01,21,
69387735,00000120,false,Rx,0,8,04,00,00,00,00,00,01,9F,
69387736,00000110,false,Rx,0,8,62,00,00,00,30,00,1C,59,
69388861,00000050,false,Rx,0,6,41,5C,FF,FB,5F,FF,00,00,
69388862,00000130,false,Rx,0,8,2C,BA,F5,FF,23,80,C5,00,
69388863,00000100,false,Rx,0,8,5A,00,00,00,20,00,15,21,
69390490,00000120,false,Rx,0,8,04,00,00,00,10,00,0C,5F,
69390492,00000110,false,Rx,0,8,62,00,00,00,40,00,39,99,
69391618,00000130,false,Rx,0,8,95,00,00,00,30,00,09,1E,
69391619,00000100,false,Rx,0,8,88,00,00,00,30,00,0A,93,
69392618,00000120,false,Rx,0,8,04,00,00,00,20,00,18,5F,
69392619,00000110,false,Rx,0,8,34,00,00,00,50,00,38,6F,
69392619,00000170,false,Rx,0,8,00,00,00,5F,50,81,05,B8,
69393634,00000130,false,Rx,0,8,B9,FF,FF,FF,40,00,3F,42,
69393635,00000100,false,Rx,0,8,9F,00,00,00,40,00,2C,74,
69394620,00000120,false,Rx,0,8,CB,FF,FF,FF,30,00,10,50,
69394621,00000110,false,Rx,0,8,34,00,00,00,60,00,2C,6F,
69395764,00000130,false,Rx,0,8,F8,FF,FF,FF,50,00,3D,93,
69395765,00000100,false,Rx,0,8,9F,00,00,00,50,00,21,B4,
69396763,00000120,false,Rx,0,8,CB,FF,FF,FF,40,00,35,90,
69396764,00000110,false,Rx,0,8,4B,00,00,00,70,00,2A,60,
69397768,00000130,false,Rx,0,8,F8,FF,FF,FF,60,00,29,93,
69397770,00000100,false,Rx,0,8,71,00,00,00,60,00,22,FA,
69398736,00000120,false,Rx,0,8,E7,FF,FF,FF,50,00,3F,FC,
69398737,00000110,false,Rx,0,8,4B,00,00,00,80,00,6E,60,
69399866,00000130,false,Rx,0,8,F8,FF,FF,FF,70,00,24,53,
69399867,00000100,false,Rx,0,8,71,00,00,00,70,00,2F,3A,
69400861,00000120,false,Rx,0,8,E7,FF,FF,FF,60,00,2B,FC,
69400863,00000110,false,Rx,0,8,79,00,00,00,90,00,67,B2,
69401867,00000130,false,Rx,0,8,18,00,00,00,80,00,62,03,
69401869,00000100,false,Rx,0,8,5A,00,00,00,80,00,6D,21,
69402868,00000120,false,Rx,0,8,20,00,00,00,70,00,22,BB,
69402869,00000110,false,Rx,0,8,79,00,00,00,A0,00,73,B2,
69403890,00000130,false,Rx,0,8,B9,FF,FF,FF,90,00,62,82,
69403891,00000100,false,Rx,0,8,2C,00,00,00,90,00,6B,B7,
69403892,00000140,false,Rx,0,8,01,00,FF,FF,10,00,0C,2E,
69405016,00000120,false,Rx,0,8,20,00,00,00,80,00,66,BB,
69405017,00000110,false,Rx,0,8,79,00,00,00,B0,00,7E,72,
69405992,00000130,false,Rx,0,8,18,00,00,00,A0,00,7B,C3,
69405993,00000100,false,Rx,0,8,43,00,00,00,A0,00,76,E8,
69406995,00000120,false,Rx,0,8,04,00,00,00,90,00,6D,9F,
69406997,00000110,false,Rx,0,8,79,00,00,00,C0,00,5B,B2,
69407992,00000130,false,Rx,0,8,D9,FF,FF,FF,B0,00,72,E2,
69407994,00000100,false,Rx,0,8,5A,00,00,00,B0,00,79,21,
69407994,00000120,false,Rx,0,8,04,00,00,00,A0,00,79,9F,
69409242,00000110,false,Rx,0,8,90,00,00,00,D0,00,40,8B,
69409243,00000050,false,Rx,0,6,41,5C,FF,FB,5F,FF,00,00,
69409245,00000130,false,Rx,0,8,4D,21,00,00,C3,80,E2,91,
69410234,00000100,false,Rx,0,8,71,00,00,00,C0,00,5A,FA,
69410236,00000120,false,Rx,0,8,E7,FF,FF,FF,B0,00,76,3C,
69411393,00000110,false,Rx,0,8,90,00,00,00,E0,00,54,8B,
69411394,00000130,false,Rx,0,8,B9,FF,FF,FF,D0,00,53,42,
69412368,00000100,false,Rx,0,8,88,00,00,00,D0,00,43,53,
69412370,00000120,false,Rx,0,8,E7,FF,FF,FF,C0,00,53,FC,
69413361,00000110,false,Rx,0,8,34,00,00,00,F0,00,40,6F,
69413362,00000130,false,Rx,0,8,18,00,00,00,E0,00,4A,03,
69414513,00000100,false,Rx,0,8,9F,00,00,00,E0,00,54,74,
69414514,00000120,false,Rx,0,8,CB,FF,FF,FF,D0,00,59,90,
69415518,00000110,false,Rx,0,8,34,00,00,00,00,00,04,6F,
69415519,00000130,false,Rx,0,8,F8,FF,FF,FF,F0,00,45,93,
69416491,00000100,false,Rx,0,8,71,00,00,00,F0,00,4E,FA,
69416493,00000120,false,Rx,0,8,CB,FF,FF,FF,E0,00,4D,90,
69417492,00000110,false,Rx,0,8,62,00,00,00,10,00,05,99,
69417494,00000130,false,Rx,0,8,37,00,00,00,00,00,04,5C,
69418488,00000100,false,Rx,0,8,71,00,00,00,00,00,0A,FA,
69418489,00000120,false,Rx,0,8,04,00,00,00,F0,00,45,9F,
69419622,00000110,false,Rx,0,8,62,00,00,00,20,00,11,99,
69419624,00000130,false,Rx,0,8,D9,FF,FF,FF,10,00,0A,E2,
69420619,00000100,false,Rx,0,8,5A,00,00,00,10,00,01,21,
69420620,00000120,false,Rx,0,8,04,00,00,00,00,00,01,9F,
69421610,00000110,false,Rx,0,8,79,00,00,00,30,00,1F,B2,
69421611,00000130,false,Rx,0,8,F8,FF,FF,FF,20,00,18,53,
69422735,00000100,false,Rx,0,8,5A,00,00,00,20,00,15,21,
69422736,00000120,false,Rx,0,8,3D,00,00,00,10,00,09,36,
69423736,00000110,false,Rx,0,8,79,00,00,00,40,00,3A,72,
69423738,00000130,false,Rx,0,8,18,00,00,00,30,00,17,C3,
69424762,00000100,false,Rx,0,8,43,00,00,00,30,00,1A,E8,
69424764,00000140,false,Rx,0,8,01,00,FF,FF,20,00,18,2E,
69424764,00000120,false,Rx,0,8,3D,00,00,00,20,00,1D,36,
69425765,00000110,false,Rx,0,8,62,00,00,00,50,00,34,59,
69425766,00000130,false,Rx,0,8,D9,FF,FF,FF,40,00,36,E2,
69426739,00000100,false,Rx,0,8,5A,00,00,00,40,00,3D,21,
69426740,00000120,false,Rx,0,8,04,00,00,00,30,00,15,9F,
69427889,00000110,false,Rx,0,8,62,00,00,00,60,00,20,59,
69427890,00000130,false,Rx,0,8,F8,FF,FF,FF,50,00,3D,93,
69428888,00000100,false,Rx,0,8,5A,00,00,00,50,00,30,E1,
69428889,00000120,false,Rx,0,8,04,00,00,00,40,00,30,5F,
69428890,00000110,false,Rx,0,8,79,00,00,00,70,00,2E,72,
69430004,00000050,false,Rx,0,6,41,5C,FF,FB,5F,FF,00,00,
69430005,00000130,false,Rx,0,8,D8,34,03,00,63,80,8A,13,
69430006,00000100,false,Rx,0,8,71,00,00,00,60,00,22,FA,
69431621,00000120,false,Rx,0,8,04,00,00,00,50,00,3D,9F,
69431622,00000110,false,Rx,0,8,79,00,00,00,80,00,6A,72,
69432769,00000130,false,Rx,0,8,F8,FF,FF,FF,70,00,24,53,
69432770,00000100,false,Rx,0,8,88,00,00,00,70,00,3B,53,
69433760,00000120,false,Rx,0,8,04,00,00,00,60,00,29,9F,
69433761,00000110,false,Rx,0,8,34,00,00,00,90,00,68,6F,
69434735,00000130,false,Rx,0,8,D9,FF,FF,FF,80,00,66,E2,
69434736,00000100,false,Rx,0,8,88,00,00,00,80,00,7F,53,
69435737,00000120,false,Rx,0,8,E7,FF,FF,FF,70,00,26,3C,
69435738,00000110,false,Rx,0,8,34,00,00,00,A0,00,7C,6F,
69436859,00000130,false,Rx,0,8,18,00,00,00,90,00,6F,C3,
69436861,00000100,false,Rx,0,8,71,00,00,00,90,00,66,FA,
69437867,00000120,false,Rx,0,8,E7,FF,FF,FF,80,00,62,3C,
69437868,00000110,false,Rx,0,8,62,00,00,00,B0,00,7D,99,
69438866,00000130,false,Rx,0,8,18,00,00,00,A0,00,7B,C3,
69438867,00000100,false,Rx,0,8,71,00,00,00,A0,00,72,FA,
69439857,00000120,false,Rx,0,8,04,00,00,00,90,00,6D,9F,
69439859,00000110,false,Rx,0,8,62,00,00,00,C0,00,58,59,
69441017,00000130,false,Rx,0,8,F8,FF,FF,FF,B0,00,74,53,
69441018,00000100,false,Rx,0,8,5A,00,00,00,B0,00,79,21,
69442014,00000120,false,Rx,0,8,04,00,00,00,A0,00,79,9F,
69442015,00000110,false,Rx,0,8,79,00,00,00,D0,00,56,72,
69442990,00000130,false,Rx,0,8,F8,FF,FF,FF,C0,00,51,93,
69442991,00000100,false,Rx,0,8,5A,00,00,00,C0,00,5C,E1,
69444000,00000120,false,Rx,0,8,59,00,00,00,B0,00,79,12,
69444002,00000110,false,Rx,0,8,79,00,00,00,E0,00,42,72,
69444984,00000130,false,Rx,0,8,18,00,00,00,D0,00,5E,03,
69444985,00000100,false,Rx,0,8,43,00,00,00,D0,00,53,28,
69444986,00000140,false,Rx,0,8,01,00,FF,FF,30,00,15,EE,
69446139,00000120,false,Rx,0,8,59,00,00,00,C0,00,5C,D2,
69446140,00000110,false,Rx,0,8,79,00,00,00,F0,00,4F,B2,
69447118,00000130,false,Rx,0,8,F8,FF,FF,FF,E0,00,48,53,
69447119,00000100,false,Rx,0,8,71,00,00,00,E0,00,43,3A,
69448116,00000120,false,Rx,0,8,20,00,00,00,D0,00,5A,BB,
69448117,00000110,false,Rx,0,8,79,00,00,00,00,00,0B,B2,
69449107,00000130,false,Rx,0,8,18,00,00,00,F0,00,47,C3,
69449109,00000100,false,Rx,0,8,71,00,00,00,F0,00,4E,FA,
69449109,00000120,false,Rx,0,8,20,00,00,00,E0,00,4E,BB,
69450365,00000110,false,Rx,0,8,62,00,00,00,10,00,05,99,
69450366,00000050,false,Rx,0,6,41,5C,FF,FB,5F,FF,00,00,
69450367,00000130,false,Rx,0,8,EB,95,FF,FF,03,80,1A,69,
69451516,00000100,false,Rx,0,8,88,00,00,00,00,00,1E,93,
69451517,00000120,false,Rx,0,8,E7,FF,FF,FF,F0,00,47,FC,
69452515,00000110,false,Rx,0,8,62,00,00,00,20,00,11,99,
69452516,00000130,false,Rx,0,8,95,00,00,00,10,00,10,DE,
69453490,00000100,false,Rx,0,8,9F,00,00,00,10,00,10,74,
69453492,00000120,false,Rx,0,8,E7,FF,FF,FF,00,00,03,FC,
69454618,00000110,false,Rx,0,8,34,00,00,00,30,00,10,6F,
69454620,00000130,false,Rx,0,8,18,00,00,00,20,00,1A,03,
69455618,00000100,false,Rx,0,8,88,00,00,00,20,00,07,53,
69455620,00000120,false,Rx,0,8,04,00,00,00,10,00,0C,5F,
69456611,00000110,false,Rx,0,8,34,00,00,00,40,00,35,AF,
69456612,00000130,false,Rx,0,8,F8,FF,FF,FF,30,00,15,93,
69457610,00000100,false,Rx,0,8,71,00,00,00,30,00,1E,FA,
69457612,00000120,false,Rx,0,8,04,00,00,00,20,00,18,5F,
69458615,00000110,false,Rx,0,8,4B,00,00,00,50,00,33,A0,
69458617,00000130,false,Rx,0,8,37,00,00,00,40,00,35,9C,
69459734,00000100,false,Rx,0,8,71,00,00,00,40,00,3B,3A,
69459735,00000120,false,Rx,0,8,04,00,00,00,30,00,15,9F,
69460734,00000110,false,Rx,0,8,4B,00,00,00,60,00,27,A0,
69460735,00000130,false,Rx,0,8,37,00,00,00,50,00,38,5C,
69461767,00000100,false,Rx,0,8,5A,00,00,00,50,00,30,E1,
69461768,00000120,false,Rx,0,8,04,00,00,00,40,00,30,5F,
69462752,00000110,false,Rx,0,8,90,00,00,00,70,00,38,8B,
69462753,00000130,false,Rx,0,8,F8,FF,FF,FF,60,00,29,93,
69463741,00000100,false,Rx,0,8,43,00,00,00,60,00,26,E8,
69463743,00000120,false,Rx,0,8,3D,00,00,00,50,00,38,F6,
69464890,00000110,false,Rx,0,8,90,00,00,00,80,00,7C,8B,
69464892,00000130,false,Rx,0,8,18,00,00,00,70,00,26,03,
69465894,00000100,false,Rx,0,8,43,00,00,00,70,00,2B,28,
69465895,00000140,false,Rx,0,8,01,00,FF,FF,40,00,30,2E,
69465896,00000120,false,Rx,0,8,3D,00,00,00,60,00,2C,F6,
69466866,00000110,false,Rx,0,8,79,00,00,00,90,00,67,B2,
69466867,00000130,false,Rx,0,8,D9,FF,FF,FF,80,00,66,E2,
69467857,00000100,false,Rx,0,8,5A,00,00,00,80,00,6D,21,
69467858,00000120,false,Rx,0,8,04,00,00,00,70,00,24,5F,
69469014,00000110,false,Rx,0,8,79,00,00,00,A0,00,73,B2,
69469015,00000130,false,Rx,0,8,18,00,00,00,90,00,6F,C3,
69470019,00000100,false,Rx,0,8,71,00,00,00,90,00,66,FA,
69470020,00000120,false,Rx,0,8,04,00,00,00,80,00,60,5F,
69470021,00000110,false,Rx,0,8,62,00,00,00,B0,00,7D,99,
69471108,00000050,false,Rx,0,6,41,5C,FF,FB,5F,FF,00,00,
69471110,00000130,false,Rx,0,8,0D,BA,F5,FF,A3,80,A2,71,
69471111,00000100,false,Rx,0,8,71,00,00,00,A0,00,72,FA,
69472736,00000120,false,Rx,0,8,CB,FF,FF,FF,90,00,68,50,
69472737,00000110,false,Rx,0,8,62,00,00,00,C0,00,58,59,
69473849,00000130,false,Rx,0,8,95,00,00,00,B0,00,68,DE,
69473851,00000100,false,Rx,0,8,B6,00,00,00,B0,00,6F,8D,
69474858,00000120,false,Rx,0,8,CB,FF,FF,FF,A0,00,7C,50,
69474860,00000110,false,Rx,0,8,34,00,00,00,D0,00,59,AF,
69475859,00000130,false,Rx,0,8,18,00,00,00,C0,00,53,C3,
69475861,00000100,false,Rx,0,8,88,00,00,00,C0,00,4E,93,
69476985,00000120,false,Rx,0,8,04,00,00,00,B0,00,74,5F,
69476986,00000110,false,Rx,0,8,34,00,00,00,E0,00,4D,AF,
69477984,00000130,false,Rx,0,8,D9,FF,FF,FF,D0,00,5A,E2,
69477986,00000100,false,Rx,0,8,71,00,00,00,D0,00,57,3A,
69478968,00000120,false,Rx,0,8,04,00,00,00,C0,00,51,9F,
69478969,00000110,false,Rx,0,8,62,00,00,00,F0,00,4C,59,
69479967,00000130,false,Rx,0,8,D9,FF,FF,FF,E0,00,4E,E2,
69479967,00000100,false,Rx,0,8,71,00,00,00,E0,00,43,3A,
69480965,00000120,false,Rx,0,8,20,00,00,00,D0,00,5A,BB,
69480966,00000110,false,Rx,0,8,62,00,00,00,00,00,08,59,
69482093,00000130,false,Rx,0,8,D9,FF,FF,FF,F0,00,43,22,
69482094,00000100,false,Rx,0,8,5A,00,00,00,F0,00,48,E1,
69483092,00000120,false,Rx,0,8,20,00,00,00,E0,00,4E,BB,
69483093,00000110,false,Rx,0,8,A7,00,00,00,10,00,14,CC,
69484090,00000130,false,Rx,0,8,18,00,00,00,00,00,03,C3,
69484091,00000100,false,Rx,0,8,2C,00,00,00,00,00,07,B7,
69485090,00000120,false,Rx,0,8,04,00,00,00,F0,00,45,9F,
69485091,00000110,false,Rx,0,8,A7,00,00,00,20,00,00,CC,
69486090,00000130,false,Rx,0,8,F8,FF,FF,FF,10,00,0C,53,
69486091,00000100,false,Rx,0,8,5A,00,00,00,10,00,01,21,
69486091,00000140,false,Rx,0,8,01,00,FF,FF,50,00,3D,EE,
69487216,00000120,false,Rx,0,8,04,00,00,00,00,00,01,9F,
69487217,00000110,false,Rx,0,8,62,00,00,00,30,00,1C,59,
69488218,00000130,false,Rx,0,8,F8,FF,FF,FF,20,00,18,53,
69488218,00000100,false,Rx,0,8,71,00,00,00,20,00,13,3A,
69489216,00000120,false,Rx,0,8,04,00,00,00,10,00,0C,5F,
69489217,00000110,false,Rx,0,8,62,00,00,00,40,00,39,99,
69490208,00000130,false,Rx,0,8,D9,FF,FF,FF,30,00,13,22,
69490208,00000100,false,Rx,0,8,71,00,00,00,30,00,1E,FA,
69490209,00000120,false,Rx,0,8,04,00,00,00,20,00,18,5F,
69491468,00000110,false,Rx,0,8,79,00,00,00,50,00,37,B2,
69491469,00000050,false,Rx,0,6,41,5C,FF,FB,5F,FF,00,00,
69491470,00000130,false,Rx,0,8,4D,21,00,00,43,80,83,51,
69492461,00000100,false,Rx,0,8,88,00,00,00,40,00,2F,53,
69492462,00000120,false,Rx,0,8,CB,FF,FF,FF,30,00,10,50,
69493579,00000110,false,Rx,0,8,79,00,00,00,60,00,23,B2,
69493580,00000130,false,Rx,0,8,F8,FF,FF,FF,50,00,3D,93,
69494580,00000100,false,Rx,0,8,9F,00,00,00,50,00,21,B4,
69494581,00000120,false,Rx,0,8,CB,FF,FF,FF,40,00,35,90,
69495589,00000110,false,Rx,0,8,4B,00,00,00,70,00,2A,60,
69495590,00000170,false,Rx,0,8,00,00,00,50,50,81,05,D0,
69495603,00000130,false,Rx,0,8,37,00,00,00,60,00,2C,5C,
69496706,00000100,false,Rx,0,8,88,00,00,00,60,00,36,93,
69496707,00000120,false,Rx,0,8,E7,FF,FF,FF,50,00,3F,FC,
69497703,00000110,false,Rx,0,8,4B,00,00,00,80,00,6E,60,
69497704,00000130,false,Rx,0,8,18,00,00,00,70,00,26,03,
69498703,00000100,false,Rx,0,8,88,00,00,00,70,00,3B,53,
69498703,00000120,false,Rx,0,8,E7,FF,FF,FF,60,00,2B,FC,
69499716,00000110,false,Rx,0,8,79,00,00,00,90,00,67,B2,
69499717,00000130,false,Rx,0,8,F8,FF,FF,FF,80,00,60,53,
69500827,00000100,false,Rx,0,8,71,00,00,00,80,00,6B,3A,
69500828,00000120,false,Rx,0,8,04,00,00,00,70,00,24,5F,
69501841,00000110,false,Rx,0,8,79,00,00,00,A0,00,73,B2,
69501842,00000130,false,Rx,0,8,F8,FF,FF,FF,90,00,6D,93,
69502840,00000100,false,Rx,0,8,5A,00,00,00,90,00,60,E1,
69502841,00000120,false,Rx,0,8,04,00,00,00,80,00,60,5F,
69503842,00000110,false,Rx,0,8,90,00,00,00,B0,00,68,8B,
69503843,00000130,false,Rx,0,8,F8,FF,FF,FF,A0,00,79,93,
69504965,00000100,false,Rx,0,8,43,00,00,00,A0,00,76,E8,
69504966,00000120,false,Rx,0,8,20,00,00,00,90,00,6B,7B,
69505967,00000110,false,Rx,0,8,90,00,00,00,C0,00,4D,4B,
69505967,00000130,false,Rx,0,8,18,00,00,00,B0,00,76,03,
69506965,00000100,false,Rx,0,8,5A,00,00,00,B0,00,79,21,
69506966,00000140,false,Rx,0,8,01,00,FF,FF,60,00,29,EE,
69506966,00000120,false,Rx,0,8,20,00,00,00,A0,00,7F,7B,
69507965,00000110,false,Rx,0,8,62,00,00,00,D0,00,55,99,
69507966,00000130,false,Rx,0,8,F8,FF,FF,FF,C0,00,51,93,
69508965,00000100,false,Rx,0,8,5A,00,00,00,C0,00,5C,E1,
69508966,00000120,false,Rx,0,8,04,00,00,00,B0,00,74,5F,
69510089,00000110,false,Rx,0,8,62,00,00,00,E0,00,41,99,
69510090,00000130,false,Rx,0,8,D9,FF,FF,FF,D0,00,5A,E2,
69511091,00000100,false,Rx,0,8,71,00,00,00,D0,00,57,3A,
69511092,00000120,false,Rx,0,8,04,00,00,00,C0,00,51,9F,
69511092,00000110,false,Rx,0,8,79,00,00,00,F0,00,4F,B2,
69512216,00000050,false,Rx,0,6,41,5C,FF,FB,5F,FF,00,00,
69512216,00000130,false,Rx,0,8,F8,34,03,00,E3,80,EC,B3,
69512217,00000100,false,Rx,0,8,88,00,00,00,E0,00,57,53,
69513840,00000120,false,Rx,0,8,CB,FF,FF,FF,D0,00,59,90,
69513840,00000110,false,Rx,0,8,79,00,00,00,00,00,0B,B2,
69514974,00000130,false,Rx,0,8,F8,FF,FF,FF,F0,00,45,93,
69514975,00000100,false,Rx,0,8,9F,00,00,00,F0,00,59,B4,
69515966,00000120,false,Rx,0,8,CB,FF,FF,FF,E0,00,4D,90,
69515966,00000110,false,Rx,0,8,4B,00,00,00,10,00,02,60,
69516963,00000130,false,Rx,0,8,18,00,00,00,00,00,03,C3,
69516964,00000100,false,Rx,0,8,88,00,00,00,00,00,1E,93,
69518090,00000120,false,Rx,0,8,04,00,00,00,F0,00,45,9F,
69518091,00000110,false,Rx,0,8,4B,00,00,00,20,00,16,60,
69519093,00000130,false,Rx,0,8,37,00,00,00,10,00,09,9C,
69519094,00000100,false,Rx,0,8,5A,00,00,00,10,00,01,21,
69520093,00000120,false,Rx,0,8,04,00,00,00,00,00,01,9F,
69520094,00000110,false,Rx,0,8,62,00,00,00,30,00,1C,59,
69521093,00000130,false,Rx,0,8,18,00,00,00,20,00,1A,03,
69521094,00000100,false,Rx,0,8,5A,00,00,00,20,00,15,21,
69522216,00000120,false,Rx,0,8,20,00,00,00,10,00,0A,BB,
69522217,00000110,false,Rx,0,8,62,00,00,00,40,00,39,99,
69523218,00000130,false,Rx,0,8,F8,FF,FF,FF,30,00,15,93,
69523219,00000100,false,Rx,0,8,43,00,00,00,30,00,1A,E8,
69524215,00000120,false,Rx,0,8,20,00,00,00,20,00,1E,BB,
69524215,00000110,false,Rx,0,8,90,00,00,00,50,00,21,4B,
69525206,00000130,false,Rx,0,8,F8,FF,FF,FF,40,00,30,53,
69525207,00000100,false,Rx,0,8,5A,00,00,00,40,00,3D,21,
69526222,00000120,false,Rx,0,8,04,00,00,00,30,00,15,9F,
69526223,00000110,false,Rx,0,8,90,00,00,00,60,00,35,4B,
69527341,00000130,false,Rx,0,8,18,00,00,00,50,00,3F,C3,
69527342,00000100,false,Rx,0,8,71,00,00,00,50,00,36,FA,
69527342,00000140,false,Rx,0,8,01,00,FF,FF,70,00,24,2E,
69528341,00000120,false,Rx,0,8,04,00,00,00,40,00,30,5F,
69528342,00000110,false,Rx,0,8,79,00,00,00,70,00,2E,72,
69529329,00000130,false,Rx,0,8,18,00,00,00,60,00,2B,C3,
69529330,00000100,false,Rx,0,8,71,00,00,00,60,00,22,FA,
69530326,00000120,false,Rx,0,8,E7,FF,FF,FF,50,00,3F,FC,
69530327,00000110,false,Rx,0,8,79,00,00,00,80,00,6A,72,
69531325,00000130,false,Rx,0,8,F8,FF,FF,FF,70,00,24,53,
69531325,00000100,false,Rx,0,8,88,00,00,00,70,00,3B,53,
69531326,00000120,false,Rx,0,8,E7,FF,FF,FF,60,00,2B,FC,
69532575,00000110,false,Rx,0,8,34,00,00,00,90,00,68,6F,
69532577,00000050,false,Rx,0,6,41,5C,FF,FB,5F,FF,00,00,
69532578,00000130,false,Rx,0,8,EB,95,FF,FF,83,80,7B,A9,
69533700,00000100,false,Rx,0,8,9F,00,00,00,80,00,7C,74,
69533700,00000120,false,Rx,0,8,CB,FF,FF,FF,70,00,21,90,
69534700,00000110,false,Rx,0,8,34,00,00,00,A0,00,7C,6F,
69534701,00000130,false,Rx,0,8,76,00,00,00,90,00,67,4D,
69535700,00000100,false,Rx,0,8,71,00,00,00,90,00,66,FA,
69535701,00000120,false,Rx,0,8,CB,FF,FF,FF,80,00,65,90,
69536701,00000110,false,Rx,0,8,62,00,00,00,B0,00,7D,99,
69536701,00000130,false,Rx,0,8,B9,FF,FF,FF,A0,00,76,82,
69537825,00000100,false,Rx,0,8,88,00,00,00,A0,00,66,93,
69537826,00000120,false,Rx,0,8,04,00,00,00,90,00,6D,9F,
69538825,00000110,false,Rx,0,8,62,00,00,00,C0,00,58,59,
69538826,00000130,false,Rx,0,8,D9,FF,FF,FF,B0,00,72,E2,
69539825,00000100,false,Rx,0,8,5A,00,00,00,B0,00,79,21,
69539826,00000120,false,Rx,0,8,04,00,00,00,A0,00,79,9F,
69540829,00000110,false,Rx,0,8,79,00,00,00,D0,00,56,72,
69540830,00000130,false,Rx,0,8,F8,FF,FF,FF,C0,00,51,93,
69541964,00000100,false,Rx,0,8,5A,00,00,00,C0,00,5C,E1,
69541964,00000120,false,Rx,0,8,20,00,00,00,B0,00,72,BB,
69542966,00000110,false,Rx,0,8,79,00,00,00,E0,00,42,72,
69542966,00000130,false,Rx,0,8,D9,FF,FF,FF,D0,00,5A,E2,
69543964,00000100,false,Rx,0,8,2C,00,00,00,D0,00,5A,77,
69543965,00000120,false,Rx,0,8,20,00,00,00,C0,00,57,7B,
69544964,00000110,false,Rx,0,8,90,00,00,00,F0,00,59,4B,
69544965,00000130,false,Rx,0,8,18,00,00,00,E0,00,4A,03,
69546107,00000100,false,Rx,0,8,5A,00,00,00,E0,00,45,21,
69546109,00000120,false,Rx,0,8,04,00,00,00,D0,00,5C,5F,
69547106,00000110,false,Rx,0,8,90,00,00,00,00,00,1D,4B,
69547107,00000130,false,Rx,0,8,18,00,00,00,F0,00,47,C3,
69548105,00000100,false,Rx,0,8,5A,00,00,00,F0,00,48,E1,
69548106,00000140,false,Rx,0,8,01,00,FF,FF,80,00,60,2E,
69548106,00000120,false,Rx,0,8,04,00,00,00,E0,00,48,5F,
69549105,00000110,false,Rx,0,8,79,00,00,00,10,00,06,72,
69549106,00000130,false,Rx,0,8,18,00,00,00,00,00,03,C3,
69550230,00000100,false,Rx,0,8,71,00,00,00,00,00,0A,FA,
69550231,00000120,false,Rx,0,8,E7,FF,FF,FF,F0,00,47,FC,
69551230,00000110,false,Rx,0,8,79,00,00,00,20,00,12,72,
69551231,00000130,false,Rx,0,8,F8,FF,FF,FF,10,00,0C,53,
69552229,00000100,false,Rx,0,8,88,00,00,00,10,00,13,53,
69552230,00000120,false,Rx,0,8,E7,FF,FF,FF,00,00,03,FC,
69552231,00000110,false,Rx,0,8,1D,00,00,00,30,00,17,96,
69553479,00000050,false,Rx,0,6,41,5C,FF,FB,5F,FF,00,00,
69553480,00000130,false,Rx,0,8,2C,BA,F5,FF,23,80,C5,00,
69553481,00000100,false,Rx,0,8,9F,00,00,00,20,00,04,74,
69554979,00000120,false,Rx,0,8,E7,FF,FF,FF,10,00,0E,3C,
69554980,00000110,false,Rx,0,8,1D,00,00,00,40,00,32,56,
69556100,00000130,false,Rx,0,8,D5,00,00,00,30,00,07,DE,
69556101,00000100,false,Rx,0,8,88,00,00,00,30,00,0A,93,
69557103,00000120,false,Rx,0,8,E7,FF,FF,FF,20,00,1A,3C,
69557104,00000110,false,Rx,0,8,62,00,00,00,50,00,34,59,
69558101,00000130,false,Rx,0,8,F8,FF,FF,FF,40,00,30,53,
69558102,00000100,false,Rx,0,8,71,00,00,00,40,00,3B,3A,
69559229,00000120,false,Rx,0,8,04,00,00,00,30,00,15,9F,
69559230,00000110,false,Rx,0,8,62,00,00,00,60,00,20,59,
69560220,00000130,false,Rx,0,8,F8,FF,FF,FF,50,00,3D,93,
69560221,00000100,false,Rx,0,8,71,00,00,00,50,00,36,FA,
69561204,00000120,false,Rx,0,8,04,00,00,00,40,00,30,5F,
69561205,00000110,false,Rx,0,8,79,00,00,00,70,00,2E,72,
69562232,00000130,false,Rx,0,8,F8,FF,FF,FF,60,00,29,93,
69562235,00000100,false,Rx,0,8,5A,00,00,00,60,00,24,E1,
69563358,00000120,false,Rx,0,8,3D,00,00,00,50,00,38,F6,
69563359,00000110,false,Rx,0,8,79,00,00,00,80,00,6A,72,
69564356,00000130,false,Rx,0,8,18,00,00,00,70,00,26,03,
69564357,00000100,false,Rx,0,8,43,00,00,00,70,00,2B,28,
69565358,00000120,false,Rx,0,8,3D,00,00,00,60,00,2C,F6,
69565359,00000110,false,Rx,0,8,79,00,00,00,90,00,67,B2,
69566356,00000130,false,Rx,0,8,D9,FF,FF,FF,80,00,66,E2,
69566358,00000100,false,Rx,0,8,5A,00,00,00,80,00,6D,21,
69567369,00000120,false,Rx,0,8,20,00,00,00,70,00,22,BB,
69567370,00000110,false,Rx,0,8,79,00,00,00,A0,00,73,B2,
69568504,00000130,false,Rx,0,8,18,00,00,00,90,00,6F,C3,
69568505,00000100,false,Rx,0,8,71,00,00,00,90,00,66,FA,
69568506,00000140,false,Rx,0,8,01,00,FF,FF,90,00,6D,EE,
69569453,00000120,false,Rx,0,8,20,00,00,00,80,00,66,BB,
69569454,00000110,false,Rx,0,8,62,00,00,00,B0,00,7D,99,
69570455,00000130,false,Rx,0,8,F8,FF,FF,FF,A0,00,79,93,
69570456,00000100,false,Rx,0,8,71,00,00,00,A0,00,72,FA,
69571465,00000120,false,Rx,0,8,CB,FF,FF,FF,90,00,68,50,
69571465,00000110,false,Rx,0,8,62,00,00,00,C0,00,58,59,
69572465,00000130,false,Rx,0,8,F8,FF,FF,FF,B0,00,74,53,
69572466,00000100,false,Rx,0,8,88,00,00,00,B0,00,6B,53,
69572466,00000120,false,Rx,0,8,CB,FF,FF,FF,A0,00,7C,50,
69573697,00000110,false,Rx,0,8,62,00,00,00,D0,00,55,99,
69573698,00000050,false,Rx,0,6,41,5C,FF,FB,5F,FF,00,00,
69573699,00000130,false,Rx,0,8,4D,21,00,00,C3,80,E2,91,
69574888,00000100,false,Rx,0,8,9F,00,00,00,C0,00,4D,B4,
69574889,00000120,false,Rx,0,8,CB,FF,FF,FF,B0,00,71,90,
69575869,00000110,false,Rx,0,8,62,00,00,00,E0,00,41,99,
69575869,00000130,false,Rx,0,8,F8,FF,FF,FF,D0,00,5C,53,
69576837,00000100,false,Rx,0,8,88,00,00,00,D0,00,43,53,
69576838,00000120,false,Rx,0,8,CB,FF,FF,FF,C0,00,54,50,
69577993,00000110,false,Rx,0,8,62,00,00,00,F0,00,4C,59,
69577994,00000130,false,Rx,0,8,F8,FF,FF,FF,E0,00,48,53,
69578992,00000100,false,Rx,0,8,5A,00,00,00,E0,00,45,21,
69578993,00000120,false,Rx,0,8,04,00,00,00,D0,00,5C,5F,
69579969,00000110,false,Rx,0,8,62,00,00,00,00,00,08,59,
69579969,00000130,false,Rx,0,8,D9,FF,FF,FF,F0,00,43,22,
69580965,00000100,false,Rx,0,8,5A,00,00,00,F0,00,48,E1,
69580966,00000120,false,Rx,0,8,04,00,00,00,E0,00,48,5F,
69582118,00000110,false,Rx,0,8,79,00,00,00,10,00,06,72,
69582119,00000130,false,Rx,0,8,F8,FF,FF,FF,00,00,01,93,
69583115,00000100,false,Rx,0,8,43,00,00,00,00,00,0E,E8,
69583116,00000120,false,Rx,0,8,3D,00,00,00,F0,00,40,F6,
69584094,00000110,false,Rx,0,8,79,00,00,00,20,00,12,72,
69584095,00000130,false,Rx,0,8,18,00,00,00,10,00,0E,03,
69585104,00000100,false,Rx,0,8,5A,00,00,00,10,00,01,21,
69585104,00000120,false,Rx,0,8,3D,00,00,00,00,00,04,F6,
69586244,00000110,false,Rx,0,8,79,00,00,00,30,00,1F,B2,
69586245,00000130,false,Rx,0,8,F8,FF,FF,FF,20,00,18,53,
69587242,00000100,false,Rx,0,8,71,00,00,00,20,00,13,3A,
69587243,00000120,false,Rx,0,8,04,00,00,00,10,00,0C,5F,
69588251,00000110,false,Rx,0,8,79,00,00,00,40,00,3A,72,
69588251,00000130,false,Rx,0,8,F8,FF,FF,FF,30,00,15,93,
69589219,00000100,false,Rx,0,8,71,00,00,00,30,00,1E,FA,
69589220,00000140,false,Rx,0,8,01,00,FF,FF,A0,00,79,EE,
69589220,00000120,false,Rx,0,8,04,00,00,00,20,00,18,5F,
69590209,00000110,false,Rx,0,8,62,00,00,00,50,00,34,59,
69590209,00000130,false,Rx,0,8,F8,FF,FF,FF,40,00,30,53,
69591368,00000100,false,Rx,0,8,71,00,00,00,40,00,3B,3A,
69591369,00000120,false,Rx,0,8,E7,FF,FF,FF,30,00,17,FC,
69592373,00000110,false,Rx,0,8,62,00,00,00,60,00,20,59,
69592373,00000130,false,Rx,0,8,18,00,00,00,50,00,3F,C3,
69593367,00000100,false,Rx,0,8,9F,00,00,00,50,00,21,B4,
69593368,00000120,false,Rx,0,8,E7,FF,FF,FF,40,00,32,3C,
69593369,00000110,false,Rx,0,8,62,00,00,00,70,00,2D,99,
69594603,00000050,false,Rx,0,6,41,5C,FF,FB,5F,FF,00,00,
69594604,00000130,false,Rx,0,8,B8,34,03,00,63,80,83,B3,
69594604,00000100,false,Rx,0,8,71,00,00,00,60,00,22,FA,
69596086,00000120,false,Rx,0,8,04,00,00,00,50,00,3D,9F,
69596087,00000110,false,Rx,0,8,62,00,00,00,80,00,69,99,
69597221,00000130,false,Rx,0,8,D9,FF,FF,FF,70,00,22,E2,
69597221,00000100,false,Rx,0,8,71,00,00,00,70,00,2F,3A,
69598231,00000120,false,Rx,0,8,04,00,00,00,60,00,29,9F,
69598232,00000110,false,Rx,0,8,62,00,00,00,90,00,64,59,
69598232,00000170,false,Rx,0,8,00,00,00,51,50,81,05,4D,
69599215,00000130,false,Rx,0,8,37,00,00,00,80,00,65,9C,
69599216,00000100,false,Rx,0,8,71,00,00,00,80,00,6B,3A,
69600368,00000120,false,Rx,0,8,04,00,00,00,70,00,24,5F,
69600368,00000110,false,Rx,0,8,62,00,00,00,A0,00,70,59,
69601342,00000130,false,Rx,0,8,F8,FF,FF,FF,90,00,6D,93,
69601343,00000100,false,Rx,0,8,5A,00,00,00,90,00,60,E1,
69602345,00000120,false,Rx,0,8,04,00,00,00,80,00,60,5F,
69602346,00000110,false,Rx,0,8,79,00,00,00,B0,00,7E,72,
69602347,00000130,false,Rx,0,8,F8,FF,FF,FF,A0,00,79,93,
69603602,00000100,false,Rx,0,8,43,00,00,00,A0,00,76,E8,
69603603,00000120,false,Rx,0,8,3D,00,00,00,90,00,68,F6,
69604740,00000110,false,Rx,0,8,79,00,00,00,C0,00,5B,B2,
69604741,00000130,false,Rx,0,8,F8,FF,FF,FF,B0,00,74,53,
69605743,00000100,false,Rx,0,8,5A,00,00,00,B0,00,79,21,
69605744,00000120,false,Rx,0,8,3D,00,00,00,A0,00,7C,F6,
69606741,00000110,false,Rx,0,8,62,00,00,00,D0,00,55,99,
69606742,00000130,false,Rx,0,8,18,00,00,00,C0,00,53,C3,
69607723,00000100,false,Rx,0,8,5A,00,00,00,C0,00,5C,E1,
69607723,00000120,false,Rx,0,8,04,00,00,00,B0,00,74,5F,
69608721,00000110,false,Rx,0,8,62,00,00,00,E0,00,41,99,
69608722,00000130,false,Rx,0,8,F8,FF,FF,FF,D0,00,5C,53,
69609869,00000100,false,Rx,0,8,71,00,00,00,D0,00,57,3A,
69609870,00000140,false,Rx,0,8,01,00,FF,FF,B0,00,74,2E,
69609870,00000120,false,Rx,0,8,04,00,00,00,C0,00,51,9F,
69610868,00000110,false,Rx,0,8,4B,00,00,00,F0,00,4B,A0,
69610869,00000130,false,Rx,0,8,F8,FF,FF,FF,E0,00,48,53,
69611846,00000100,false,Rx,0,8,88,00,00,00,E0,00,57,53,
69611846,00000120,false,Rx,0,8,CB,FF,FF,FF,D0,00,59,90,
69612856,00000110,false,Rx,0,8,4B,00,00,00,00,00,0F,A0,
69612857,00000130,false,Rx,0,8,F8,FF,FF,FF,F0,00,45,93,
69613840,00000100,false,Rx,0,8,9F,00,00,00,F0,00,59,B4,
69613841,00000120,false,Rx,0,8,CB,FF,FF,FF,E0,00,4D,90,
69613841,00000110,false,Rx,0,8,34,00,00,00,10,00,09,AF,
69615076,00000050,false,Rx,0,6,41,5C,FF,FB,5F,FF,00,00,
69615077,00000130,false,Rx,0,8,EB,95,FF,FF,03,80,1A,69,
69615078,00000100,false,Rx,0,8,88,00,00,00,00,00,1E,93,
69616721,00000120,false,Rx,0,8,04,00,00,00,F0,00,45,9F,
69616722,00000110,false,Rx,0,8,34,00,00,00,20,00,1D,AF,
69617722,00000130,false,Rx,0,8,95,00,00,00,10,00,10,DE,
69617723,00000100,false,Rx,0,8,71,00,00,00,10,00,07,3A,
69618868,00000120,false,Rx,0,8,04,00,00,00,00,00,01,9F,
69618869,00000110,false,Rx,0,8,62,00,00,00,30,00,1C,59,
69619868,00000130,false,Rx,0,8,18,00,00,00,20,00,1A,03,
69619869,00000100,false,Rx,0,8,71,00,00,00,20,00,13,3A,
69620847,00000120,false,Rx,0,8,04,00,00,00,10,00,0C,5F,
69620847,00000110,false,Rx,0,8,62,00,00,00,40,00,39,99,
69621837,00000130,false,Rx,0,8,D9,FF,FF,FF,30,00,13,22,
69621838,00000100,false,Rx,0,8,5A,00,00,00,30,00,18,E1,
69622995,00000120,false,Rx,0,8,04,00,00,00,20,00,18,5F,
69622996,00000110,false,Rx,0,8,A7,00,00,00,50,00,25,0C,
69623992,00000130,false,Rx,0,8,F8,FF,FF,FF,40,00,30,53,
69623993,00000100,false,Rx,0,8,2C,00,00,00,40,00,36,77,
69624972,00000120,false,Rx,0,8,20,00,00,00,30,00,13,7B,
69624972,00000110,false,Rx,0,8,A7,00,00,00,60,00,31,0C,
69625979,00000130,false,Rx,0,8,F8,FF,FF,FF,50,00,3D,93,
69625979,00000100,false,Rx,0,8,5A,00,00,00,50,00,30,E1,
69626973,00000120,false,Rx,0,8,20,00,00,00,40,00,36,BB,
69626974,00000110,false,Rx,0,8,62,00,00,00,70,00,2D,99,
69628124,00000130,false,Rx,0,8,D9,FF,FF,FF,60,00,2F,22,
69628125,00000100,false,Rx,0,8,71,00,00,00,60,00,22,FA,
69629097,00000120,false,Rx,0,8,04,00,00,00,50,00,3D,9F,
69629097,00000110,false,Rx,0,8,62,00,00,00,80,00,69,99,
69630088,00000130,false,Rx,0,8,D9,FF,FF,FF,70,00,22,E2,
69630089,00000100,false,Rx,0,8,5A,00,00,00,70,00,29,21,
69630089,00000140,false,Rx,0,8,01,00,FF,FF,C0,00,51,EE,
69631212,00000120,false,Rx,0,8,04,00,00,00,60,00,29,9F,
69631213,00000110,false,Rx,0,8,62,00,00,00,90,00,64,59,
69631213,00000130,false,Rx,0,8,F8,FF,FF,FF,80,00,60,53,
69632509,00000100,false,Rx,0,8,88,00,00,00,80,00,7F,53,
69632511,00000120,false,Rx,0,8,CB,FF,FF,FF,70,00,21,90,
69633483,00000110,false,Rx,0,8,62,00,00,00,A0,00,70,59,
69633484,00000130,false,Rx,0,8,18,00,00,00,90,00,6F,C3,
69634481,00000100,false,Rx,0,8,9F,00,00,00,90,00,71,B4,
69634483,00000120,false,Rx,0,8,CB,FF,FF,FF,80,00,65,90,
69634483,00000110,false,Rx,0,8,4B,00,00,00,B0,00,7A,60,
69635757,00000050,false,Rx,0,6,41,5C,FF,FB,5F,FF,00,00,
69635758,00000130,false,Rx,0,8,4C,BA,F5,FF,A3,80,AD,60,
69635759,00000100,false,Rx,0,8,88,00,00,00,A0,00,66,93,
69637388,00000120,false,Rx,0,8,04,00,00,00,90,00,6D,9F,
69637389,00000110,false,Rx,0,8,4B,00,00,00,C0,00,5F,A0,
69638364,00000130,false,Rx,0,8,95,00,00,00,B0,00,68,DE,
69638365,00000100,false,Rx,0,8,71,00,00,00,B0,00,7F,3A,
69639352,00000120,false,Rx,0,8,04,00,00,00,A0,00,79,9F,
69639354,00000110,false,Rx,0,8,62,00,00,00,D0,00,55,99,
69640510,00000130,false,Rx,0,8,D9,FF,FF,FF,C0,00,57,22,
69640511,00000100,false,Rx,0,8,71,00,00,00,C0,00,5A,FA,
69641482,00000120,false,Rx,0,8,20,00,00,00,B0,00,72,BB,
69641483,00000110,false,Rx,0,8,62,00,00,00,E0,00,41,99,
69642513,00000130,false,Rx,0,8,D9,FF,FF,FF,D0,00,5A,E2,
69642514,00000100,false,Rx,0,8,5A,00,00,00,D0,00,51,21,
69643485,00000120,false,Rx,0,8,20,00,00,00,C0,00,57,7B,
69643486,00000110,false,Rx,0,8,A7,00,00,00,F0,00,5D,0C,
69644505,00000130,false,Rx,0,8,37,00,00,00,E0,00,4D,9C,
69644506,00000100,false,Rx,0,8,43,00,00,00,E0,00,47,28,
69645617,00000120,false,Rx,0,8,04,00,00,00,D0,00,5C,5F,
69645618,00000110,false,Rx,0,8,A7,00,00,00,00,00,19,0C,
69646607,00000130,false,Rx,0,8,F8,FF,FF,FF,F0,00,45,93,
69646608,00000100,false,Rx,0,8,71,00,00,00,F0,00,4E,FA,
69647607,00000120,false,Rx,0,8,04,00,00,00,E0,00,48,5F,
69647608,00000110,false,Rx,0,8,62,00,00,00,10,00,05,99,
69648632,00000130,false,Rx,0,8,F8,FF,FF,FF,00,00,01,93,
69648633,00000100,false,Rx,0,8,5A,00,00,00,00,00,0C,E1,
69649732,00000120,false,Rx,0,8,04,00,00,00,F0,00,45,9F,
69649733,00000110,false,Rx,0,8,62,00,00,00,20,00,11,99,
69650733,00000130,false,Rx,0,8,F8,FF,FF,FF,10,00,0C,53,
69650734,00000100,false,Rx,0,8,88,00,00,00,10,00,13,53,
69650734,00000140,false,Rx,0,8,01,00,FF,FF,D0,00,5C,2E,
69651768,00000120,false,Rx,0,8,04,00,00,00,00,00,01,9F,
69651769,00000110,false,Rx,0,8,4B,00,00,00,30,00,1B,A0,
69652736,00000130,false,Rx,0,8,F8,FF,FF,FF,20,00,18,53,
69652738,00000100,false,Rx,0,8,88,00,00,00,20,00,07,53,
69653887,00000120,false,Rx,0,8,CB,FF,FF,FF,10,00,09,90,
69653888,00000110,false,Rx,0,8,4B,00,00,00,40,00,3E,60,
69654882,00000130,false,Rx,0,8,18,00,00,00,30,00,17,C3,
69654884,00000100,false,Rx,0,8,88,00,00,00,30,00,0A,93,
69654884,00000120,false,Rx,0,8,CB,FF,FF,FF,20,00,1D,90,
69655980,00000110,false,Rx,0,8,79,00,00,00,50,00,37,B2,
69655982,00000050,false,Rx,0,6,41,5C,FF,FB,5F,FF,00,00,
69655982,00000130,false,Rx,0,8,6C,21,00,00,43,80,85,E0,
69657137,00000100,false,Rx,0,8,71,00,00,00,40,00,3B,3A,
69657138,00000120,false,Rx,0,8,04,00,00,00,30,00,15,9F,
69658143,00000110,false,Rx,0,8,79,00,00,00,60,00,23,B2,
69658144,00000130,false,Rx,0,8,B9,FF,FF,FF,50,00,32,82,
69659107,00000100,false,Rx,0,8,5A,00,00,00,50,00,30,E1,
69659108,00000120,false,Rx,0,8,04,00,00,00,40,00,30,5F,
69660238,00000110,false,Rx,0,8,62,00,00,00,70,00,2D,99,
69660240,00000130,false,Rx,0,8,18,00,00,00,60,00,2B,C3,
69661240,00000100,false,Rx,0,8,71,00,00,00,60,00,22,FA,
69661242,00000120,false,Rx,0,8,20,00,00,00,50,00,3B,7B,
69662239,00000110,false,Rx,0,8,62,00,00,00,80,00,69,99,
69662241,00000130,false,Rx,0,8,37,00,00,00,70,00,21,9C,
69663231,00000100,false,Rx,0,8,43,00,00,00,70,00,2B,28,
69663233,00000120,false,Rx,0,8,20,00,00,00,60,00,2F,7B,
69664386,00000110,false,Rx,0,8,90,00,00,00,90,00,71,4B,
69664388,00000130,false,Rx,0,8,B9,FF,FF,FF,80,00,6F,42,
69665355,00000100,false,Rx,0,8,5A,00,00,00,80,00,6D,21,
69665356,00000120,false,Rx,0,8,20,00,00,00,70,00,22,BB,
69666361,00000110,false,Rx,0,8,90,00,00,00,A0,00,65,4B,
69666362,00000130,false,Rx,0,8,F8,FF,FF,FF,90,00,6D,93,
69667354,00000100,false,Rx,0,8,5A,00,00,00,90,00,60,E1,
69667355,00000120,false,Rx,0,8,20,00,00,00,80,00,66,BB,
69668361,00000110,false,Rx,0,8,62,00,00,00,B0,00,7D,99,
69668362,00000130,false,Rx,0,8,F8,FF,FF,FF,A0,00,79,93,
69669481,00000100,false,Rx,0,8,71,00,00,00,A0,00,72,FA,
69669483,00000120,false,Rx,0,8,04,00,00,00,90,00,6D,9F,
69670469,00000110,false,Rx,0,8,62,00,00,00,C0,00,58,59,
69670470,00000130,false,Rx,0,8,18,00,00,00,B0,00,76,03,
69671485,00000100,false,Rx,0,8,71,00,00,00,B0,00,7F,3A,
69671487,00000140,false,Rx,0,8,01,00,FF,FF,E0,00,48,2E,
69671487,00000120,false,Rx,0,8,04,00,00,00,A0,00,79,9F,
69672480,00000110,false,Rx,0,8,4B,00,00,00,D0,00,52,60,
69672481,00000130,false,Rx,0,8,D9,FF,FF,FF,C0,00,57,22,
69673619,00000100,false,Rx,0,8,9F,00,00,00,C0,00,4D,B4,
69673620,00000120,false,Rx,0,8,AE,FF,FF,FF,B0,00,78,65,
69674615,00000110,false,Rx,0,8,4B,00,00,00,E0,00,46,60,
69674616,00000130,false,Rx,0,8,18,00,00,00,D0,00,5E,03,
69675613,00000100,false,Rx,0,8,88,00,00,00,D0,00,43,53,
69675615,00000120,false,Rx,0,8,AE,FF,FF,FF,C0,00,5D,A5,
69675615,00000110,false,Rx,0,8,79,00,00,00,F0,00,4F,B2,
69676886,00000050,false,Rx,0,6,41,5C,FF,FB,5F,FF,00,00,
69676887,00000130,false,Rx,0,8,D8,34,03,00,E3,80,EB,D3,
69676888,00000100,false,Rx,0,8,71,00,00,00,E0,00,43,3A,
69678510,00000120,false,Rx,0,8,20,00,00,00,D0,00,5A,BB,
69678512,00000110,false,Rx,0,8,79,00,00,00,00,00,0B,B2,
69679488,00000130,false,Rx,0,8,D9,FF,FF,FF,F0,00,43,22,
69679489,00000100,false,Rx,0,8,5A,00,00,00,F0,00,48,E1,
69680484,00000120,false,Rx,0,8,20,00,00,00,E0,00,4E,BB,
69680486,00000110,false,Rx,0,8,62,00,00,00,10,00,05,99,
69681582,00000130,false,Rx,0,8,18,00,00,00,00,00,03,C3,
69681583,00000100,false,Rx,0,8,5A,00,00,00,00,00,0C,E1,
69682581,00000120,false,Rx,0,8,20,00,00,00,F0,00,43,7B,
69682582,00000110,false,Rx,0,8,62,00,00,00,20,00,11,99,
69683620,00000130,false,Rx,0,8,18,00,00,00,10,00,0E,03,
69683622,00000100,false,Rx,0,8,43,00,00,00,10,00,03,28,
69684618,00000120,false,Rx,0,8,20,00,00,00,00,00,07,7B,
69684619,00000110,false,Rx,0,8,79,00,00,00,30,00,1F,B2,
69685617,00000130,false,Rx,0,8,F8,FF,FF,FF,20,00,18,53,
69685619,00000100,false,Rx,0,8,5A,00,00,00,20,00,15,21,
69686747,00000120,false,Rx,0,8,04,00,00,00,10,00,0C,5F,
69686749,00000110,false,Rx,0,8,79,00,00,00,40,00,3A,72,
69687762,00000130,false,Rx,0,8,18,00,00,00,30,00,17,C3,
69687763,00000100,false,Rx,0,8,5A,00,00,00,30,00,18,E1,
69688737,00000120,false,Rx,0,8,04,00,00,00,20,00,18,5F,
69688739,00000110,false,Rx,0,8,62,00,00,00,50,00,34,59,
69689886,00000130,false,Rx,0,8,F8,FF,FF,FF,40,00,30,53,
69689887,00000100,false,Rx,0,8,5A,00,00,00,40,00,3D,21,
69690885,00000120,false,Rx,0,8,04,00,00,00,30,00,15,9F,
69690886,00000110,false,Rx,0,8,62,00,00,00,60,00,20,59,
69691866,00000130,false,Rx,0,8,18,00,00,00,50,00,3F,C3,
69691867,00000100,false,Rx,0,8,88,00,00,00,50,00,22,93,
69691868,00000140,false,Rx,0,8,01,00,FF,FF,F0,00,45,EE,
69692845,00000120,false,Rx,0,8,04,00,00,00,40,00,30,5F,
69692846,00000110,false,Rx,0,8,34,00,00,00,70,00,21,AF,
69693871,00000130,false,Rx,0,8,F8,FF,FF,FF,60,00,29,93,
69693871,00000100,false,Rx,0,8,9F,00,00,00,60,00,35,B4,
69694992,00000120,false,Rx,0,8,CB,FF,FF,FF,50,00,38,50,
69694993,00000110,false,Rx,0,8,34,00,00,00,80,00,65,AF,
69695988,00000130,false,Rx,0,8,F8,FF,FF,FF,70,00,24,53,
69695989,00000100,false,Rx,0,8,88,00,00,00,70,00,3B,53,
69695990,00000120,false,Rx,0,8,CB,FF,FF,FF,60,00,2C,50,
69697243,00000110,false,Rx,0,8,4B,00,00,00,90,00,63,A0,
69697244,00000050,false,Rx,0,6,41,5C,FF,FB,5F,FF,00,00,
69697244,00000130,false,Rx,0,8,EB,95,FF,FF,83,80,7B,A9,
69698242,00000100,false,Rx,0,8,71,00,00,00,80,00,6B,3A,
69698243,00000120,false,Rx,0,8,04,00,00,00,70,00,24,5F,
69699218,00000110,false,Rx,0,8,4B,00,00,00,A0,00,77,A0,
69699219,00000130,false,Rx,0,8,95,00,00,00,90,00,71,1E,
69700212,00000100,false,Rx,0,8,71,00,00,00,90,00,66,FA,
69700213,00000120,false,Rx,0,8,04,00,00,00,80,00,60,5F,
69701366,00000110,false,Rx,0,8,90,00,00,00,B0,00,68,8B,
69701367,00000170,false,Rx,0,8,00,00,00,52,50,81,05,F7,
69701367,00000130,false,Rx,0,8,F8,FF,FF,FF,A0,00,79,93,
69702344,00000100,false,Rx,0,8,5A,00,00,00,A0,00,74,E1,
69702345,00000120,false,Rx,0,8,3D,00,00,00,90,00,68,F6,
69703344,00000110,false,Rx,0,8,90,00,00,00,C0,00,4D,4B,
69703345,00000130,false,Rx,0,8,F8,FF,FF,FF,B0,00,74,53,
69704329,00000100,false,Rx,0,8,43,00,00,00,B0,00,7B,28,
69704329,00000120,false,Rx,0,8,3D,00,00,00,A0,00,7C,F6,
69705450,00000110,false,Rx,0,8,79,00,00,00,D0,00,56,72,
69705451,00000130,false,Rx,0,8,F8,FF,FF,FF,C0,00,51,93,
69706452,00000100,false,Rx,0,8,5A,00,00,00,C0,00,5C,E1,
69706452,00000120,false,Rx,0,8,E7,FF,FF,FF,B0,00,76,3C,
69707468,00000110,false,Rx,0,8,79,00,00,00,E0,00,42,72,
69707469,00000130,false,Rx,0,8,37,00,00,00,D0,00,59,9C,
69708489,00000100,false,Rx,0,8,71,00,00,00,D0,00,57,3A,
69708490,00000120,false,Rx,0,8,E7,FF,FF,FF,C0,00,53,FC,
69709600,00000110,false,Rx,0,8,62,00,00,00,F0,00,4C,59,
69709601,00000130,false,Rx,0,8,18,00,00,00,E0,00,4A,03,
69710601,00000100,false,Rx,0,8,71,00,00,00,E0,00,43,3A,
69710602,00000120,false,Rx,0,8,E7,FF,FF,FF,D0,00,5E,3C,
69711602,00000110,false,Rx,0,8,62,00,00,00,00,00,08,59,
69711603,00000130,false,Rx,0,8,18,00,00,00,F0,00,47,C3,
69712599,00000100,false,Rx,0,8,88,00,00,00,F0,00,5A,93,
69712600,00000140,false,Rx,0,8,01,00,FF,FF,00,00,01,EE,
69712600,00000120,false,Rx,0,8,E7,FF,FF,FF,E0,00,4A,3C,
69713740,00000110,false,Rx,0,8,1D,00,00,00,10,00,0E,56,
69713740,00000130,false,Rx,0,8,D9,FF,FF,FF,00,00,07,22,
69714747,00000100,false,Rx,0,8,9F,00,00,00,00,00,1D,B4,
69714747,00000120,false,Rx,0,8,E7,FF,FF,FF,F0,00,47,FC,
69715743,00000110,false,Rx,0,8,1D,00,00,00,20,00,1A,56,
69715744,00000130,false,Rx,0,8,F8,FF,FF,FF,10,00,0C,53,
69716719,00000100,false,Rx,0,8,71,00,00,00,10,00,07,3A,
69716720,00000120,false,Rx,0,8,E7,FF,FF,FF,00,00,03,FC,
69716720,00000110,false,Rx,0,8,4B,00,00,00,30,00,1B,A0,
69717992,00000050,false,Rx,0,6,41,5C,FF,FB,5F,FF,00,00,
69717993,00000130,false,Rx,0,8,2C,BA,F5,FF,23,80,C5,00,
69717994,00000100,false,Rx,0,8,71,00,00,00,20,00,13,3A,
69719599,00000120,false,Rx,0,8,04,00,00,00,10,00,0C,5F,
69719600,00000110,false,Rx,0,8,4B,00,00,00,40,00,3E,60,
69720574,00000130,false,Rx,0,8,B5,00,00,00,30,00,0E,7E,
69720575,00000100,false,Rx,0,8,71,00,00,00,30,00,1E,FA,
69721574,00000120,false,Rx,0,8,04,00,00,00,20,00,18,5F,
69721575,00000110,false,Rx,0,8,79,00,00,00,50,00,37,B2,
69722710,00000130,false,Rx,0,8,F8,FF,FF,FF,40,00,30,53,
69722711,00000100,false,Rx,0,8,5A,00,00,00,40,00,3D,21,
69723698,00000120,false,Rx,0,8,3D,00,00,00,30,00,10,F6,
69723700,00000110,false,Rx,0,8,79,00,00,00,60,00,23,B2,
69724699,00000130,false,Rx,0,8,F8,FF,FF,FF,50,00,3D,93,
69724700,00000100,false,Rx,0,8,2C,00,00,00,50,00,3B,B7,
69725699,00000120,false,Rx,0,8,3D,00,00,00,40,00,35,36,
69725700,00000110,false,Rx,0,8,90,00,00,00,70,00,38,8B,
69726711,00000130,false,Rx,0,8,F8,FF,FF,FF,60,00,29,93,
69726712,00000100,false,Rx,0,8,71,00,00,00,60,00,22,FA,
69727837,00000120,false,Rx,0,8,04,00,00,00,50,00,3D,9F,
69727838,00000110,false,Rx,0,8,90,00,00,00,80,00,7C,8B,
69728837,00000130,false,Rx,0,8,F8,FF,FF,FF,70,00,24,53,
69728838,00000100,false,Rx,0,8,5A,00,00,00,70,00,29,21,
69729835,00000120,false,Rx,0,8,04,00,00,00,60,00,29,9F,
69729835,00000110,false,Rx,0,8,62,00,00,00,90,00,64,59,
69730838,00000130,false,Rx,0,8,F8,FF,FF,FF,80,00,60,53,
69730839,00000100,false,Rx,0,8,71,00,00,00,80,00,6B,3A,
69731964,00000120,false,Rx,0,8,E7,FF,FF,FF,70,00,26,3C,
69731965,00000110,false,Rx,0,8,62,00,00,00,A0,00,70,59,
69732962,00000130,false,Rx,0,8,18,00,00,00,90,00,6F,C3,
69732963,00000100,false,Rx,0,8,9F,00,00,00,90,00,71,B4,
69732964,00000140,false,Rx,0,8,01,00,FF,FF,10,00,0C,2E,
69733962,00000120,false,Rx,0,8,E7,FF,FF,FF,80,00,62,3C,
69733963,00000110,false,Rx,0,8,1D,00,00,00,B0,00,76,56,
69734961,00000130,false,Rx,0,8,D9,FF,FF,FF,A0,00,7F,22,
69734962,00000100,false,Rx,0,8,9F,00,00,00,A0,00,65,B4,
69736089,00000120,false,Rx,0,8,E7,FF,FF,FF,90,00,6F,FC,
69736089,00000110,false,Rx,0,8,1D,00,00,00,C0,00,53,96,
69737085,00000130,false,Rx,0,8,18,00,00,00,B0,00,76,03,
69737086,00000100,false,Rx,0,8,71,00,00,00,B0,00,7F,3A,
69737087,00000120,false,Rx,0,8,E7,FF,FF,FF,A0,00,7B,FC,
69738213,00000110,false,Rx,0,8,79,00,00,00,D0,00,56,72,
69738214,00000050,false,Rx,0,6,41,5C,FF,FB,5F,FF,00,00,
69738214,00000130,false,Rx,0,8,6C,21,00,00,C3,80,E4,20,
69739337,00000100,false,Rx,0,8,71,00,00,00,C0,00,5A,FA,
69739338,00000120,false,Rx,0,8,04,00,00,00,B0,00,74,5F,
69740338,00000110,false,Rx,0,8,79,00,00,00,E0,00,42,72,
69740339,00000130,false,Rx,0,8,D9,FF,FF,FF,D0,00,5A,E2,
69741459,00000100,false,Rx,0,8,5A,00,00,00,D0,00,51,21,
69741460,00000120,false,Rx,0,8,04,00,00,00,C0,00,51,9F,
69742462,00000110,false,Rx,0,8,79,00,00,00,F0,00,4F,B2,
69742463,00000130,false,Rx,0,8,18,00,00,00,E0,00,4A,03,
69743462,00000100,false,Rx,0,8,2C,00,00,00,E0,00,4E,77,
69743463,00000120,false,Rx,0,8,3D,00,00,00,D0,00,59,36,
69744463,00000110,false,Rx,0,8,79,00,00,00,00,00,0B,B2,
69744463,00000130,false,Rx,0,8,F8,FF,FF,FF,F0,00,45,93,
69745584,00000100,false,Rx,0,8,5A,00,00,00,F0,00,48,E1,
69745585,00000120,false,Rx,0,8,3D,00,00,00,E0,00,4D,36,
69746588,00000110,false,Rx,0,8,62,00,00,00,10,00,05,99,
69746589,00000130,false,Rx,0,8,F8,FF,FF,FF,00,00,01,93,
69747587,00000100,false,Rx,0,8,5A,00,00,00,00,00,0C,E1,
69747587,00000120,false,Rx,0,8,04,00,00,00,F0,00,45,9F,
69748574,00000110,false,Rx,0,8,62,00,00,00,20,00,11,99,
69748574,00000130,false,Rx,0,8,18,00,00,00,10,00,0E,03,
69749574,00000100,false,Rx,0,8,71,00,00,00,10,00,07,3A,
69749575,00000120,false,Rx,0,8,04,00,00,00,00,00,01,9F,
69750709,00000110,false,Rx,0,8,62,00,00,00,30,00,1C,59,
69750710,00000130,false,Rx,0,8,F8,FF,FF,FF,20,00,18,53,
69751699,00000100,false,Rx,0,8,88,00,00,00,20,00,07,53,
69751699,00000120,false,Rx,0,8,CB,FF,FF,FF,10,00,09,90,
69752699,00000110,false,Rx,0,8,62,00,00,00,40,00,39,99,
69752699,00000130,false,Rx,0,8,18,00,00,00,30,00,17,C3,
69753698,00000100,false,Rx,0,8,B6,00,00,00,30,00,0E,4D,
69753699,00000140,false,Rx,0,8,01,00,FF,FF,20,00,18,2E,
69753699,00000120,false,Rx,0,8,CB,FF,FF,FF,20,00,1D,90,
69754836,00000110,false,Rx,0,8,34,00,00,00,50,00,38,6F,
69754837,00000130,false,Rx,0,8,D9,FF,FF,FF,40,00,36,E2,
69755836,00000100,false,Rx,0,8,88,00,00,00,40,00,2F,53,
69755837,00000120,false,Rx,0,8,E7,FF,FF,FF,30,00,17,FC,
69756838,00000110,false,Rx,0,8,34,00,00,00,60,00,2C,6F,
69756838,00000130,false,Rx,0,8,18,00,00,00,50,00,3F,C3,
69757835,00000100,false,Rx,0,8,71,00,00,00,50,00,36,FA,
69757836,00000120,false,Rx,0,8,E7,FF,FF,FF,40,00,32,3C,
69757836,00000110,false,Rx,0,8,90,00,00,00,70,00,38,8B,
69759085,00000050,false,Rx,0,6,41,5C,FF,FB,5F,FF,00,00,
69759086,00000130,false,Rx,0,8,B8,34,03,00,63,80,83,B3,
69759087,00000100,false,Rx,0,8,71,00,00,00,60,00,22,FA,
69760708,00000120,false,Rx,0,8,04,00,00,00,50,00,3D,9F,
69760709,00000110,false,Rx,0,8,90,00,00,00,80,00,7C,8B,
69761710,00000130,false,Rx,0,8,D9,FF,FF,FF,70,00,22,E2,
69761710,00000100,false,Rx,0,8,5A,00,00,00,70,00,29,21,
69762836,00000120,false,Rx,0,8,04,00,00,00,60,00,29,9F,
69762837,00000110,false,Rx,0,8,90,00,00,00,90,00,71,4B,
69763837,00000130,false,Rx,0,8,D9,FF,FF,FF,80,00,66,E2,
69763837,00000100,false,Rx,0,8,2C,00,00,00,80,00,66,77,
69764838,00000120,false,Rx,0,8,20,00,00,00,70,00,22,BB,
69764839,00000110,false,Rx,0,8,90,00,00,00,A0,00,65,4B,
69765834,00000130,false,Rx,0,8,F8,FF,FF,FF,90,00,6D,93,
69765835,00000100,false,Rx,0,8,5A,00,00,00,90,00,60,E1,
69766836,00000120,false,Rx,0,8,20,00,00,00,80,00,66,BB,
69766837,00000110,false,Rx,0,8,79,00,00,00,B0,00,7E,72,
69767962,00000130,false,Rx,0,8,F8,FF,FF,FF,A0,00,79,93,
69767963,00000100,false,Rx,0,8,71,00,00,00,A0,00,72,FA,
69768961,00000120,false,Rx,0,8,04,00,00,00,90,00,6D,9F,
69768963,00000110,false,Rx,0,8,79,00,00,00,C0,00,5B,B2,
69769959,00000130,false,Rx,0,8,F8,FF,FF,FF,B0,00,74,53,
69769960,00000100,false,Rx,0,8,5A,00,00,00,B0,00,79,21,
69770963,00000120,false,Rx,0,8,04,00,00,00,A0,00,79,9F,
69770964,00000110,false,Rx,0,8,62,00,00,00,D0,00,55,99,
69771953,00000130,false,Rx,0,8,D9,FF,FF,FF,C0,00,57,22,
69771954,00000100,false,Rx,0,8,88,00,00,00,C0,00,4E,93,
69773088,00000120,false,Rx,0,8,E7,FF,FF,FF,B0,00,76,3C,
69773089,00000110,false,Rx,0,8,62,00,00,00,E0,00,41,99,
69774087,00000130,false,Rx,0,8,37,00,00,00,D0,00,59,9C,
69774088,00000100,false,Rx,0,8,9F,00,00,00,D0,00,40,74,
69774088,00000140,false,Rx,0,8,01,00,FF,FF,30,00,15,EE,
69775076,00000120,false,Rx,0,8,E7,FF,FF,FF,C0,00,53,FC,
69775077,00000110,false,Rx,0,8,4B,00,00,00,F0,00,4B,A0,
69776213,00000130,false,Rx,0,8,F8,FF,FF,FF,E0,00,48,53,
69776214,00000100,false,Rx,0,8,88,00,00,00,E0,00,57,53,
69777212,00000120,false,Rx,0,8,E7,FF,FF,FF,D0,00,5E,3C,
69777213,00000110,false,Rx,0,8,4B,00,00,00,00,00,0F,A0,
69778212,00000130,false,Rx,0,8,F8,FF,FF,FF,F0,00,45,93,
69778212,00000100,false,Rx,0,8,71,00,00,00,F0,00,4E,FA,
69778214,00000120,false,Rx,0,8,E7,FF,FF,FF,E0,00,4A,3C,
69779462,00000110,false,Rx,0,8,62,00,00,00,10,00,05,99,
69779463,00000050,false,Rx,0,6,41,5C,FF,FB,5F,FF,00,00,
69779463,00000130,false,Rx,0,8,EB,95,FF,FF,03,80,1A,69,
69780462,00000100,false,Rx,0,8,71,00,00,00,00,00,0A,FA,
69780463,00000120,false,Rx,0,8,04,00,00,00,F0,00,45,9F,
69781463,00000110,false,Rx,0,8,62,00,00,00,20,00,11,99,
69781464,00000130,false,Rx,0,8,95,00,00,00,10,00,10,DE,
69782586,00000100,false,Rx,0,8,5A,00,00,00,10,00,01,21,
69782587,00000120,false,Rx,0,8,04,00,00,00,00,00,01,9F,
69783589,00000110,false,Rx,0,8,A7,00,00,00,30,00,0D,0C,
69783589,00000130,false,Rx,0,8,F8,FF,FF,FF,20,00,18,53,
69784587,00000100,false,Rx,0,8,2C,00,00,00,20,00,1E,77,
69784587,00000120,false,Rx,0,8,20,00,00,00,10,00,0A,BB,
69785586,00000110,false,Rx,0,8,A7,00,00,00,40,00,28,CC,
69785587,00000130,false,Rx,0,8,18,00,00,00,30,00,17,C3,
69786711,00000100,false,Rx,0,8,5A,00,00,00,30,00,18,E1,
69786712,00000120,false,Rx,0,8,20,00,00,00,20,00,1E,BB,
69787711,00000110,false,Rx,0,8,79,00,00,00,50,00,37,B2,
69787712,00000130,false,Rx,0,8,F8,FF,FF,FF,40,00,30,53,
69788712,00000100,false,Rx,0,8,5A,00,00,00,40,00,3D,21,
69788713,00000120,false,Rx,0,8,04,00,00,00,30,00,15,9F,
69789711,00000110,false,Rx,0,8,79,00,00,00,60,00,23,B2,
69789712,00000130,false,Rx,0,8,F8,FF,FF,FF,50,00,3D,93,
69790837,00000100,false,Rx,0,8,71,00,00,00,50,00,36,FA,
69790838,00000120,false,Rx,0,8,04,00,00,00,40,00,30,5F,
69791833,00000110,false,Rx,0,8,4B,00,00,00,70,00,2A,60,
69791834,00000130,false,Rx,0,8,D9,FF,FF,FF,60,00,2F,22,
69792835,00000100,false,Rx,0,8,88,00,00,00,60,00,36,93,
69792836,00000135,false,Rx,0,8,A3,00,00,00,40,00,29,48,
69793834,00000110,false,Rx,0,8,4B,00,00,00,80,00,6E,60,
69793835,00000130,false,Rx,0,8,18,00,00,00,70,00,26,03,
69794834,00000100,false,Rx,0,8,9F,00,00,00,70,00,38,74,
69794835,00000140,false,Rx,0,8,01,00,FF,FF,40,00,30,2E,
69794836,00000120,false,Rx,0,8,04,00,00,00,50,00,3D,9F,
69795959,00000110,false,Rx,0,8,4B,00,00,00,90,00,63,A0,
69795960,00000130,false,Rx,0,8,B9,FF,FF,FF,80,00,6F,42,
69796958,00000100,false,Rx,0,8,71,00,00,00,80,00,6B,3A,
69796959,00000120,false,Rx,0,8,04,00,00,00,60,00,29,9F,
69797959,00000110,false,Rx,0,8,4B,00,00,00,A0,00,77,A0,
69797960,00000130,false,Rx,0,8,F8,FF,FF,FF,90,00,6D,93,
69798969,00000100,false,Rx,0,8,71,00,00,00,90,00,66,FA,
69798969,00000120,false,Rx,0,8,04,00,00,00,70,00,24,5F,
69798970,00000110,false,Rx,0,8,4B,00,00,00,B0,00,7A,60,
69800210,00000050,false,Rx,0,6,41,5C,FF,FB,5F,FF,00,00,
69800211,00000130,false,Rx,0,8,4C,BA,F5,FF,A3,80,AD,60,
69800212,00000100,false,Rx,0,8,71,00,00,00,A0,00,72,FA,
69801836,00000120,false,Rx,0,8,20,00,00,00,80,00,66,BB,
69801837,00000110,false,Rx,0,8,4B,00,00,00,C0,00,5F,A0,
69802834,00000130,false,Rx,0,8,D5,00,00,00,B0,00,66,1E,
69802835,00000100,false,Rx,0,8,43,00,00,00,B0,00,7B,28,
69803833,00000120,false,Rx,0,8,20,00,00,00,90,00,6B,7B,
69803833,00000110,false,Rx,0,8,A7,00,00,00,D0,00,44,CC,
69803834,00000170,false,Rx,0,8,00,00,00,53,50,81,05,6A,
69804958,00000130,false,Rx,0,8,18,00,00,00,C0,00,53,C3,
69804959,00000100,false,Rx,0,8,43,00,00,00,C0,00,5E,E8,
69805960,00000120,false,Rx,0,8,04,00,00,00,A0,00,79,9F,
69805961,00000110,false,Rx,0,8,A7,00,00,00,E0,00,50,CC,
69806959,00000130,false,Rx,0,8,D9,FF,FF,FF,D0,00,5A,E2,
69806959,00000100,false,Rx,0,8,71,00,00,00,D0,00,57,3A,
69807961,00000120,false,Rx,0,8,04,00,00,00,B0,00,74,5F,
69807962,00000110,false,Rx,0,8,62,00,00,00,F0,00,4C,59,
69809089,00000130,false,Rx,0,8,F8,FF,FF,FF,E0,00,48,53,
69809090,00000100,false,Rx,0,8,71,00,00,00,E0,00,43,3A,
69810088,00000120,false,Rx,0,8,04,00,00,00,C0,00,51,9F,
69810088,00000110,false,Rx,0,8,62,00,00,00,00,00,08,59,
69811085,00000130,false,Rx,0,8,F8,FF,FF,FF,F0,00,45,93,
69811086,00000100,false,Rx,0,8,88,00,00,00,F0,00,5A,93,
69812086,00000120,false,Rx,0,8,04,00,00,00,D0,00,5C,5F,
69812087,00000110,false,Rx,0,8,4B,00,00,00,10,00,02,60,
69813199,00000130,false,Rx,0,8,D9,FF,FF,FF,00,00,07,22,
69813200,00000100,false,Rx,0,8,88,00,00,00,00,00,1E,93,
69814212,00000120,false,Rx,0,8,AE,FF,FF,FF,E0,00,44,65,
69814212,00000110,false,Rx,0,8,4B,00,00,00,20,00,16,60,
69815199,00000130,false,Rx,0,8,F8,FF,FF,FF,10,00,0C,53,
69815200,00000100,false,Rx,0,8,9F,00,00,00,10,00,10,74,
69815201,00000140,false,Rx,0,8,01,00,FF,FF,50,00,3D,EE,
69816203,00000120,false,Rx,0,8,AE,FF,FF,FF,F0,00,49,A5,
69816205,00000110,false,Rx,0,8,62,00,00,00,30,00,1C,59,
69817212,00000130,false,Rx,0,8,F8,FF,FF,FF,20,00,18,53,
69817213,00000100,false,Rx,0,8,71,00,00,00,20,00,13,3A,
69818335,00000120,false,Rx,0,8,04,00,00,00,00,00,01,9F,
69818336,00000110,false,Rx,0,8,62,00,00,00,40,00,39,99,
69819337,00000130,false,Rx,0,8,D9,FF,FF,FF,30,00,13,22,
69819338,00000100,false,Rx,0,8,71,00,00,00,30,00,1E,FA,
69819339,00000120,false,Rx,0,8,04,00,00,00,10,00,0C,5F,
69820586,00000110,false,Rx,0,8,90,00,00,00,50,00,21,4B,
69820587,00000050,false,Rx,0,6,41,5C,FF,FB,5F,FF,00,00,
69820587,00000130,false,Rx,0,8,6C,21,00,00,43,80,85,E0,
69821590,00000100,false,Rx,0,8,5A,00,00,00,40,00,3D,21,
69821597,00000120,false,Rx,0,8,20,00,00,00,20,00,1E,BB,
69822589,00000110,false,Rx,0,8,90,00,00,00,60,00,35,4B,
69822589,00000130,false,Rx,0,8,D9,FF,FF,FF,50,00,3B,22,
69823702,00000100,false,Rx,0,8,2C,00,00,00,50,00,3B,B7,
69823702,00000120,false,Rx,0,8,20,00,00,00,30,00,13,7B,
69824740,00000110,false,Rx,0,8,A7,00,00,00,70,00,3C,CC,
69824741,00000130,false,Rx,0,8,D9,FF,FF,FF,60,00,2F,22,
69825746,00000100,false,Rx,0,8,5A,00,00,00,60,00,24,E1,
69825747,00000120,false,Rx,0,8,20,00,00,00,40,00,36,BB,
69826719,00000110,false,Rx,0,8,A7,00,00,00,80,00,78,CC,
69826720,00000130,false,Rx,0,8,D9,FF,FF,FF,70,00,22,E2,
69827884,00000100,false,Rx,0,8,5A,00,00,00,70,00,29,21,
69827885,00000120,false,Rx,0,8,20,00,00,00,50,00,3B,7B,
69828884,00000110,false,Rx,0,8,79,00,00,00,90,00,67,B2,
69828885,00000130,false,Rx,0,8,18,00,00,00,80,00,62,03,
69829878,00000100,false,Rx,0,8,71,00,00,00,80,00,6B,3A,
69829880,00000120,false,Rx,0,8,04,00,00,00,60,00,29,9F,
69830866,00000110,false,Rx,0,8,79,00,00,00,A0,00,73,B2,
69830868,00000130,false,Rx,0,8,F8,FF,FF,FF,90,00,6D,93,
69831850,00000100,false,Rx,0,8,88,00,00,00,90,00,72,93,
69831851,00000120,false,Rx,0,8,04,00,00,00,70,00,24,5F,
69833011,00000110,false,Rx,0,8,34,00,00,00,B0,00,71,AF,
69833012,00000130,false,Rx,0,8,F8,FF,FF,FF,A0,00,79,93,
69833985,00000100,false,Rx,0,8,9F,00,00,00,A0,00,65,B4,
69833986,00000120,false,Rx,0,8,CB,FF,FF,FF,80,00,65,90,
69834995,00000110,false,Rx,0,8,34,00,00,00,C0,00,54,6F,
69834997,00000130,false,Rx,0,8,D9,FF,FF,FF,B0,00,72,E2,
69835983,00000100,false,Rx,0,8,88,00,00,00,B0,00,6B,53,
69835985,00000140,false,Rx,0,8,01,00,FF,FF,60,00,29,EE,
69835986,00000120,false,Rx,0,8,CB,FF,FF,FF,90,00,68,50,
69837134,00000110,false,Rx,0,8,4B,00,00,00,D0,00,52,60,
69837135,00000130,false,Rx,0,8,F8,FF,FF,FF,C0,00,51,93,
69838104,00000100,false,Rx,0,8,88,00,00,00,C0,00,4E,93,
69838105,00000120,false,Rx,0,8,04,00,00,00,A0,00,79,9F,
69839102,00000110,false,Rx,0,8,4B,00,00,00,E0,00,46,60,
69839103,00000130,false,Rx,0,8,F8,FF,FF,FF,D0,00,5C,53,
69840099,00000100,false,Rx,0,8,5A,00,00,00,D0,00,51,21,
69840101,00000120,false,Rx,0,8,04,00,00,00,B0,00,74,5F,
69840101,00000110,false,Rx,0,8,90,00,00,00,F0,00,59,4B,
69841352,00000050,false,Rx,0,6,41,5C,FF,FB,5F,FF,00,00,
69841353,00000130,false,Rx,0,8,B8,34,03,00,E3,80,E2,73,
69841354,00000100,false,Rx,0,8,5A,00,00,00,E0,00,45,21,
69843012,00000120,false,Rx,0,8,3D,00,00,00,C0,00,54,F6,
69843013,00000110,false,Rx,0,8,90,00,00,00,00,00,1D,4B,
69843976,00000130,false,Rx,0,8,B9,FF,FF,FF,F0,00,4A,82,
69843978,00000100,false,Rx,0,8,43,00,00,00,F0,00,4A,E8,
69845133,00000120,false,Rx,0,8,3D,00,00,00,D0,00,59,36,
69845135,00000110,false,Rx,0,8,90,00,00,00,10,00,10,8B,
69846127,00000130,false,Rx,0,8,18,00,00,00,00,00,03,C3,
69846129,00000100,false,Rx,0,8,5A,00,00,00,00,00,0C,E1,
69847108,00000120,false,Rx,0,8,04,00,00,00,E0,00,48,5F,
69847110,00000110,false,Rx,0,8,90,00,00,00,20,00,04,8B,
69848109,00000130,false,Rx,0,8,D9,FF,FF,FF,10,00,0A,E2,
69848110,00000100,false,Rx,0,8,5A,00,00,00,10,00,01,21,
69849108,00000120,false,Rx,0,8,04,00,00,00,F0,00,45,9F,
69849109,00000110,false,Rx,0,8,62,00,00,00,30,00,1C,59,
69850259,00000130,false,Rx,0,8,D9,FF,FF,FF,20,00,1E,E2,
69850260,00000100,false,Rx,0,8,71,00,00,00,20,00,13,3A,
69851240,00000120,false,Rx,0,8,04,00,00,00,00,00,01,9F,
69851241,00000110,false,Rx,0,8,62,00,00,00,40,00,39,99,
69852230,00000130,false,Rx,0,8,D9,FF,FF,FF,30,00,13,22,
69852232,00000100,false,Rx,0,8,88,00,00,00,30,00,0A,93,
69853229,00000120,false,Rx,0,8,04,00,00,00,10,00,0C,5F,
69853231,00000110,false,Rx,0,8,34,00,00,00,50,00,38,6F,
69854360,00000130,false,Rx,0,8,F8,FF,FF,FF,40,00,30,53,
69854361,00000100,false,Rx,0,8,9F,00,00,00,40,00,2C,74,
69855377,00000120,false,Rx,0,8,CB,FF,FF,FF,20,00,1D,90,
69855378,00000110,false,Rx,0,8,34,00,00,00,60,00,2C,6F,
69856355,00000130,false,Rx,0,8,18,00,00,00,50,00,3F,C3,
69856356,00000100,false,Rx,0,8,71,00,00,00,50,00,36,FA,
69856357,00000140,false,Rx,0,8,01,00,FF,FF,70,00,24,2E,
69857350,00000120,false,Rx,0,8,CB,FF,FF,FF,30,00,10,50,
69857352,00000110,false,Rx,0,8,4B,00,00,00,70,00,2A,60,
69858507,00000130,false,Rx,0,8,37,00,00,00,60,00,2C,5C,
69858508,00000100,false,Rx,0,8,71,00,00,00,60,00,22,FA,
69859508,00000120,false,Rx,0,8,04,00,00,00,40,00,30,5F,
69859509,00000110,false,Rx,0,8,4B,00,00,00,80,00,6E,60,
69860507,00000130,false,Rx,0,8,F8,FF,FF,FF,70,00,24,53,
69860509,00000100,false,Rx,0,8,71,00,00,00,70,00,2F,3A,
69860509,00000120,false,Rx,0,8,04,00,00,00,50,00,3D,9F,
69861735,00000110,false,Rx,0,8,79,00,00,00,90,00,67,B2,
69861736,00000050,false,Rx,0,6,41,5C,FF,FB,5F,FF,00,00,
69861737,00000130,false,Rx,0,8,EB,95,FF,FF,83,80,7B,A9,
69862760,00000100,false,Rx,0,8,5A,00,00,00,80,00,6D,21,
69862761,00000120,false,Rx,0,8,3D,00,00,00,60,00,2C,F6,
69863732,00000110,false,Rx,0,8,79,00,00,00,A0,00,73,B2,
69863733,00000130,false,Rx,0,8,95,00,00,00,90,00,71,1E,
69864884,00000100,false,Rx,0,8,43,00,00,00,90,00,62,E8,
69864886,00000120,false,Rx,0,8,3D,00,00,00,70,00,21,36,
69865860,00000110,false,Rx,0,8,79,00,00,00,B0,00,7E,72,
69865861,00000130,false,Rx,0,8,D9,FF,FF,FF,A0,00,7F,22,
69866861,00000100,false,Rx,0,8,5A,00,00,00,A0,00,74,E1,
69866863,00000120,false,Rx,0,8,04,00,00,00,80,00,60,5F,
69868008,00000110,false,Rx,0,8,79,00,00,00,C0,00,5B,B2,
69868010,00000130,false,Rx,0,8,D9,FF,FF,FF,B0,00,72,E2,
69869007,00000100,false,Rx,0,8,5A,00,00,00,B0,00,79,21,
69869009,00000120,false,Rx,0,8,04,00,00,00,90,00,6D,9F,
69869982,00000110,false,Rx,0,8,79,00,00,00,D0,00,56,72,
69869984,00000130,false,Rx,0,8,D9,FF,FF,FF,C0,00,57,22,
69870981,00000100,false,Rx,0,8,71,00,00,00,C0,00,5A,FA,
69870983,00000120,false,Rx,0,8,E7,FF,FF,FF,A0,00,7B,FC,
69871979,00000110,false,Rx,0,8,79,00,00,00,E0,00,42,72,
69871980,00000130,false,Rx,0,8,F8,FF,FF,FF,D0,00,5C,53,
69873119,00000100,false,Rx,0,8,88,00,00,00,D0,00,43,53,
69873120,00000120,false,Rx,0,8,E7,FF,FF,FF,B0,00,76,3C,
69874102,00000110,false,Rx,0,8,1D,00,00,00,F0,00,47,96,
69874104,00000130,false,Rx,0,8,D9,FF,FF,FF,E0,00,4E,E2,
69875108,00000100,false,Rx,0,8,88,00,00,00,E0,00,57,53,
69875110,00000120,false,Rx,0,8,E7,FF,FF,FF,C0,00,53,FC,
69876126,00000110,false,Rx,0,8,1D,00,00,00,00,00,03,96,
69876127,00000130,false,Rx,0,8,18,00,00,00,F0,00,47,C3,
69877104,00000100,false,Rx,0,8,71,00,00,00,F0,00,4E,FA,
69877105,00000140,false,Rx,0,8,01,00,FF,FF,80,00,60,2E,
69877106,00000120,false,Rx,0,8,E7,FF,FF,FF,D0,00,5E,3C,
69878233,00000110,false,Rx,0,8,62,00,00,00,10,00,05,99,
69878234,00000130,false,Rx,0,8,37,00,00,00,00,00,04,5C,
69879234,00000100,false,Rx,0,8,71,00,00,00,00,00,0A,FA,
69879235,00000120,false,Rx,0,8,04,00,00,00,E0,00,48,5F,
69880233,00000110,false,Rx,0,8,62,00,00,00,20,00,11,99,
69880234,00000130,false,Rx,0,8,D9,FF,FF,FF,10,00,0A,E2,
69881225,00000100,false,Rx,0,8,5A,00,00,00,10,00,01,21,
69881226,00000120,false,Rx,0,8,04,00,00,00,F0,00,45,9F,
69881227,00000110,false,Rx,0,8,79,00,00,00,30,00,1F,B2,
69882509,00000050,false,Rx,0,6,41,5C,FF,FB,5F,FF,00,00,
69882510,00000130,false,Rx,0,8,2C,BA,F5,FF,23,80,C5,00,
69882511,00000100,false,Rx,0,8,43,00,00,00,20,00,17,28,
69884132,00000120,false,Rx,0,8,3D,00,00,00,00,00,04,F6,
69884133,00000110,false,Rx,0,8,79,00,00,00,40,00,3A,72,
69885124,00000130,false,Rx,0,8,95,00,00,00,30,00,09,1E,
69885126,00000100,false,Rx,0,8,5A,00,00,00,30,00,18,E1,
69886233,00000120,false,Rx,0,8,3D,00,00,00,10,00,09,36,
69886234,00000110,false,Rx,0,8,62,00,00,00,50,00,34,59,
69887224,00000130,false,Rx,0,8,18,00,00,00,40,00,32,03,
69887226,00000100,false,Rx,0,8,5A,00,00,00,40,00,3D,21,
69888233,00000120,false,Rx,0,8,E7,FF,FF,FF,20,00,1A,3C,
69888234,00000110,false,Rx,0,8,62,00,00,00,60,00,20,59,
69889233,00000130,false,Rx,0,8,18,00,00,00,50,00,3F,C3,
69889234,00000100,false,Rx,0,8,71,00,00,00,50,00,36,FA,
69890364,00000120,false,Rx,0,8,E7,FF,FF,FF,30,00,17,FC,
69890366,00000110,false,Rx,0,8,4B,00,00,00,70,00,2A,60,
69891385,00000130,false,Rx,0,8,F8,FF,FF,FF,60,00,29,93,
69891387,00000100,false,Rx,0,8,71,00,00,00,60,00,22,FA,
69892328,00000120,false,Rx,0,8,CB,FF,FF,FF,40,00,35,90,
69892329,00000110,false,Rx,0,8,4B,00,00,00,80,00,6E,60,
69893371,00000130,false,Rx,0,8,D9,FF,FF,FF,70,00,22,E2,
69893372,00000100,false,Rx,0,8,9F,00,00,00,70,00,38,74,
69894350,00000120,false,Rx,0,8,CB,FF,FF,FF,50,00,38,50,
69894352,00000110,false,Rx,0,8,34,00,00,00,90,00,68,6F,
69895506,00000130,false,Rx,0,8,F8,FF,FF,FF,80,00,60,53,
69895507,00000100,false,Rx,0,8,88,00,00,00,80,00,7F,53,
69896507,00000120,false,Rx,0,8,E7,FF,FF,FF,60,00,2B,FC,
69896509,00000110,false,Rx,0,8,34,00,00,00,A0,00,7C,6F,
69897481,00000130,false,Rx,0,8,18,00,00,00,90,00,6F,C3,
69897483,00000100,false,Rx,0,8,71,00,00,00,90,00,66,FA,
69897483,00000140,false,Rx,0,8,01,00,FF,FF,90,00,6D,EE,
69898484,00000120,false,Rx,0,8,E7,FF,FF,FF,70,00,26,3C,
69898486,00000110,false,Rx,0,8,4B,00,00,00,B0,00,7A,60,
69899624,00000130,false,Rx,0,8,D9,FF,FF,FF,A0,00,7F,22,
69899625,00000100,false,Rx,0,8,5A,00,00,00,A0,00,74,E1,
69900624,00000120,false,Rx,0,8,04,00,00,00,80,00,60,5F,
69900626,00000110,false,Rx,0,8,4B,00,00,00,C0,00,5F,A0,
69901633,00000130,false,Rx,0,8,18,00,00,00,B0,00,76,03,
69901635,00000100,false,Rx,0,8,5A,00,00,00,B0,00,79,21,
69901635,00000120,false,Rx,0,8,04,00,00,00,90,00,6D,9F,
69902883,00000110,false,Rx,0,8,A7,00,00,00,D0,00,44,CC,
69902885,00000050,false,Rx,0,6,41,5C,FF,FB,5F,FF,00,00,
69902885,00000130,false,Rx,0,8,4D,21,00,00,C3,80,E2,91,
69903861,00000100,false,Rx,0,8,2C,00,00,00,C0,00,57,B7,
69903862,00000120,false,Rx,0,8,20,00,00,00,A0,00,7F,7B,
69904856,00000110,false,Rx,0,8,A7,00,00,00,E0,00,50,CC,
69904857,00000130,false,Rx,0,8,D9,FF,FF,FF,D0,00,5A,E2,
69906008,00000100,false,Rx,0,8,43,00,00,00,D0,00,53,28,
69906009,00000120,false,Rx,0,8,20,00,00,00,B0,00,72,BB,
69906978,00000110,false,Rx,0,8,79,00,00,00,F0,00,4F,B2,
69906979,00000170,false,Rx,0,8,00,00,00,54,50,81,05,9E,
69906979,00000130,false,Rx,0,8,B9,FF,FF,FF,E0,00,47,42,
69907981,00000100,false,Rx,0,8,5A,00,00,00,E0,00,45,21,
69907983,00000120,false,Rx,0,8,04,00,00,00,C0,00,51,9F,
69909100,00000110,false,Rx,0,8,79,00,00,00,00,00,0B,B2,
69909101,00000130,false,Rx,0,8,D9,FF,FF,FF,F0,00,43,22,
69910132,00000100,false,Rx,0,8,88,00,00,00,F0,00,5A,93,
69910133,00000120,false,Rx,0,8,04,00,00,00,D0,00,5C,5F,
69911111,00000110,false,Rx,0,8,62,00,00,00,10,00,05,99,
69911112,00000130,false,Rx,0,8,F8,FF,FF,FF,00,00,01,93,
69912120,00000100,false,Rx,0,8,88,00,00,00,00,00,1E,93,
69912121,00000120,false,Rx,0,8,CB,FF,FF,FF,E0,00,4D,90,
69913098,00000110,false,Rx,0,8,62,00,00,00,20,00,11,99,
69913100,00000130,false,Rx,0,8,18,00,00,00,10,00,0E,03,
69914257,00000100,false,Rx,0,8,9F,00,00,00,10,00,10,74,
69914258,00000120,false,Rx,0,8,CB,FF,FF,FF,F0,00,40,50,
69915229,00000110,false,Rx,0,8,34,00,00,00,30,00,10,6F,
69915230,00000130,false,Rx,0,8,F8,FF,FF,FF,20,00,18,53,
69916245,00000100,false,Rx,0,8,71,00,00,00,20,00,13,3A,
69916247,00000120,false,Rx,0,8,E7,FF,FF,FF,00,00,03,FC,
69917223,00000110,false,Rx,0,8,34,00,00,00,40,00,35,AF,
69917225,00000130,false,Rx,0,8,18,00,00,00,30,00,17,C3,
69918383,00000100,false,Rx,0,8,71,00,00,00,30,00,1E,FA,
69918384,00000140,false,Rx,0,8,01,00,FF,FF,A0,00,79,EE,
69918384,00000120,false,Rx,0,8,E7,FF,FF,FF,10,00,0E,3C,
69919386,00000110,false,Rx,0,8,62,00,00,00,50,00,34,59,
69919387,00000130,false,Rx,0,8,D9,FF,FF,FF,40,00,36,E2,
69920358,00000100,false,Rx,0,8,71,00,00,00,40,00,3B,3A,
69920360,00000120,false,Rx,0,8,20,00,00,00,20,00,1E,BB,
69921348,00000110,false,Rx,0,8,62,00,00,00,60,00,20,59,
69921350,00000130,false,Rx,0,8,F8,FF,FF,FF,50,00,3D,93,
69921350,00000100,false,Rx,0,8,5A,00,00,00,50,00,30,E1,
69923099,00000120,false,Rx,0,8,20,00,00,00,30,00,13,7B,
69923101,00000110,false,Rx,0,8,D5,00,00,00,70,00,36,1E,
69923102,00000050,false,Rx,0,6,41,5C,FF,FB,5F,FF,00,00,
69924257,00000130,false,Rx,0,8,D8,34,03,00,63,80,8A,13,
69924258,00000100,false,Rx,0,8,2C,00,00,00,60,00,2F,B7,
69925233,00000120,false,Rx,0,8,04,00,00,00,40,00,30,5F,
69925235,00000110,false,Rx,0,8,D5,00,00,00,80,00,72,1E,
69926228,00000130,false,Rx,0,8,F8,FF,FF,FF,70,00,24,53,
69926229,00000100,false,Rx,0,8,5A,00,00,00,70,00,29,21,
69927386,00000120,false,Rx,0,8,04,00,00,00,50,00,3D,9F,
69927387,00000110,false,Rx,0,8,79,00,00,00,90,00,67,B2,
69928382,00000130,false,Rx,0,8,F8,FF,FF,FF,80,00,60,53,
69928383,00000100,false,Rx,0,8,5A,00,00,00,80,00,6D,21,
69929358,00000120,false,Rx,0,8,04,00,00,00,60,00,29,9F,
69929359,00000110,false,Rx,0,8,79,00,00,00,A0,00,73,B2,
69930359,00000130,false,Rx,0,8,F8,FF,FF,FF,90,00,6D,93,
69930361,00000100,false,Rx,0,8,71,00,00,00,90,00,66,FA,
69931507,00000120,false,Rx,0,8,04,00,00,00,70,00,24,5F,
69931508,00000110,false,Rx,0,8,4B,00,00,00,B0,00,7A,60,
69932506,00000130,false,Rx,0,8,D9,FF,FF,FF,A0,00,7F,22,
69932508,00000100,false,Rx,0,8,88,00,00,00,A0,00,66,93,
69933484,00000120,false,Rx,0,8,CB,FF,FF,FF,80,00,65,90,
69933485,00000110,false,Rx,0,8,4B,00,00,00,C0,00,5F,A0,
69934489,00000130,false,Rx,0,8,F8,FF,FF,FF,B0,00,74,53,
69934490,00000100,false,Rx,0,8,9F,00,00,00,B0,00,68,74,
69935619,00000120,false,Rx,0,8,CB,FF,FF,FF,90,00,68,50,
69935620,00000110,false,Rx,0,8,4B,00,00,00,D0,00,52,60,
69936607,00000130,false,Rx,0,8,18,00,00,00,C0,00,53,C3,
69936608,00000100,false,Rx,0,8,88,00,00,00,C0,00,4E,93,
69937600,00000120,false,Rx,0,8,04,00,00,00,A0,00,79,9F,
69937601,00000110,false,Rx,0,8,4B,00,00,00,E0,00,46,60,
69938610,00000130,false,Rx,0,8,D9,FF,FF,FF,D0,00,5A,E2,
69938611,00000100,false,Rx,0,8,71,00,00,00,D0,00,57,3A,
69938612,00000140,false,Rx,0,8,01,00,FF,FF,B0,00,74,2E,
69939601,00000120,false,Rx,0,8,04,00,00,00,B0,00,74,5F,
69939602,00000110,false,Rx,0,8,62,00,00,00,F0,00,4C,59,
69940724,00000130,false,Rx,0,8,F8,FF,FF,FF,E0,00,48,53,
69940726,00000100,false,Rx,0,8,5A,00,00,00,E0,00,45,21,
69941728,00000120,false,Rx,0,8,04,00,00,00,C0,00,51,9F,
69941730,00000110,false,Rx,0,8,62,00,00,00,00,00,08,59,
69942732,00000130,false,Rx,0,8,D9,FF,FF,FF,F0,00,43,22,
69942733,00000100,false,Rx,0,8,5A,00,00,00,F0,00,48,E1,
69942734,00000120,false,Rx,0,8,04,00,00,00,D0,00,5C,5F,
69944008,00000110,false,Rx,0,8,90,00,00,00,10,00,10,8B,
69944009,00000050,false,Rx,0,6,41,5C,FF,FB,5F,FF,00,00,
69944010,00000130,false,Rx,0,8,EB,95,FF,FF,03,80,1A,69,
69944984,00000100,false,Rx,0,8,43,00,00,00,00,00,0E,E8,
69944985,00000120,false,Rx,0,8,20,00,00,00,E0,00,4E,BB,
69945972,00000110,false,Rx,0,8,90,00,00,00,20,00,04,8B,
69945974,00000130,false,Rx,0,8,B5,00,00,00,10,00,17,BE,
69947109,00000100,false,Rx,0,8,5A,00,00,00,10,00,01,21,
69947110,00000120,false,Rx,0,8,20,00,00,00,F0,00,43,7B,
69948098,00000110,false,Rx,0,8,62,00,00,00,30,00,1C,59,
69948099,00000130,false,Rx,0,8,F8,FF,FF,FF,20,00,18,53,
69949129,00000100,false,Rx,0,8,71,00,00,00,20,00,13,3A,
69949130,00000120,false,Rx,0,8,04,00,00,00,00,00,01,9F,
69950257,00000110,false,Rx,0,8,62,00,00,00,40,00,39,99,
69950258,00000130,false,Rx,0,8,F8,FF,FF,FF,30,00,15,93,
69951255,00000100,false,Rx,0,8,71,00,00,00,30,00,1E,FA,
69951257,00000120,false,Rx,0,8,04,00,00,00,10,00,0C,5F,
69952233,00000110,false,Rx,0,8,4B,00,00,00,50,00,33,A0,
69952234,00000130,false,Rx,0,8,18,00,00,00,40,00,32,03,
69953223,00000100,false,Rx,0,8,9F,00,00,00,40,00,2C,74,
69953225,00000120,false,Rx,0,8,AE,FF,FF,FF,20,00,14,65,
69954382,00000110,false,Rx,0,8,4B,00,00,00,60,00,27,A0,
69954383,00000130,false,Rx,0,8,D9,FF,FF,FF,50,00,3B,22,
69955381,00000100,false,Rx,0,8,71,00,00,00,50,00,36,FA,
69955383,00000120,false,Rx,0,8,AE,FF,FF,FF,30,00,19,A5,
69956379,00000110,false,Rx,0,8,4B,00,00,00,70,00,2A,60,
69956380,00000130,false,Rx,0,8,37,00,00,00,60,00,2C,5C,
69957380,00000100,false,Rx,0,8,71,00,00,00,60,00,22,FA,
69957382,00000120,false,Rx,0,8,04,00,00,00,40,00,30,5F,
69958349,00000110,false,Rx,0,8,4B,00,00,00,80,00,6E,60,
69958351,00000130,false,Rx,0,8,F8,FF,FF,FF,70,00,24,53,
69959476,00000100,false,Rx,0,8,5A,00,00,00,70,00,29,21,
69959478,00000140,false,Rx,0,8,01,00,FF,FF,C0,00,51,EE,
69959478,00000120,false,Rx,0,8,04,00,00,00,50,00,3D,9F,
69960479,00000110,false,Rx,0,8,62,00,00,00,90,00,64,59,
69960480,00000130,false,Rx,0,8,F8,FF,FF,FF,80,00,60,53,
69961482,00000100,false,Rx,0,8,5A,00,00,00,80,00,6D,21,
69961483,00000120,false,Rx,0,8,20,00,00,00,60,00,2F,7B,
69962474,00000110,false,Rx,0,8,62,00,00,00,A0,00,70,59,
69962475,00000130,false,Rx,0,8,F8,FF,FF,FF,90,00,6D,93,
69963615,00000100,false,Rx,0,8,2C,00,00,00,90,00,6B,B7,
69963616,00000120,false,Rx,0,8,20,00,00,00,70,00,22,BB,
69963616,00000110,false,Rx,0,8,90,00,00,00,B0,00,68,8B,
69964723,00000050,false,Rx,0,6,41,5C,FF,FB,5F,FF,00,00,
69964724,00000130,false,Rx,0,8,4C,BA,F5,FF,A3,80,AD,60,
69964725,00000100,false,Rx,0,8,5A,00,00,00,A0,00,74,E1,
69966383,00000120,false,Rx,0,8,20,00,00,00,80,00,66,BB,
69966385,00000110,false,Rx,0,8,90,00,00,00,C0,00,4D,4B,
69967348,00000130,false,Rx,0,8,76,00,00,00,B0,00,7E,8D,
69967349,00000100,false,Rx,0,8,71,00,00,00,B0,00,7F,3A,
69968505,00000120,false,Rx,0,8,20,00,00,00,90,00,6B,7B,
69968507,00000110,false,Rx,0,8,62,00,00,00,D0,00,55,99,
69969508,00000130,false,Rx,0,8,18,00,00,00,C0,00,53,C3,
69969509,00000100,false,Rx,0,8,71,00,00,00,C0,00,5A,FA,
69970484,00000120,false,Rx,0,8,04,00,00,00,A0,00,79,9F,
69970485,00000110,false,Rx,0,8,62,00,00,00,E0,00,41,99,
69971496,00000130,false,Rx,0,8,F8,FF,FF,FF,D0,00,5C,53,
69971497,00000100,false,Rx,0,8,88,00,00,00,D0,00,43,53,
69972606,00000120,false,Rx,0,8,04,00,00,00,B0,00,74,5F,
69972607,00000110,false,Rx,0,8,34,00,00,00,F0,00,40,6F,
69973597,00000130,false,Rx,0,8,D9,FF,FF,FF,E0,00,4E,E2,
69973599,00000100,false,Rx,0,8,9F,00,00,00,E0,00,54,74,
69974618,00000120,false,Rx,0,8,CB,FF,FF,FF,C0,00,54,50,
69974619,00000110,false,Rx,0,8,34,00,00,00,00,00,04,6F,
69975607,00000130,false,Rx,0,8,37,00,00,00,F0,00,40,5C,
69975608,00000100,false,Rx,0,8,88,00,00,00,F0,00,5A,93,
69976725,00000120,false,Rx,0,8,CB,FF,FF,FF,D0,00,59,90,
69976726,00000110,false,Rx,0,8,4B,00,00,00,10,00,02,60,
69977725,00000130,false,Rx,0,8,18,00,00,00,00,00,03,C3,
69977726,00000100,false,Rx,0,8,71,00,00,00,00,00,0A,FA,
69978725,00000120,false,Rx,0,8,04,00,00,00,E0,00,48,5F,
69978726,00000110,false,Rx,0,8,4B,00,00,00,20,00,16,60,
69979725,00000130,false,Rx,0,8,18,00,00,00,10,00,0E,03,
69979726,00000100,false,Rx,0,8,71,00,00,00,10,00,07,3A,
69979727,00000140,false,Rx,0,8,01,00,FF,FF,D0,00,5C,2E,
69980713,00000120,false,Rx,0,8,04,00,00,00,F0,00,45,9F,
69980714,00000110,false,Rx,0,8,62,00,00,00,30,00,1C,59,
69981850,00000130,false,Rx,0,8,18,00,00,00,20,00,1A,03,
69981851,00000100,false,Rx,0,8,5A,00,00,00,20,00,15,21,
69982848,00000120,false,Rx,0,8,20,00,00,00,00,00,07,7B,
69982849,00000110,false,Rx,0,8,62,00,00,00,40,00,39,99,
69983847,00000130,false,Rx,0,8,37,00,00,00,30,00,10,5C,
69983848,00000100,false,Rx,0,8,43,00,00,00,30,00,1A,E8,
69983849,00000120,false,Rx,0,8,20,00,00,00,10,00,0A,BB,
69985097,00000110,false,Rx,0,8,A7,00,00,00,50,00,25,0C,
69985098,00000050,false,Rx,0,6,41,5C,FF,FB,5F,FF,00,00,
69985099,00000130,false,Rx,0,8,4D,21,00,00,43,80,83,51,
69986100,00000100,false,Rx,0,8,5A,00,00,00,40,00,3D,21,
69986101,00000120,false,Rx,0,8,04,00,00,00,20,00,18,5F,
69987100,00000110,false,Rx,0,8,A7,00,00,00,60,00,31,0C,
69987102,00000130,false,Rx,0,8,F8,FF,FF,FF,50,00,3D,93,
69988224,00000100,false,Rx,0,8,71,00,00,00,50,00,36,FA,
69988225,00000120,false,Rx,0,8,04,00,00,00,30,00,15,9F,
69989225,00000110,false,Rx,0,8,62,00,00,00,70,00,2D,99,
69989226,00000130,false,Rx,0,8,F8,FF,FF,FF,60,00,29,93,
69990223,00000100,false,Rx,0,8,71,00,00,00,60,00,22,FA,
69990225,00000120,false,Rx,0,8,E7,FF,FF,FF,40,00,32,3C,
69991349,00000110,false,Rx,0,8,62,00,00,00,80,00,69,99,
69991350,00000130,false,Rx,0,8,D9,FF,FF,FF,70,00,22,E2,
69992348,00000100,false,Rx,0,8,9F,00,00,00,70,00,38,74,
69992349,00000120,false,Rx,0,8,E7,FF,FF,FF,50,00,3F,FC,
69993347,00000110,false,Rx,0,8,34,00,00,00,90,00,68,6F,
69993348,00000130,false,Rx,0,8,18,00,00,00,80,00,62,03,
69994348,00000100,false,Rx,0,8,9F,00,00,00,80,00,7C,74,
69994349,00000120,false,Rx,0,8,E7,FF,FF,FF,60,00,2B,FC,
69995476,00000110,false,Rx,0,8,34,00,00,00,A0,00,7C,6F,
69995477,00000130,false,Rx,0,8,B9,FF,FF,FF,90,00,62,82,
69996476,00000100,false,Rx,0,8,88,00,00,00,90,00,72,93,
69996477,00000120,false,Rx,0,8,E7,FF,FF,FF,70,00,26,3C,
69997476,00000110,false,Rx,0,8,62,00,00,00,B0,00,7D,99,
69997477,00000130,false,Rx,0,8,D9,FF,FF,FF,A0,00,7F,22,
69998476,00000100,false,Rx,0,8,88,00,00,00,A0,00,66,93,
69998477,00000120,false,Rx,0,8,04,00,00,00,80,00,60,5F,
69999600,00000110,false,Rx,0,8,62,00,00,00,C0,00,58,59,
69999601,00000130,false,Rx,0,8,18,00,00,00,B0,00,76,03,
70000614,00000100,false,Rx,0,8,71,00,00,00,B0,00,7F,3A,
70000616,00000140,false,Rx,0,8,01,00,FF,FF,E0,00,48,2E,
70000616,00000120,false,Rx,0,8,04,00,00,00,90,00,6D,9F,
70001607,00000110,false,Rx,0,8,62,00,00,00,D0,00,55,99,
70001609,00000130,false,Rx,0,8,D9,FF,FF,FF,C0,00,57,22,
70002605,00000100,false,Rx,0,8,5A,00,00,00,C0,00,5C,E1,
70002606,00000120,false,Rx,0,8,59,00,00,00,A0,00,74,D2,
70003598,00000110,false,Rx,0,8,62,00,00,00,E0,00,41,99,
70003600,00000130,false,Rx,0,8,18,00,00,00,D0,00,5E,03,
70004600,00000100,false,Rx,0,8,2C,00,00,00,D0,00,5A,77,
70004601,00000120,false,Rx,0,8,59,00,00,00,B0,00,79,12,
70004602,00000110,false,Rx,0,8,A7,00,00,00,F0,00,5D,0C,
70005849,00000050,false,Rx,0,6,41,5C,FF,FB,5F,FF,00,00,
70005850,00000130,false,Rx,0,8,D8,34,03,00,E3,80,EB,D3,
70005850,00000100,false,Rx,0,8,5A,00,00,00,E0,00,45,21,
70007475,00000120,false,Rx,0,8,04,00,00,00,C0,00,51,9F,
70007476,00000110,false,Rx,0,8,A7,00,00,00,00,00,19,0C,
70008599,00000130,false,Rx,0,8,B9,FF,FF,FF,F0,00,4A,82,
70008601,00000100,false,Rx,0,8,5A,00,00,00,F0,00,48,E1,
70009597,00000120,false,Rx,0,8,04,00,00,00,D0,00,5C,5F,
70009599,00000110,false,Rx,0,8,79,00,00,00,10,00,06,72,
70009599,00000170,false,Rx,0,8,00,00,00,55,50,81,05,03,
70010605,00000130,false,Rx,0,8,18,00,00,00,00,00,03,C3,
70010606,00000100,false,Rx,0,8,71,00,00,00,00,00,0A,FA,
70011598,00000120,false,Rx,0,8,CB,FF,FF,FF,E0,00,4D,90,
70011600,00000110,false,Rx,0,8,79,00,00,00,20,00,12,72,
70012598,00000130,false,Rx,0,8,F8,FF,FF,FF,10,00,0C,53,
70012599,00000100,false,Rx,0,8,88,00,00,00,10,00,13,53,
70013721,00000120,false,Rx,0,8,CB,FF,FF,FF,F0,00,40,50,
70013723,00000110,false,Rx,0,8,1D,00,00,00,30,00,17,96,
70014723,00000130,false,Rx,0,8,D9,FF,FF,FF,20,00,1E,E2,
70014725,00000100,false,Rx,0,8,9F,00,00,00,20,00,04,74,
70015723,00000120,false,Rx,0,8,E7,FF,FF,FF,00,00,03,FC,
70015724,00000110,false,Rx,0,8,1D,00,00,00,40,00,32,56,
70016730,00000130,false,Rx,0,8,F8,FF,FF,FF,30,00,15,93,
70016731,00000100,false,Rx,0,8,88,00,00,00,30,00,0A,93,
70017850,00000120,false,Rx,0,8,E7,FF,FF,FF,10,00,0E,3C,
70017851,00000110,false,Rx,0,8,62,00,00,00,50,00,34,59,
70018830,00000130,false,Rx,0,8,18,00,00,00,40,00,32,03,
70018831,00000100,false,Rx,0,8,71,00,00,00,40,00,3B,3A,
70019837,00000120,false,Rx,0,8,20,00,00,00,20,00,1E,BB,
70019838,00000110,false,Rx,0,8,62,00,00,00,60,00,20,59,
70020838,00000130,false,Rx,0,8,18,00,00,00,50,00,3F,C3,
70020840,00000100,false,Rx,0,8,5A,00,00,00,50,00,30,E1,
70020840,00000140,false,Rx,0,8,01,00,FF,FF,F0,00,45,EE,
70021977,00000120,false,Rx,0,8,20,00,00,00,30,00,13,7B,
70021979,00000110,false,Rx,0,8,79,00,00,00,70,00,2E,72,
70022973,00000130,false,Rx,0,8,F8,FF,FF,FF,60,00,29,93,
70022976,00000100,false,Rx,0,8,43,00,00,00,60,00,26,E8,
70023975,00000120,false,Rx,0,8,3D,00,00,00,40,00,35,36,
70023976,00000110,false,Rx,0,8,79,00,00,00,80,00,6A,72,
70024951,00000130,false,Rx,0,8,F8,FF,FF,FF,70,00,24,53,
70024952,00000100,false,Rx,0,8,43,00,00,00,70,00,2B,28,
70024952,00000120,false,Rx,0,8,3D,00,00,00,50,00,38,F6,
70026197,00000110,false,Rx,0,8,79,00,00,00,90,00,67,B2,
70026198,00000050,false,Rx,0,6,41,5C,FF,FB,5F,FF,00,00,
70026199,00000130,false,Rx,0,8,EB,95,FF,FF,83,80,7B,A9,
70027224,00000100,false,Rx,0,8,71,00,00,00,80,00,6B,3A,
70027226,00000120,false,Rx,0,8,04,00,00,00,60,00,29,9F,
70028225,00000110,false,Rx,0,8,79,00,00,00,A0,00,73,B2,
70028226,00000130,false,Rx,0,8,95,00,00,00,90,00,71,1E,
70029351,00000100,false,Rx,0,8,71,00,00,00,90,00,66,FA,
70029352,00000120,false,Rx,0,8,04,00,00,00,70,00,24,5F,
70030350,00000110,false,Rx,0,8,62,00,00,00,B0,00,7D,99,
70030351,00000130,false,Rx,0,8,D9,FF,FF,FF,A0,00,7F,22,
70031351,00000100,false,Rx,0,8,71,00,00,00,A0,00,72,FA,
70031352,00000120,false,Rx,0,8,E7,FF,FF,FF,80,00,62,3C,
70032474,00000110,false,Rx,0,8,62,00,00,00,C0,00,58,59,
70032476,00000130,false,Rx,0,8,F8,FF,FF,FF,B0,00,74,53,
70033475,00000100,false,Rx,0,8,9F,00,00,00,B0,00,68,74,
70033477,00000120,false,Rx,0,8,E7,FF,FF,FF,90,00,6F,FC,
70034475,00000110,false,Rx,0,8,34,00,00,00,D0,00,59,AF,
70034476,00000130,false,Rx,0,8,F8,FF,FF,FF,C0,00,51,93,
70035476,00000100,false,Rx,0,8,88,00,00,00,C0,00,4E,93,
70035477,00000120,false,Rx,0,8,E7,FF,FF,FF,A0,00,7B,FC,
70036600,00000110,false,Rx,0,8,34,00,00,00,E0,00,4D,AF,
70036602,00000130,false,Rx,0,8,F8,FF,FF,FF,D0,00,5C,53,
70037600,00000100,false,Rx,0,8,71,00,00,00,D0,00,57,3A,
70037602,00000120,false,Rx,0,8,E7,FF,FF,FF,B0,00,76,3C,
70038600,00000110,false,Rx,0,8,62,00,00,00,F0,00,4C,59,
70038601,00000130,false,Rx,0,8,D9,FF,FF,FF,E0,00,4E,E2,
70039598,00000100,false,Rx,0,8,71,00,00,00,E0,00,43,3A,
70039600,00000120,false,Rx,0,8,04,00,00,00,C0,00,51,9F,
70040722,00000110,false,Rx,0,8,62,00,00,00,00,00,08,59,
70040725,00000130,false,Rx,0,8,18,00,00,00,F0,00,47,C3,
70041723,00000100,false,Rx,0,8,71,00,00,00,F0,00,4E,FA,
70041725,00000140,false,Rx,0,8,01,00,FF,FF,00,00,01,EE,
70041725,00000120,false,Rx,0,8,04,00,00,00,D0,00,5C,5F,
70042723,00000110,false,Rx,0,8,90,00,00,00,10,00,10,8B,
70042724,00000130,false,Rx,0,8,18,00,00,00,00,00,03,C3,
70043724,00000100,false,Rx,0,8,43,00,00,00,00,00,0E,E8,
70043725,00000120,false,Rx,0,8,20,00,00,00,E0,00,4E,BB,
70044848,00000110,false,Rx,0,8,90,00,00,00,20,00,04,8B,
70044849,00000130,false,Rx,0,8,18,00,00,00,10,00,0E,03,
70045848,00000100,false,Rx,0,8,5A,00,00,00,10,00,01,21,
70045849,00000120,false,Rx,0,8,20,00,00,00,F0,00,43,7B,
70045850,00000110,false,Rx,0,8,79,00,00,00,30,00,1F,B2,
70046973,00000050,false,Rx,0,6,41,5C,FF,FB,5F,FF,00,00,
70046974,00000130,false,Rx,0,8,6B,BA,F5,FF,23,80,CA,77,
70046974,00000100,false,Rx,0,8,5A,00,00,00,20,00,15,21,
70048597,00000120,false,Rx,0,8,20,00,00,00,00,00,07,7B,
70048598,00000110,false,Rx,0,8,79,00,00,00,40,00,3A,72,
70049721,00000130,false,Rx,0,8,95,00,00,00,30,00,09,1E,
70049723,00000100,false,Rx,0,8,71,00,00,00,30,00,1E,FA,
70050721,00000120,false,Rx,0,8,20,00,00,00,10,00,0A,BB,
70050723,00000110,false,Rx,0,8,62,00,00,00,50,00,34,59,
70051721,00000130,false,Rx,0,8,18,00,00,00,40,00,32,03,
70051722,00000100,false,Rx,0,8,88,00,00,00,40,00,2F,53,
70052718,00000120,false,Rx,0,8,CB,FF,FF,FF,20,00,1D,90,
70052719,00000110,false,Rx,0,8,62,00,00,00,60,00,20,59,
70053844,00000130,false,Rx,0,8,F8,FF,FF,FF,50,00,3D,93,
70053845,00000100,false,Rx,0,8,B6,00,00,00,50,00,26,4D,
70054845,00000120,false,Rx,0,8,CB,FF,FF,FF,30,00,10,50,
70054846,00000110,false,Rx,0,8,34,00,00,00,70,00,21,AF,
70055843,00000130,false,Rx,0,8,D9,FF,FF,FF,60,00,2F,22,
70055844,00000100,false,Rx,0,8,88,00,00,00,60,00,36,93,
70056844,00000120,false,Rx,0,8,04,00,00,00,40,00,30,5F,
70056845,00000110,false,Rx,0,8,34,00,00,00,80,00,65,AF,
70057970,00000130,false,Rx,0,8,18,00,00,00,70,00,26,03,
70057971,00000100,false,Rx,0,8,88,00,00,00,70,00,3B,53,
70058968,00000120,false,Rx,0,8,04,00,00,00,50,00,3D,9F,
70058969,00000110,false,Rx,0,8,62,00,00,00,90,00,64,59,
70059974,00000130,false,Rx,0,8,18,00,00,00,80,00,62,03,
70059975,00000100,false,Rx,0,8,71,00,00,00,80,00,6B,3A,
70060974,00000120,false,Rx,0,8,04,00,00,00,60,00,29,9F,
70060975,00000110,false,Rx,0,8,62,00,00,00,A0,00,70,59,
70061976,00000130,false,Rx,0,8,F8,FF,FF,FF,90,00,6D,93,
70061977,00000100,false,Rx,0,8,5A,00,00,00,90,00,60,E1,
70061978,00000140,false,Rx,0,8,01,00,FF,FF,10,00,0C,2E,
70063107,00000120,false,Rx,0,8,04,00,00,00,70,00,24,5F,
70063108,00000110,false,Rx,0,8,A7,00,00,00,B0,00,6C,CC,
70064105,00000130,false,Rx,0,8,F8,FF,FF,FF,A0,00,79,93,
70064108,00000100,false,Rx,0,8,43,00,00,00,A0,00,76,E8,
70065080,00000120,false,Rx,0,8,20,00,00,00,80,00,66,BB,
70065082,00000110,false,Rx,0,8,A7,00,00,00,C0,00,49,0C,
70066104,00000130,false,Rx,0,8,18,00,00,00,B0,00,76,03,
70066105,00000100,false,Rx,0,8,5A,00,00,00,B0,00,79,21,
70066106,00000120,false,Rx,0,8,20,00,00,00,90,00,6B,7B,
70067326,00000110,false,Rx,0,8,90,00,00,00,D0,00,40,8B,
70067327,00000050,false,Rx,0,6,41,5C,FF,FB,5F,FF,00,00,
70067328,00000130,false,Rx,0,8,6C,21,00,00,C3,80,E4,20,
70068320,00000100,false,Rx,0,8,5A,00,00,00,C0,00,5C,E1,
70068322,00000120,false,Rx,0,8,04,00,00,00,A0,00,79,9F,
70069501,00000110,false,Rx,0,8,90,00,00,00,E0,00,54,8B,
70069504,00000130,false,Rx,0,8,D9,FF,FF,FF,D0,00,5A,E2,
70070475,00000100,false,Rx,0,8,71,00,00,00,D0,00,57,3A,
70070476,00000120,false,Rx,0,8,04,00,00,00,B0,00,74,5F,
70071471,00000110,false,Rx,0,8,4B,00,00,00,F0,00,4B,A0,
70071473,00000130,false,Rx,0,8,18,00,00,00,E0,00,4A,03,
70072614,00000100,false,Rx,0,8,88,00,00,00,E0,00,57,53,
70072615,00000120,false,Rx,0,8,AE,FF,FF,FF,C0,00,5D,A5,
70073701,00000110,false,Rx,0,8,4B,00,00,00,00,00,0F,A0,
70073702,00000130,false,Rx,0,8,18,00,00,00,F0,00,47,C3,
70074607,00000100,false,Rx,0,8,9F,00,00,00,F0,00,59,B4,
70074609,00000120,false,Rx,0,8,AE,FF,FF,FF,D0,00,50,65,
70075619,00000110,false,Rx,0,8,4B,00,00,00,10,00,02,60,
70075620,00000130,false,Rx,0,8,D9,FF,FF,FF,00,00,07,22,
70076644,00000100,false,Rx,0,8,88,00,00,00,00,00,1E,93,
70076646,00000120,false,Rx,0,8,04,00,00,00,E0,00,48,5F,
70077729,00000110,false,Rx,0,8,4B,00,00,00,20,00,16,60,
70077731,00000130,false,Rx,0,8,F8,FF,FF,FF,10,00,0C,53,
70078728,00000100,false,Rx,0,8,71,00,00,00,10,00,07,3A,
70078730,00000120,false,Rx,0,8,04,00,00,00,F0,00,45,9F,
70079724,00000110,false,Rx,0,8,62,00,00,00,30,00,1C,59,
70079725,00000130,false,Rx,0,8,F8,FF,FF,FF,20,00,18,53,
70080731,00000100,false,Rx,0,8,5A,00,00,00,20,00,15,21,
70080732,00000120,false,Rx,0,8,20,00,00,00,00,00,07,7B,
70081874,00000110,false,Rx,0,8,62,00,00,00,40,00,39,99,
70081875,00000130,false,Rx,0,8,F8,FF,FF,FF,30,00,15,93,
70082876,00000100,false,Rx,0,8,5A,00,00,00,30,00,18,E1,
70082877,00000140,false,Rx,0,8,01,00,FF,FF,20,00,18,2E,
70082878,00000120,false,Rx,0,8,20,00,00,00,10,00,0A,BB,
70083855,00000110,false,Rx,0,8,90,00,00,00,50,00,21,4B,
70083856,00000130,false,Rx,0,8,F8,FF,FF,FF,40,00,30,53,
70084862,00000100,false,Rx,0,8,43,00,00,00,40,00,3F,28,
70084863,00000120,false,Rx,0,8,04,00,00,00,20,00,18,5F,
70086002,00000110,false,Rx,0,8,90,00,00,00,60,00,35,4B,
70086003,00000130,false,Rx,0,8,18,00,00,00,50,00,3F,C3,
70087002,00000100,false,Rx,0,8,5A,00,00,00,50,00,30,E1,
70087003,00000120,false,Rx,0,8,04,00,00,00,30,00,15,9F,
70087004,00000110,false,Rx,0,8,A7,00,00,00,70,00,3C,CC,
70088103,00000050,false,Rx,0,6,41,5C,FF,FB,5F,FF,00,00,
70088105,00000130,false,Rx,0,8,D8,34,03,00,63,80,8A,13,
70088105,00000100,false,Rx,0,8,5A,00,00,00,60,00,24,E1,
70089735,00000120,false,Rx,0,8,04,00,00,00,40,00,30,5F,
70089736,00000110,false,Rx,0,8,A7,00,00,00,80,00,78,CC,
70090877,00000130,false,Rx,0,8,18,00,00,00,70,00,26,03,
70090878,00000100,false,Rx,0,8,71,00,00,00,70,00,2F,3A,
70091882,00000120,false,Rx,0,8,04,00,00,00,50,00,3D,9F,
70091884,00000110,false,Rx,0,8,4B,00,00,00,90,00,63,A0,
70092854,00000130,false,Rx,0,8,F8,FF,FF,FF,80,00,60,53,
70092855,00000100,false,Rx,0,8,9F,00,00,00,80,00,7C,74,
70093849,00000120,false,Rx,0,8,CB,FF,FF,FF,60,00,2C,50,
70093850,00000110,false,Rx,0,8,4B,00,00,00,A0,00,77,A0,
70094950,00000130,false,Rx,0,8,D9,FF,FF,FF,90,00,6B,22,
70094952,00000100,false,Rx,0,8,9F,00,00,00,90,00,71,B4,
70095952,00000120,false,Rx,0,8,CB,FF,FF,FF,70,00,21,90,
70095953,00000110,false,Rx,0,8,4B,00,00,00,B0,00,7A,60,
70096977,00000130,false,Rx,0,8,F8,FF,FF,FF,A0,00,79,93,
70096978,00000100,false,Rx,0,8,71,00,00,00,A0,00,72,FA,
70097964,00000120,false,Rx,0,8,E7,FF,FF,FF,80,00,62,3C,
70097965,00000110,false,Rx,0,8,4B,00,00,00,C0,00,5F,A0,
70099112,00000130,false,Rx,0,8,18,00,00,00,B0,00,76,03,
70099113,00000100,false,Rx,0,8,71,00,00,00,B0,00,7F,3A,
70100126,00000120,false,Rx,0,8,E7,FF,FF,FF,90,00,6F,FC,
70100128,00000110,false,Rx,0,8,62,00,00,00,D0,00,55,99,
70101129,00000130,false,Rx,0,8,F8,FF,FF,FF,C0,00,51,93,
70101130,00000100,false,Rx,0,8,71,00,00,00,C0,00,5A,FA,
70102107,00000120,false,Rx,0,8,04,00,00,00,A0,00,79,9F,
70102108,00000110,false,Rx,0,8,62,00,00,00,E0,00,41,99,
70103103,00000130,false,Rx,0,8,18,00,00,00,D0,00,5E,03,
70103105,00000100,false,Rx,0,8,2C,00,00,00,D0,00,5A,77,
70103105,00000140,false,Rx,0,8,01,00,FF,FF,30,00,15,EE,
70104253,00000120,false,Rx,0,8,04,00,00,00,B0,00,74,5F,
70104254,00000110,false,Rx,0,8,90,00,00,00,F0,00,59,4B,
70105227,00000130,false,Rx,0,8,18,00,00,00,E0,00,4A,03,
70105229,00000100,false,Rx,0,8,5A,00,00,00,E0,00,45,21,
70106235,00000120,false,Rx,0,8,20,00,00,00,C0,00,57,7B,
70106236,00000110,false,Rx,0,8,90,00,00,00,00,00,1D,4B,
70107229,00000130,false,Rx,0,8,F8,FF,FF,FF,F0,00,45,93,
70107231,00000100,false,Rx,0,8,71,00,00,00,F0,00,4E,FA,
70107231,00000120,false,Rx,0,8,20,00,00,00,D0,00,5A,BB,
70108476,00000110,false,Rx,0,8,62,00,00,00,10,00,05,99,
70108477,00000050,false,Rx,0,6,41,5C,FF,FB,5F,FF,00,00,
70108477,00000130,false,Rx,0,8,EB,95,FF,FF,03,80,1A,69,
70109599,00000100,false,Rx,0,8,5A,00,00,00,00,00,0C,E1,
70109600,00000120,false,Rx,0,8,04,00,00,00,E0,00,48,5F,
70110597,00000110,false,Rx,0,8,62,00,00,00,20,00,11,99,
70110599,00000130,false,Rx,0,8,95,00,00,00,10,00,10,DE,
70111635,00000100,false,Rx,0,8,88,00,00,00,10,00,13,53,
70111636,00000120,false,Rx,0,8,04,00,00,00,F0,00,45,9F,
70112610,00000110,false,Rx,0,8,4B,00,00,00,30,00,1B,A0,
70112611,00000170,false,Rx,0,8,00,00,00,56,50,81,05,B9,
70112612,00000130,false,Rx,0,8,F8,FF,FF,FF,20,00,18,53,
70113720,00000100,false,Rx,0,8,9F,00,00,00,20,00,04,74,
70113722,00000120,false,Rx,0,8,E7,FF,FF,FF,00,00,03,FC,
70114721,00000110,false,Rx,0,8,4B,00,00,00,40,00,3E,60,
70114723,00000130,false,Rx,0,8,F8,FF,FF,FF,30,00,15,93,
70115728,00000100,false,Rx,0,8,88,00,00,00,30,00,0A,93,
70115729,00000120,false,Rx,0,8,E7,FF,FF,FF,10,00,0E,3C,
70116730,00000110,false,Rx,0,8,62,00,00,00,50,00,34,59,
70116731,00000130,false,Rx,0,8,D9,FF,FF,FF,40,00,36,E2,
70117726,00000100,false,Rx,0,8,71,00,00,00,40,00,3B,3A,
70117728,00000120,false,Rx,0,8,20,00,00,00,20,00,1E,BB,
70118877,00000110,false,Rx,0,8,62,00,00,00,60,00,20,59,
70118878,00000130,false,Rx,0,8,F8,FF,FF,FF,50,00,3D,93,
70119854,00000100,false,Rx,0,8,71,00,00,00,50,00,36,FA,
70119855,00000120,false,Rx,0,8,20,00,00,00,30,00,13,7B,
70120871,00000110,false,Rx,0,8,79,00,00,00,70,00,2E,72,
70120872,00000130,false,Rx,0,8,D9,FF,FF,FF,60,00,2F,22,
70122003,00000100,false,Rx,0,8,5A,00,00,00,60,00,24,E1,
70122004,00000120,false,Rx,0,8,20,00,00,00,40,00,36,BB,
70123006,00000110,false,Rx,0,8,79,00,00,00,80,00,6A,72,
70123007,00000130,false,Rx,0,8,F8,FF,FF,FF,70,00,24,53,
70123980,00000100,false,Rx,0,8,43,00,00,00,70,00,2B,28,
70123981,00000140,false,Rx,0,8,01,00,FF,FF,40,00,30,2E,
70123982,00000120,false,Rx,0,8,20,00,00,00,50,00,3B,7B,
70124985,00000110,false,Rx,0,8,90,00,00,00,90,00,71,4B,
70124987,00000130,false,Rx,0,8,D9,FF,FF,FF,80,00,66,E2,
70125978,00000100,false,Rx,0,8,5A,00,00,00,80,00,6D,21,
70125980,00000120,false,Rx,0,8,20,00,00,00,60,00,2F,7B,
70127127,00000110,false,Rx,0,8,90,00,00,00,A0,00,65,4B,
70127129,00000130,false,Rx,0,8,D9,FF,FF,FF,90,00,6B,22,
70128110,00000100,false,Rx,0,8,71,00,00,00,90,00,66,FA,
70128111,00000120,false,Rx,0,8,20,00,00,00,70,00,22,BB,
70128112,00000110,false,Rx,0,8,4B,00,00,00,B0,00,7A,60,
70129230,00000050,false,Rx,0,6,41,5C,FF,FB,5F,FF,00,00,
70129232,00000130,false,Rx,0,8,2C,BA,F5,FF,A3,80,A4,C0,
70129232,00000100,false,Rx,0,8,5A,00,00,00,A0,00,74,E1,
70130855,00000120,false,Rx,0,8,E7,FF,FF,FF,80,00,62,3C,
70130856,00000110,false,Rx,0,8,4B,00,00,00,C0,00,5F,A0,
70132004,00000130,false,Rx,0,8,95,00,00,00,B0,00,68,DE,
70132005,00000100,false,Rx,0,8,88,00,00,00,B0,00,6B,53,
70132981,00000120,false,Rx,0,8,E7,FF,FF,FF,90,00,6F,FC,
70132982,00000110,false,Rx,0,8,34,00,00,00,D0,00,59,AF,
70133980,00000130,false,Rx,0,8,D9,FF,FF,FF,C0,00,57,22,
70133981,00000100,false,Rx,0,8,9F,00,00,00,C0,00,4D,B4,
70135126,00000120,false,Rx,0,8,E7,FF,FF,FF,A0,00,7B,FC,
70135127,00000110,false,Rx,0,8,34,00,00,00,E0,00,4D,AF,
70136127,00000130,false,Rx,0,8,D9,FF,FF,FF,D0,00,5A,E2,
70136129,00000100,false,Rx,0,8,88,00,00,00,D0,00,43,53,
70137131,00000120,false,Rx,0,8,E7,FF,FF,FF,B0,00,76,3C,
70137133,00000110,false,Rx,0,8,4B,00,00,00,F0,00,4B,A0,
70138102,00000130,false,Rx,0,8,D9,FF,FF,FF,E0,00,4E,E2,
70138103,00000100,false,Rx,0,8,71,00,00,00,E0,00,43,3A,
70139095,00000120,false,Rx,0,8,04,00,00,00,C0,00,51,9F,
70139096,00000110,false,Rx,0,8,4B,00,00,00,00,00,0F,A0,
70140222,00000130,false,Rx,0,8,37,00,00,00,F0,00,40,5C,
70140223,00000100,false,Rx,0,8,5A,00,00,00,F0,00,48,E1,
70141228,00000120,false,Rx,0,8,04,00,00,00,D0,00,5C,5F,
70141229,00000110,false,Rx,0,8,79,00,00,00,10,00,06,72,
70142222,00000130,false,Rx,0,8,18,00,00,00,00,00,03,C3,
70142223,00000100,false,Rx,0,8,5A,00,00,00,00,00,0C,E1,
70143238,00000120,false,Rx,0,8,3D,00,00,00,E0,00,4D,36,
70143239,00000110,false,Rx,0,8,79,00,00,00,20,00,12,72,
70144221,00000130,false,Rx,0,8,18,00,00,00,10,00,0E,03,
70144223,00000100,false,Rx,0,8,43,00,00,00,10,00,03,28,
70144224,00000140,false,Rx,0,8,01,00,FF,FF,50,00,3D,EE,
70145380,00000120,false,Rx,0,8,3D,00,00,00,F0,00,40,F6,
70145381,00000110,false,Rx,0,8,90,00,00,00,30,00,09,4B,
70146385,00000130,false,Rx,0,8,D9,FF,FF,FF,20,00,1E,E2,
70146386,00000100,false,Rx,0,8,5A,00,00,00,20,00,15,21,
70147366,00000120,false,Rx,0,8,E7,FF,FF,FF,00,00,03,FC,
70147367,00000110,false,Rx,0,8,90,00,00,00,40,00,2C,8B,
70148346,00000130,false,Rx,0,8,D9,FF,FF,FF,30,00,13,22,
70148348,00000100,false,Rx,0,8,5A,00,00,00,30,00,18,E1,
70148348,00000120,false,Rx,0,8,E7,FF,FF,FF,10,00,0E,3C,
70149616,00000110,false,Rx,0,8,90,00,00,00,50,00,21,4B,
70149617,00000050,false,Rx,0,6,41,5C,FF,FB,5F,FF,00,00,
70149618,00000130,false,Rx,0,8,6C,21,00,00,43,80,85,E0,
70150613,00000100,false,Rx,0,8,71,00,00,00,40,00,3B,3A,
70150614,00000120,false,Rx,0,8,04,00,00,00,20,00,18,5F,
70151755,00000110,false,Rx,0,8,90,00,00,00,60,00,35,4B,
70151756,00000130,false,Rx,0,8,D9,FF,FF,FF,50,00,3B,22,
70152746,00000100,false,Rx,0,8,9F,00,00,00,50,00,21,B4,
70152747,00000120,false,Rx,0,8,04,00,00,00,30,00,15,9F,
70153881,00000110,false,Rx,0,8,1D,00,00,00,70,00,26,56,
70153882,00000130,false,Rx,0,8,18,00,00,00,60,00,2B,C3,
70154880,00000100,false,Rx,0,8,9F,00,00,00,60,00,35,B4,
70154881,00000120,false,Rx,0,8,04,00,00,00,40,00,30,5F,
70155878,00000110,false,Rx,0,8,1D,00,00,00,80,00,62,56,
70155879,00000130,false,Rx,0,8,18,00,00,00,70,00,26,03,
70156860,00000100,false,Rx,0,8,71,00,00,00,70,00,2F,3A,
70156861,00000120,false,Rx,0,8,04,00,00,00,50,00,3D,9F,
70157880,00000110,false,Rx,0,8,62,00,00,00,90,00,64,59,
70157882,00000130,false,Rx,0,8,18,00,00,00,80,00,62,03,
70159012,00000100,false,Rx,0,8,71,00,00,00,80,00,6B,3A,
70159013,00000120,false,Rx,0,8,E7,FF,FF,FF,60,00,2B,FC,
70160002,00000110,false,Rx,0,8,62,00,00,00,A0,00,70,59,
70160004,00000130,false,Rx,0,8,18,00,00,00,90,00,6F,C3,
70160977,00000100,false,Rx,0,8,5A,00,00,00,90,00,60,E1,
70160979,00000120,false,Rx,0,8,E7,FF,FF,FF,70,00,26,3C,
70161972,00000110,false,Rx,0,8,79,00,00,00,B0,00,7E,72,
70161974,00000130,false,Rx,0,8,F8,FF,FF,FF,A0,00,79,93,
70162977,00000100,false,Rx,0,8,43,00,00,00,A0,00,76,E8,
70162978,00000120,false,Rx,0,8,3D,00,00,00,80,00,65,36,
70164097,00000110,false,Rx,0,8,79,00,00,00,C0,00,5B,B2,
70164098,00000130,false,Rx,0,8,37,00,00,00,B0,00,71,9C,
70165106,00000100,false,Rx,0,8,43,00,00,00,B0,00,7B,28,
70165107,00000140,false,Rx,0,8,01,00,FF,FF,60,00,29,EE,
70165108,00000120,false,Rx,0,8,3D,00,00,00,90,00,68,F6,
70166117,00000110,false,Rx,0,8,79,00,00,00,D0,00,56,72,
70166118,00000130,false,Rx,0,8,D9,FF,FF,FF,C0,00,57,22,
70167102,00000100,false,Rx,0,8,5A,00,00,00,C0,00,5C,E1,
70167104,00000120,false,Rx,0,8,04,00,00,00,A0,00,79,9F,
70168252,00000110,false,Rx,0,8,79,00,00,00,E0,00,42,72,
70168253,00000130,false,Rx,0,8,37,00,00,00,D0,00,59,9C,
70168253,00000100,false,Rx,0,8,5A,00,00,00,D0,00,51,21,
70170007,00000120,false,Rx,0,8,04,00,00,00,B0,00,74,5F,
70170008,00000110,false,Rx,0,8,A7,00,00,00,F0,00,5D,0C,
70170009,00000050,false,Rx,0,6,41,5C,FF,FB,5F,FF,00,00,
70170979,00000130,false,Rx,0,8,B8,34,03,00,E3,80,E2,73,
70170980,00000100,false,Rx,0,8,71,00,00,00,E0,00,43,3A,
70171998,00000120,false,Rx,0,8,CB,FF,FF,FF,C0,00,54,50,
70171999,00000110,false,Rx,0,8,A7,00,00,00,00,00,19,0C,
70173128,00000130,false,Rx,0,8,D9,FF,FF,FF,F0,00,43,22,
70173130,00000100,false,Rx,0,8,9F,00,00,00,F0,00,59,B4,
70174105,00000120,false,Rx,0,8,CB,FF,FF,FF,D0,00,59,90,
70174106,00000110,false,Rx,0,8,1D,00,00,00,10,00,0E,56,
70175097,00000130,false,Rx,0,8,18,00,00,00,00,00,03,C3,
70175098,00000100,false,Rx,0,8,88,00,00,00,00,00,1E,93,
70176228,00000120,false,Rx,0,8,E7,FF,FF,FF,E0,00,4A,3C,
70176229,00000110,false,Rx,0,8,1D,00,00,00,20,00,1A,56,
70177219,00000130,false,Rx,0,8,37,00,00,00,10,00,09,9C,
70177220,00000100,false,Rx,0,8,71,00,00,00,10,00,07,3A,
70178228,00000120,false,Rx,0,8,E7,FF,FF,FF,F0,00,47,FC,
70178229,00000110,false,Rx,0,8,62,00,00,00,30,00,1C,59,
70179229,00000130,false,Rx,0,8,D9,FF,FF,FF,20,00,1E,E2,
70179231,00000100,false,Rx,0,8,71,00,00,00,20,00,13,3A,
70180376,00000120,false,Rx,0,8,04,00,00,00,00,00,01,9F,
70180377,00000110,false,Rx,0,8,62,00,00,00,40,00,39,99,
70181381,00000130,false,Rx,0,8,F8,FF,FF,FF,30,00,15,93,
70181382,00000100,false,Rx,0,8,5A,00,00,00,30,00,18,E1,
70182351,00000120,false,Rx,0,8,04,00,00,00,10,00,0C,5F,
70182352,00000110,false,Rx,0,8,79,00,00,00,50,00,37,B2,
70183353,00000130,false,Rx,0,8,F8,FF,FF,FF,40,00,30,53,
70183355,00000100,false,Rx,0,8,43,00,00,00,40,00,3F,28,
70184352,00000120,false,Rx,0,8,20,00,00,00,20,00,1E,BB,
70184353,00000110,false,Rx,0,8,79,00,00,00,60,00,23,B2,
70185352,00000130,false,Rx,0,8,18,00,00,00,50,00,3F,C3,
70185353,00000100,false,Rx,0,8,43,00,00,00,50,00,32,E8,
70185354,00000140,false,Rx,0,8,01,00,FF,FF,70,00,24,2E,
70186502,00000120,false,Rx,0,8,20,00,00,00,30,00,13,7B,
70186503,00000110,false,Rx,0,8,79,00,00,00,70,00,2E,72,
70187448,00000130,false,Rx,0,8,F8,FF,FF,FF,60,00,29,93,
70187449,00000100,false,Rx,0,8,5A,00,00,00,60,00,24,E1,
70188448,00000120,false,Rx,0,8,04,00,00,00,40,00,30,5F,
70188449,00000110,false,Rx,0,8,79,00,00,00,80,00,6A,72,
70189471,00000130,false,Rx,0,8,18,00,00,00,70,00,26,03,
70189472,00000100,false,Rx,0,8,5A,00,00,00,70,00,29,21,
70189473,00000120,false,Rx,0,8,04,00,00,00,50,00,3D,9F,
70190727,00000110,false,Rx,0,8,62,00,00,00,90,00,64,59,
70190728,00000050,false,Rx,0,6,41,5C,FF,FB,5F,FF,00,00,
70190728,00000130,false,Rx,0,8,EB,95,FF,FF,83,80,7B,A9,
70191727,00000100,false,Rx,0,8,71,00,00,00,80,00,6B,3A,
70191728,00000120,false,Rx,0,8,E7,FF,FF,FF,60,00,2B,FC,
70192876,00000110,false,Rx,0,8,62,00,00,00,A0,00,70,59,
70192877,00000130,false,Rx,0,8,B5,00,00,00,90,00,76,7E,
70193871,00000100,false,Rx,0,8,B6,00,00,00,90,00,76,4D,
70193873,00000120,false,Rx,0,8,E7,FF,FF,FF,70,00,26,3C,
70195000,00000110,false,Rx,0,8,34,00,00,00,B0,00,71,AF,
70195002,00000130,false,Rx,0,8,F8,FF,FF,FF,A0,00,79,93,
70196004,00000100,false,Rx,0,8,88,00,00,00,A0,00,66,93,
70196006,00000120,false,Rx,0,8,E7,FF,FF,FF,80,00,62,3C,
70197002,00000110,false,Rx,0,8,34,00,00,00,C0,00,54,6F,
70197003,00000130,false,Rx,0,8,D9,FF,FF,FF,B0,00,72,E2,
70197981,00000100,false,Rx,0,8,71,00,00,00,B0,00,7F,3A,
70197982,00000120,false,Rx,0,8,E7,FF,FF,FF,90,00,6F,FC,
70198978,00000110,false,Rx,0,8,62,00,00,00,D0,00,55,99,
70198980,00000130,false,Rx,0,8,F8,FF,FF,FF,C0,00,51,93,
70200097,00000100,false,Rx,0,8,71,00,00,00,C0,00,5A,FA,
70200099,00000120,false,Rx,0,8,04,00,00,00,A0,00,79,9F,
70201095,00000110,false,Rx,0,8,62,00,00,00,E0,00,41,99,
70201096,00000130,false,Rx,0,8,18,00,00,00,D0,00,5E,03,
70202101,00000100,false,Rx,0,8,71,00,00,00,D0,00,57,3A,
70202103,00000120,false,Rx,0,8,04,00,00,00,B0,00,74,5F,
70203115,00000110,false,Rx,0,8,A7,00,00,00,F0,00,5D,0C,
70203116,00000130,false,Rx,0,8,D9,FF,FF,FF,E0,00,4E,E2,
70204099,00000100,false,Rx,0,8,2C,00,00,00,E0,00,4E,77,
70204101,00000120,false,Rx,0,8,3D,00,00,00,C0,00,54,F6,
70205229,00000110,false,Rx,0,8,A7,00,00,00,00,00,19,0C,
70205230,00000130,false,Rx,0,8,D9,FF,FF,FF,F0,00,43,22,
70206227,00000100,false,Rx,0,8,5A,00,00,00,F0,00,48,E1,
70206228,00000140,false,Rx,0,8,01,00,FF,FF,80,00,60,2E,
70206229,00000120,false,Rx,0,8,3D,00,00,00,D0,00,59,36,
70207225,00000110,false,Rx,0,8,62,00,00,00,10,00,05,99,
70207226,00000130,false,Rx,0,8,D9,FF,FF,FF,00,00,07,22,
70208221,00000100,false,Rx,0,8,71,00,00,00,00,00,0A,FA,
70208222,00000120,false,Rx,0,8,04,00,00,00,E0,00,48,5F,
70209377,00000110,false,Rx,0,8,62,00,00,00,20,00,11,99,
70209379,00000130,false,Rx,0,8,18,00,00,00,10,00,0E,03,
70210357,00000100,false,Rx,0,8,71,00,00,00,10,00,07,3A,
70210358,00000120,false,Rx,0,8,04,00,00,00,F0,00,45,9F,
70210359,00000110,false,Rx,0,8,4B,00,00,00,30,00,1B,A0,
70211452,00000050,false,Rx,0,6,41,5C,FF,FB,5F,FF,00,00,
70211453,00000130,false,Rx,0,8,4C,BA,F5,FF,23,80,CC,A0,
70211454,00000100,false,Rx,0,8,88,00,00,00,20,00,07,53,
70213080,00000120,false,Rx,0,8,CB,FF,FF,FF,00,00,04,50,
70213081,00000110,false,Rx,0,8,4B,00,00,00,40,00,3E,60,
70214201,00000130,false,Rx,0,8,B5,00,00,00,30,00,0E,7E,
70214202,00000100,false,Rx,0,8,9F,00,00,00,30,00,09,B4,
70215210,00000120,false,Rx,0,8,CB,FF,FF,FF,10,00,09,90,
70215211,00000110,false,Rx,0,8,4B,00,00,00,50,00,33,A0,
70215212,00000170,false,Rx,0,8,00,00,00,57,50,81,05,24,
70216210,00000130,false,Rx,0,8,18,00,00,00,40,00,32,03,
70216211,00000100,false,Rx,0,8,71,00,00,00,40,00,3B,3A,
70217356,00000120,false,Rx,0,8,04,00,00,00,20,00,18,5F,
70217357,00000110,false,Rx,0,8,4B,00,00,00,60,00,27,A0,
70218356,00000130,false,Rx,0,8,F8,FF,FF,FF,50,00,3D,93,
70218357,00000100,false,Rx,0,8,71,00,00,00,50,00,36,FA,
70219337,00000120,false,Rx,0,8,04,00,00,00,30,00,15,9F,
70219338,00000110,false,Rx,0,8,62,00,00,00,70,00,2D,99,
70220335,00000130,false,Rx,0,8,D9,FF,FF,FF,60,00,2F,22,
70220336,00000100,false,Rx,0,8,71,00,00,00,60,00,22,FA,
70221482,00000120,false,Rx,0,8,04,00,00,00,40,00,30,5F,
70221483,00000110,false,Rx,0,8,62,00,00,00,80,00,69,99,
70222456,00000130,false,Rx,0,8,F8,FF,FF,FF,70,00,24,53,
70222456,00000100,false,Rx,0,8,5A,00,00,00,70,00,29,21,
70223444,00000120,false,Rx,0,8,04,00,00,00,50,00,3D,9F,
70223444,00000110,false,Rx,0,8,90,00,00,00,90,00,71,4B,
70224455,00000130,false,Rx,0,8,37,00,00,00,80,00,65,9C,
70224456,00000100,false,Rx,0,8,43,00,00,00,80,00,6F,28,
70225453,00000120,false,Rx,0,8,04,00,00,00,60,00,29,9F,
70225454,00000110,false,Rx,0,8,90,00,00,00,A0,00,65,4B,
70226580,00000130,false,Rx,0,8,D9,FF,FF,FF,90,00,6B,22,
70226580,00000100,false,Rx,0,8,5A,00,00,00,90,00,60,E1,
70226581,00000140,false,Rx,0,8,01,00,FF,FF,90,00,6D,EE,
70227580,00000120,false,Rx,0,8,04,00,00,00,70,00,24,5F,
70227581,00000110,false,Rx,0,8,62,00,00,00,B0,00,7D,99,
70228579,00000130,false,Rx,0,8,F8,FF,FF,FF,A0,00,79,93,
70228580,00000100,false,Rx,0,8,5A,00,00,00,A0,00,74,E1,
70229578,00000120,false,Rx,0,8,04,00,00,00,80,00,60,5F,
70229579,00000110,false,Rx,0,8,62,00,00,00,C0,00,58,59,
70230585,00000130,false,Rx,0,8,18,00,00,00,B0,00,76,03,
70230586,00000100,false,Rx,0,8,71,00,00,00,B0,00,7F,3A,
70230587,00000120,false,Rx,0,8,04,00,00,00,90,00,6D,9F,
70231828,00000110,false,Rx,0,8,62,00,00,00,D0,00,55,99,
70231829,00000050,false,Rx,0,6,41,5C,FF,FB,5F,FF,00,00,
70231830,00000130,false,Rx,0,8,4D,21,00,00,C3,80,E2,91,
70232829,00000100,false,Rx,0,8,88,00,00,00,C0,00,4E,93,
70232830,00000120,false,Rx,0,8,AE,FF,FF,FF,A0,00,75,A5,
70233954,00000110,false,Rx,0,8,62,00,00,00,E0,00,41,99,
70233955,00000130,false,Rx,0,8,D9,FF,FF,FF,D0,00,5A,E2,
70234954,00000100,false,Rx,0,8,88,00,00,00,D0,00,43,53,
70234955,00000120,false,Rx,0,8,AE,FF,FF,FF,B0,00,78,65,
70236079,00000110,false,Rx,0,8,62,00,00,00,F0,00,4C,59,
70236080,00000130,false,Rx,0,8,F8,FF,FF,FF,E0,00,48,53,
70237077,00000100,false,Rx,0,8,88,00,00,00,E0,00,57,53,
70237078,00000120,false,Rx,0,8,04,00,00,00,C0,00,51,9F,
70238078,00000110,false,Rx,0,8,62,00,00,00,00,00,08,59,
70238079,00000130,false,Rx,0,8,18,00,00,00,F0,00,47,C3,
70239080,00000100,false,Rx,0,8,71,00,00,00,F0,00,4E,FA,
70239081,00000120,false,Rx,0,8,04,00,00,00,D0,00,5C,5F,
70240202,00000110,false,Rx,0,8,62,00,00,00,10,00,05,99,
70240203,00000130,false,Rx,0,8,18,00,00,00,00,00,03,C3,
70241204,00000100,false,Rx,0,8,71,00,00,00,00,00,0A,FA,
70241205,00000120,false,Rx,0,8,04,00,00,00,E0,00,48,5F,
70242204,00000110,false,Rx,0,8,62,00,00,00,20,00,11,99,
70242205,00000130,false,Rx,0,8,F8,FF,FF,FF,10,00,0C,53,
70243204,00000100,false,Rx,0,8,43,00,00,00,10,00,03,28,
70243205,00000120,false,Rx,0,8,04,00,00,00,F0,00,45,9F,
70244203,00000110,false,Rx,0,8,90,00,00,00,30,00,09,4B,
70244204,00000130,false,Rx,0,8,37,00,00,00,20,00,1D,9C,
70245329,00000100,false,Rx,0,8,43,00,00,00,20,00,17,28,
70245330,00000120,false,Rx,0,8,04,00,00,00,00,00,01,9F,
70246328,00000110,false,Rx,0,8,90,00,00,00,40,00,2C,8B,
70246329,00000130,false,Rx,0,8,F8,FF,FF,FF,30,00,15,93,
70247329,00000100,false,Rx,0,8,5A,00,00,00,30,00,18,E1,
70247330,00000140,false,Rx,0,8,01,00,FF,FF,A0,00,79,EE,
70247331,00000120,false,Rx,0,8,04,00,00,00,10,00,0C,5F,
70248454,00000110,false,Rx,0,8,62,00,00,00,50,00,34,59,
70248454,00000130,false,Rx,0,8,18,00,00,00,40,00,32,03,
70249454,00000100,false,Rx,0,8,5A,00,00,00,40,00,3D,21,
70249455,00000120,false,Rx,0,8,04,00,00,00,20,00,18,5F,
70250452,00000110,false,Rx,0,8,62,00,00,00,60,00,20,59,
70250453,00000130,false,Rx,0,8,18,00,00,00,50,00,3F,C3,
70250454,00000100,false,Rx,0,8,71,00,00,00,50,00,36,FA,
70252204,00000120,false,Rx,0,8,04,00,00,00,30,00,15,9F,
70252205,00000110,false,Rx,0,8,79,00,00,00,70,00,2E,72,
70252206,00000050,false,Rx,0,6,41,5C,FF,FB,5F,FF,00,00,
70253203,00000130,false,Rx,0,8,F8,34,03,00,63,80,8D,73,
70253203,00000100,false,Rx,0,8,9F,00,00,00,60,00,35,B4,
70254203,00000120,false,Rx,0,8,AE,FF,FF,FF,40,00,3C,65,
70254204,00000110,false,Rx,0,8,79,00,00,00,80,00,6A,72,
70255326,00000130,false,Rx,0,8,18,00,00,00,70,00,26,03,
70255327,00000100,false,Rx,0,8,88,00,00,00,70,00,3B,53,
70256329,00000120,false,Rx,0,8,AE,FF,FF,FF,50,00,31,A5,
70256329,00000110,false,Rx,0,8,62,00,00,00,90,00,64,59,
70257327,00000130,false,Rx,0,8,18,00,00,00,80,00,62,03,
70257328,00000100,false,Rx,0,8,88,00,00,00,80,00,7F,53,
70258452,00000120,false,Rx,0,8,04,00,00,00,60,00,29,9F,
70258452,00000110,false,Rx,0,8,62,00,00,00,A0,00,70,59,
70259453,00000130,false,Rx,0,8,F8,FF,FF,FF,90,00,6D,93,
70259454,00000100,false,Rx,0,8,5A,00,00,00,90,00,60,E1,
70260453,00000120,false,Rx,0,8,04,00,00,00,70,00,24,5F,
70260454,00000110,false,Rx,0,8,79,00,00,00,B0,00,7E,72,
70261454,00000130,false,Rx,0,8,18,00,00,00,A0,00,7B,C3,
70261454,00000100,false,Rx,0,8,5A,00,00,00,A0,00,74,E1,
70262452,00000120,false,Rx,0,8,3D,00,00,00,80,00,65,36,
70262453,00000110,false,Rx,0,8,79,00,00,00,C0,00,5B,B2,
70263578,00000130,false,Rx,0,8,D9,FF,FF,FF,B0,00,72,E2,
70263579,00000100,false,Rx,0,8,43,00,00,00,B0,00,7B,28,
70264577,00000120,false,Rx,0,8,3D,00,00,00,90,00,68,F6,
70264578,00000110,false,Rx,0,8,90,00,00,00,D0,00,40,8B,
70265565,00000130,false,Rx,0,8,D9,FF,FF,FF,C0,00,57,22,
70265566,00000100,false,Rx,0,8,71,00,00,00,C0,00,5A,FA,
70266703,00000120,false,Rx,0,8,20,00,00,00,A0,00,7F,7B,
70266703,00000110,false,Rx,0,8,90,00,00,00,E0,00,54,8B,
70267706,00000130,false,Rx,0,8,18,00,00,00,D0,00,5E,03,
70267707,00000100,false,Rx,0,8,5A,00,00,00,D0,00,51,21,
70267708,00000140,false,Rx,0,8,01,00,FF,FF,B0,00,74,2E,
70268704,00000120,false,Rx,0,8,20,00,00,00,B0,00,72,BB,
70268706,00000110,false,Rx,0,8,79,00,00,00,F0,00,4F,B2,
70269704,00000130,false,Rx,0,8,D9,FF,FF,FF,E0,00,4E,E2,
70269704,00000100,false,Rx,0,8,71,00,00,00,E0,00,43,3A,
70270704,00000120,false,Rx,0,8,E7,FF,FF,FF,C0,00,53,FC,
70270706,00000110,false,Rx,0,8,79,00,00,00,00,00,0B,B2,
70271705,00000130,false,Rx,0,8,F8,FF,FF,FF,F0,00,45,93,
70271705,00000100,false,Rx,0,8,88,00,00,00,F0,00,5A,93,
70271706,00000120,false,Rx,0,8,E7,FF,FF,FF,D0,00,5E,3C,
70272954,00000110,false,Rx,0,8,34,00,00,00,10,00,09,AF,
70272955,00000050,false,Rx,0,6,41,5C,FF,FB,5F,FF,00,00,
70272956,00000130,false,Rx,0,8,EB,95,FF,FF,03,80,1A,69,
70274068,00000100,false,Rx,0,8,9F,00,00,00,00,00,1D,B4,
70274069,00000120,false,Rx,0,8,E7,FF,FF,FF,E0,00,4A,3C,
70275068,00000110,false,Rx,0,8,34,00,00,00,20,00,1D,AF,
70275069,00000130,false,Rx,0,8,95,00,00,00,10,00,10,DE,
70276081,00000100,false,Rx,0,8,88,00,00,00,10,00,13,53,
70276082,00000120,false,Rx,0,8,E7,FF,FF,FF,F0,00,47,FC,
70277204,00000110,false,Rx,0,8,62,00,00,00,30,00,1C,59,
70277204,00000130,false,Rx,0,8,18,00,00,00,20,00,1A,03,
70278188,00000100,false,Rx,0,8,71,00,00,00,20,00,13,3A,
70278188,00000120,false,Rx,0,8,04,00,00,00,00,00,01,9F,
70279188,00000110,false,Rx,0,8,62,00,00,00,40,00,39,99,
70279189,00000130,false,Rx,0,8,18,00,00,00,30,00,17,C3,
70280187,00000100,false,Rx,0,8,71,00,00,00,30,00,1E,FA,
70280188,00000120,false,Rx,0,8,04,00,00,00,10,00,0C,5F,
70281314,00000110,false,Rx,0,8,79,00,00,00,50,00,37,B2,
70281314,00000130,false,Rx,0,8,18,00,00,00,40,00,32,03,
70282313,00000100,false,Rx,0,8,5A,00,00,00,40,00,3D,21,
70282314,00000120,false,Rx,0,8,3D,00,00,00,20,00,1D,36,
70283312,00000110,false,Rx,0,8,79,00,00,00,60,00,23,B2,
70283313,00000130,false,Rx,0,8,F8,FF,FF,FF,50,00,3D,93,
70284312,00000100,false,Rx,0,8,2C,00,00,00,50,00,3B,B7,
70284313,00000120,false,Rx,0,8,3D,00,00,00,30,00,10,F6,
70285313,00000110,false,Rx,0,8,90,00,00,00,70,00,38,8B,
70285314,00000130,false,Rx,0,8,18,00,00,00,60,00,2B,C3,
70286440,00000100,false,Rx,0,8,5A,00,00,00,60,00,24,E1,
70286441,00000120,false,Rx,0,8,04,00,00,00,40,00,30,5F,
70287440,00000110,false,Rx,0,8,90,00,00,00,80,00,7C,8B,
70287441,00000130,false,Rx,0,8,18,00,00,00,70,00,26,03,
70288437,00000100,false,Rx,0,8,5A,00,00,00,70,00,29,21,
70288437,00000140,false,Rx,0,8,01,00,FF,FF,C0,00,51,EE,
70288438,00000120,false,Rx,0,8,04,00,00,00,50,00,3D,9F,
70289437,00000110,false,Rx,0,8,79,00,00,00,90,00,67,B2,
70289438,00000130,false,Rx,0,8,F8,FF,FF,FF,80,00,60,53,
70290566,00000100,false,Rx,0,8,71,00,00,00,80,00,6B,3A,
70290567,00000120,false,Rx,0,8,E7,FF,FF,FF,60,00,2B,FC,
70291562,00000110,false,Rx,0,8,79,00,00,00,A0,00,73,B2,
70291562,00000130,false,Rx,0,8,F8,FF,FF,FF,90,00,6D,93,
70292593,00000100,false,Rx,0,8,9F,00,00,00,90,00,71,B4,
70292594,00000120,false,Rx,0,8,E7,FF,FF,FF,70,00,26,3C,
70292595,00000110,false,Rx,0,8,1D,00,00,00,B0,00,76,56,
70293844,00000050,false,Rx,0,6,41,5C,FF,FB,5F,FF,00,00,
70293845,00000130,false,Rx,0,8,4C,BA,F5,FF,A3,80,AD,60,
70293846,00000100,false,Rx,0,8,9F,00,00,00,A0,00,65,B4,
70295341,00000120,false,Rx,0,8,CB,FF,FF,FF,80,00,65,90,
70295342,00000110,false,Rx,0,8,1D,00,00,00,C0,00,53,96,
70295343,00000210,false,Rx,0,8,75,69,00,05,06,5F,01,03,
70296467,00000130,false,Rx,0,8,76,00,00,00,B0,00,7E,8D,
70296468,00000100,false,Rx,0,8,88,00,00,00,B0,00,6B,53,
70297463,00000120,false,Rx,0,8,CB,FF,FF,FF,90,00,68,50,
70297464,00000110,false,Rx,0,8,62,00,00,00,D0,00,55,99,
70298466,00000130,false,Rx,0,8,D9,FF,FF,FF,C0,00,57,22,
70298467,00000100,false,Rx,0,8,71,00,00,00,C0,00,5A,FA,
70299589,00000120,false,Rx,0,8,E7,FF,FF,FF,A0,00,7B,FC,
70299590,00000110,false,Rx,0,8,62,00,00,00,E0,00,41,99,
70300589,00000130,false,Rx,0,8,D9,FF,FF,FF,D0,00,5A,E2,
70300590,00000100,false,Rx,0,8,71,00,00,00,D0,00,57,3A,
70301590,00000120,false,Rx,0,8,E7,FF,FF,FF,B0,00,76,3C,
70301600,00000110,false,Rx,0,8,79,00,00,00,F0,00,4F,B2,
70302590,00000130,false,Rx,0,8,18,00,00,00,E0,00,4A,03,
70302591,00000100,false,Rx,0,8,43,00,00,00,E0,00,47,28,
70303713,00000120,false,Rx,0,8,3D,00,00,00,C0,00,54,F6,
70303715,00000110,false,Rx,0,8,79,00,00,00,00,00,0B,B2,
70304713,00000130,false,Rx,0,8,F8,FF,FF,FF,F0,00,45,93,
70304714,00000100,false,Rx,0,8,5A,00,00,00,F0,00,48,E1,
70305713,00000120,false,Rx,0,8,3D,00,00,00,D0,00,59,36,
70305715,00000110,false,Rx,0,8,62,00,00,00,10,00,05,99,
70306721,00000130,false,Rx,0,8,18,00,00,00,00,00,03,C3,
70306723,00000100,false,Rx,0,8,5A,00,00,00,00,00,0C,E1,
70307839,00000120,false,Rx,0,8,20,00,00,00,E0,00,4E,BB,
70307840,00000110,false,Rx,0,8,62,00,00,00,20,00,11,99,
70308822,00000130,false,Rx,0,8,18,00,00,00,10,00,0E,03,
70308823,00000100,false,Rx,0,8,5A,00,00,00,10,00,01,21,
70308824,00000140,false,Rx,0,8,01,00,FF,FF,D0,00,5C,2E,
70309838,00000120,false,Rx,0,8,20,00,00,00,F0,00,43,7B,
70309839,00000110,false,Rx,0,8,62,00,00,00,30,00,1C,59,
70310835,00000130,false,Rx,0,8,D9,FF,FF,FF,20,00,1E,E2,
70310836,00000100,false,Rx,0,8,88,00,00,00,20,00,07,53,
70311846,00000120,false,Rx,0,8,CB,FF,FF,FF,00,00,04,50,
70311848,00000110,false,Rx,0,8,62,00,00,00,40,00,39,99,
70312947,00000130,false,Rx,0,8,37,00,00,00,30,00,10,5C,
70312948,00000100,false,Rx,0,8,88,00,00,00,30,00,0A,93,
70312949,00000120,false,Rx,0,8,CB,FF,FF,FF,10,00,09,90,
70314078,00000110,false,Rx,0,8,4B,00,00,00,50,00,33,A0,
70314079,00000050,false,Rx,0,6,41,5C,FF,FB,5F,FF,00,00,
70314080,00000130,false,Rx,0,8,4D,21,00,00,43,80,83,51,
70315191,00000100,false,Rx,0,8,88,00,00,00,40,00,2F,53,
70315192,00000120,false,Rx,0,8,E7,FF,FF,FF,20,00,1A,3C,
70316190,00000110,false,Rx,0,8,4B,00,00,00,60,00,27,A0,
70316191,00000130,false,Rx,0,8,F8,FF,FF,FF,50,00,3D,93,
70317205,00000100,false,Rx,0,8,71,00,00,00,50,00,36,FA,
70317206,00000120,false,Rx,0,8,E7,FF,FF,FF,30,00,17,FC,
70318325,00000110,false,Rx,0,8,62,00,00,00,70,00,2D,99,
70318326,00000170,false,Rx,0,8,00,00,00,58,50,81,05,4C,
70318326,00000130,false,Rx,0,8,F8,FF,FF,FF,60,00,29,93,
70319328,00000100,false,Rx,0,8,71,00,00,00,60,00,22,FA,
70319329,00000120,false,Rx,0,8,04,00,00,00,40,00,30,5F,
70320327,00000110,false,Rx,0,8,62,00,00,00,80,00,69,99,
70320328,00000130,false,Rx,0,8,F8,FF,FF,FF,70,00,24,53,
70321453,00000100,false,Rx,0,8,5A,00,00,00,70,00,29,21,
70321453,00000120,false,Rx,0,8,04,00,00,00,50,00,3D,9F,
70322452,00000110,false,Rx,0,8,90,00,00,00,90,00,71,4B,
70322453,00000130,false,Rx,0,8,F8,FF,FF,FF,80,00,60,53,
70323452,00000100,false,Rx,0,8,43,00,00,00,80,00,6F,28,
70323453,00000120,false,Rx,0,8,20,00,00,00,60,00,2F,7B,
70324458,00000110,false,Rx,0,8,90,00,00,00,A0,00,65,4B,
70324459,00000130,false,Rx,0,8,D9,FF,FF,FF,90,00,6B,22,
70325464,00000100,false,Rx,0,8,5A,00,00,00,90,00,60,E1,
70325465,00000120,false,Rx,0,8,20,00,00,00,70,00,22,BB,
70326607,00000110,false,Rx,0,8,79,00,00,00,B0,00,7E,72,
70326608,00000130,false,Rx,0,8,F8,FF,FF,FF,A0,00,79,93,
70327607,00000100,false,Rx,0,8,5A,00,00,00,A0,00,74,E1,
70327609,00000120,false,Rx,0,8,20,00,00,00,80,00,66,BB,
70328601,00000110,false,Rx,0,8,79,00,00,00,C0,00,5B,B2,
70328602,00000130,false,Rx,0,8,D9,FF,FF,FF,B0,00,72,E2,
70329599,00000100,false,Rx,0,8,71,00,00,00,B0,00,7F,3A,
70329601,00000140,false,Rx,0,8,01,00,FF,FF,E0,00,48,2E,
70329601,00000120,false,Rx,0,8,20,00,00,00,90,00,6B,7B,
70330593,00000110,false,Rx,0,8,62,00,00,00,D0,00,55,99,
70330594,00000130,false,Rx,0,8,D9,FF,FF,FF,C0,00,57,22,
70331746,00000100,false,Rx,0,8,88,00,00,00,C0,00,4E,93,
70331747,00000120,false,Rx,0,8,CB,FF,FF,FF,A0,00,7C,50,
70332713,00000110,false,Rx,0,8,62,00,00,00,E0,00,41,99,
70332714,00000130,false,Rx,0,8,18,00,00,00,D0,00,5E,03,
70333719,00000100,false,Rx,0,8,9F,00,00,00,D0,00,40,74,
70333720,00000120,false,Rx,0,8,CB,FF,FF,FF,B0,00,71,90,
70333720,00000110,false,Rx,0,8,62,00,00,00,F0,00,4C,59,
70335003,00000050,false,Rx,0,6,41,5C,FF,FB,5F,FF,00,00,
70335004,00000130,false,Rx,0,8,99,34,03,00,E3,80,E4,C2,
70335005,00000100,false,Rx,0,8,88,00,00,00,E0,00,57,53,
70336601,00000120,false,Rx,0,8,04,00,00,00,C0,00,51,9F,
70336602,00000110,false,Rx,0,8,62,00,00,00,00,00,08,59,
70337600,00000130,false,Rx,0,8,F8,FF,FF,FF,F0,00,45,93,
70337601,00000100,false,Rx,0,8,71,00,00,00,F0,00,4E,FA,
70338600,00000120,false,Rx,0,8,04,00,00,00,D0,00,5C,5F,
70338601,00000110,false,Rx,0,8,4B,00,00,00,10,00,02,60,
70339598,00000130,false,Rx,0,8,D9,FF,FF,FF,00,00,07,22,
70339600,00000100,false,Rx,0,8,71,00,00,00,00,00,0A,FA,
70340724,00000120,false,Rx,0,8,20,00,00,00,E0,00,4E,BB,
70340725,00000110,false,Rx,0,8,4B,00,00,00,20,00,16,60,
70341747,00000130,false,Rx,0,8,F8,FF,FF,FF,10,00,0C,53,
70341748,00000100,false,Rx,0,8,5A,00,00,00,10,00,01,21,
70342723,00000120,false,Rx,0,8,20,00,00,00,F0,00,43,7B,
70342724,00000110,false,Rx,0,8,90,00,00,00,30,00,09,4B,
70343724,00000130,false,Rx,0,8,F8,FF,FF,FF,20,00,18,53,
70343725,00000100,false,Rx,0,8,2C,00,00,00,20,00,1E,77,
70344873,00000120,false,Rx,0,8,20,00,00,00,00,00,07,7B,
70344874,00000110,false,Rx,0,8,90,00,00,00,40,00,2C,8B,
70345836,00000130,false,Rx,0,8,18,00,00,00,30,00,17,C3,
70345838,00000100,false,Rx,0,8,43,00,00,00,30,00,1A,E8,
70346852,00000120,false,Rx,0,8,20,00,00,00,10,00,0A,BB,
70346853,00000110,false,Rx,0,8,79,00,00,00,50,00,37,B2,
70347840,00000130,false,Rx,0,8,B9,FF,FF,FF,40,00,3F,42,
70347841,00000100,false,Rx,0,8,5A,00,00,00,40,00,3D,21,
70348997,00000120,false,Rx,0,8,04,00,00,00,20,00,18,5F,
70348999,00000110,false,Rx,0,8,79,00,00,00,60,00,23,B2,
70349977,00000130,false,Rx,0,8,D9,FF,FF,FF,50,00,3B,22,
70349978,00000100,false,Rx,0,8,71,00,00,00,50,00,36,FA,
70349979,00000140,false,Rx,0,8,01,00,FF,FF,F0,00,45,EE,
70351026,00000120,false,Rx,0,8,04,00,00,00,30,00,15,9F,
70351027,00000110,false,Rx,0,8,62,00,00,00,70,00,2D,99,
70351974,00000130,false,Rx,0,8,B9,FF,FF,FF,60,00,26,82,
70351975,00000100,false,Rx,0,8,88,00,00,00,60,00,36,93,
70353185,00000120,false,Rx,0,8,CB,FF,FF,FF,40,00,35,90,
70353185,00000110,false,Rx,0,8,62,00,00,00,80,00,69,99,
70354099,00000130,false,Rx,0,8,18,00,00,00,70,00,26,03,
70354101,00000100,false,Rx,0,8,9F,00,00,00,70,00,38,74,
70354101,00000120,false,Rx,0,8,CB,FF,FF,FF,50,00,38,50,
70355222,00000110,false,Rx,0,8,4B,00,00,00,90,00,63,A0,
70355224,00000050,false,Rx,0,6,41,5C,FF,FB,5F,FF,00,00,
70355224,00000130,false,Rx,0,8,EB,95,FF,FF,83,80,7B,A9,
70356429,00000100,false,Rx,0,8,88,00,00,00,80,00,7F,53,
70356430,00000120,false,Rx,0,8,04,00,00,00,60,00,29,9F,
70357350,00000110,false,Rx,0,8,4B,00,00,00,A0,00,77,A0,
70357351,00000130,false,Rx,0,8,76,00,00,00,90,00,67,4D,
70358342,00000100,false,Rx,0,8,71,00,00,00,90,00,66,FA,
70358344,00000120,false,Rx,0,8,04,00,00,00,70,00,24,5F,
70359474,00000110,false,Rx,0,8,62,00,00,00,B0,00,7D,99,
70359475,00000130,false,Rx,0,8,F8,FF,FF,FF,A0,00,79,93,
70360497,00000100,false,Rx,0,8,5A,00,00,00,A0,00,74,E1,
70360499,00000120,false,Rx,0,8,20,00,00,00,80,00,66,BB,
70361475,00000110,false,Rx,0,8,62,00,00,00,C0,00,58,59,
70361477,00000130,false,Rx,0,8,B9,FF,FF,FF,B0,00,7B,42,
70362602,00000100,false,Rx,0,8,5A,00,00,00,B0,00,79,21,
70362603,00000120,false,Rx,0,8,20,00,00,00,90,00,6B,7B,
70363602,00000110,false,Rx,0,8,90,00,00,00,D0,00,40,8B,
70363603,00000130,false,Rx,0,8,F8,FF,FF,FF,C0,00,51,93,
70364598,00000100,false,Rx,0,8,43,00,00,00,C0,00,5E,E8,
70364600,00000120,false,Rx,0,8,20,00,00,00,A0,00,7F,7B,
70365605,00000110,false,Rx,0,8,90,00,00,00,E0,00,54,8B,
70365606,00000130,false,Rx,0,8,D9,FF,FF,FF,D0,00,5A,E2,
70366605,00000100,false,Rx,0,8,5A,00,00,00,D0,00,51,21,
70366606,00000120,false,Rx,0,8,20,00,00,00,B0,00,72,BB,
70367725,00000110,false,Rx,0,8,62,00,00,00,F0,00,4C,59,
70367726,00000130,false,Rx,0,8,F8,FF,FF,FF,E0,00,48,53,
70368751,00000100,false,Rx,0,8,5A,00,00,00,E0,00,45,21,
70368752,00000120,false,Rx,0,8,04,00,00,00,C0,00,51,9F,
70369749,00000110,false,Rx,0,8,62,00,00,00,00,00,08,59,
70369750,00000130,false,Rx,0,8,F8,FF,FF,FF,F0,00,45,93,
70370725,00000100,false,Rx,0,8,71,00,00,00,F0,00,4E,FA,
70370726,00000140,false,Rx,0,8,01,00,FF,FF,00,00,01,EE,
70370727,00000120,false,Rx,0,8,04,00,00,00,D0,00,5C,5F,
70371872,00000110,false,Rx,0,8,4B,00,00,00,10,00,02,60,
70371874,00000130,false,Rx,0,8,F8,FF,FF,FF,00,00,01,93,
70372872,00000100,false,Rx,0,8,88,00,00,00,00,00,1E,93,
70372873,00000120,false,Rx,0,8,CB,FF,FF,FF,E0,00,4D,90,
70373871,00000110,false,Rx,0,8,4B,00,00,00,20,00,16,60,
70373872,00000130,false,Rx,0,8,D9,FF,FF,FF,10,00,0A,E2,
70374851,00000100,false,Rx,0,8,9F,00,00,00,10,00,10,74,
70374852,00000120,false,Rx,0,8,CB,FF,FF,FF,F0,00,40,50,
70374853,00000110,false,Rx,0,8,4B,00,00,00,30,00,1B,A0,
70376122,00000050,false,Rx,0,6,41,5C,FF,FB,5F,FF,00,00,
70376123,00000130,false,Rx,0,8,6B,BA,F5,FF,23,80,CA,77,
70376124,00000100,false,Rx,0,8,71,00,00,00,20,00,13,3A,
70377748,00000120,false,Rx,0,8,E7,FF,FF,FF,00,00,03,FC,
70377749,00000110,false,Rx,0,8,4B,00,00,00,40,00,3E,60,
70378724,00000130,false,Rx,0,8,D5,00,00,00,30,00,07,DE,
70378725,00000100,false,Rx,0,8,71,00,00,00,30,00,1E,FA,
70379717,00000120,false,Rx,0,8,E7,FF,FF,FF,10,00,0E,3C,
70379719,00000110,false,Rx,0,8,62,00,00,00,50,00,34,59,
70380876,00000130,false,Rx,0,8,F8,FF,FF,FF,40,00,30,53,
70380877,00000100,false,Rx,0,8,71,00,00,00,40,00,3B,3A,
70381873,00000120,false,Rx,0,8,04,00,00,00,20,00,18,5F,
70381874,00000110,false,Rx,0,8,62,00,00,00,60,00,20,59,
70382850,00000130,false,Rx,0,8,18,00,00,00,50,00,3F,C3,
70382851,00000100,false,Rx,0,8,43,00,00,00,50,00,32,E8,
70383850,00000120,false,Rx,0,8,04,00,00,00,30,00,15,9F,
70383851,00000110,false,Rx,0,8,90,00,00,00,70,00,38,8B,
70384840,00000130,false,Rx,0,8,18,00,00,00,60,00,2B,C3,
70384842,00000100,false,Rx,0,8,5A,00,00,00,60,00,24,E1,
70385997,00000120,false,Rx,0,8,04,00,00,00,40,00,30,5F,
70385998,00000110,false,Rx,0,8,90,00,00,00,80,00,7C,8B,
70386976,00000130,false,Rx,0,8,D9,FF,FF,FF,70,00,22,E2,
70386977,00000100,false,Rx,0,8,5A,00,00,00,70,00,29,21,
70387981,00000120,false,Rx,0,8,04,00,00,00,50,00,3D,9F,
70387982,00000110,false,Rx,0,8,79,00,00,00,90,00,67,B2,
70388965,00000130,false,Rx,0,8,F8,FF,FF,FF,80,00,60,53,
70388966,00000100,false,Rx,0,8,5A,00,00,00,80,00,6D,21,
70390123,00000120,false,Rx,0,8,E7,FF,FF,FF,60,00,2B,FC,
70390124,00000110,false,Rx,0,8,79,00,00,00,A0,00,73,B2,
70391119,00000130,false,Rx,0,8,18,00,00,00,90,00,6F,C3,
70391120,00000100,false,Rx,0,8,71,00,00,00,90,00,66,FA,
70391121,00000140,false,Rx,0,8,01,00,FF,FF,10,00,0C,2E,
70392125,00000120,false,Rx,0,8,E7,FF,FF,FF,70,00,26,3C,
70392126,00000110,false,Rx,0,8,4B,00,00,00,B0,00,7A,60,
70393104,00000130,false,Rx,0,8,D9,FF,FF,FF,A0,00,7F,22,
70393105,00000100,false,Rx,0,8,9F,00,00,00,A0,00,65,B4,
70394247,00000120,false,Rx,0,8,CB,FF,FF,FF,80,00,65,90,
70394248,00000110,false,Rx,0,8,4B,00,00,00,C0,00,5F,A0,
70395245,00000130,false,Rx,0,8,18,00,00,00,B0,00,76,03,
70395247,00000100,false,Rx,0,8,9F,00,00,00,B0,00,68,74,
70395247,00000120,false,Rx,0,8,CB,FF,FF,FF,90,00,68,50,
70396345,00000110,false,Rx,0,8,79,00,00,00,D0,00,56,72,
70396346,00000050,false,Rx,0,6,41,5C,FF,FB,5F,FF,00,00,
70396346,00000130,false,Rx,0,8,6C,21,00,00,C3,80,E4,20,
70397496,00000100,false,Rx,0,8,71,00,00,00,C0,00,5A,FA,
70397497,00000120,false,Rx,0,8,E7,FF,FF,FF,A0,00,7B,FC,
70398476,00000110,false,Rx,0,8,79,00,00,00,E0,00,42,72,
70398477,00000130,false,Rx,0,8,F8,FF,FF,FF,D0,00,5C,53,
70399600,00000100,false,Rx,0,8,71,00,00,00,D0,00,57,3A,
70399602,00000120,false,Rx,0,8,E7,FF,FF,FF,B0,00,76,3C,
70400599,00000110,false,Rx,0,8,62,00,00,00,F0,00,4C,59,
70400600,00000130,false,Rx,0,8,D9,FF,FF,FF,E0,00,4E,E2,
70401591,00000100,false,Rx,0,8,71,00,00,00,E0,00,43,3A,
70401593,00000120,false,Rx,0,8,20,00,00,00,C0,00,57,7B,
70402590,00000110,false,Rx,0,8,62,00,00,00,00,00,08,59,
70402591,00000130,false,Rx,0,8,F8,FF,FF,FF,F0,00,45,93,
70403718,00000100,false,Rx,0,8,2C,00,00,00,F0,00,43,B7,
70403719,00000120,false,Rx,0,8,20,00,00,00,D0,00,5A,BB,
70404716,00000110,false,Rx,0,8,90,00,00,00,10,00,10,8B,
70404718,00000130,false,Rx,0,8,F8,FF,FF,FF,00,00,01,93,
70405749,00000100,false,Rx,0,8,5A,00,00,00,00,00,0C,E1,
70405750,00000120,false,Rx,0,8,E7,FF,FF,FF,E0,00,4A,3C,
70406724,00000110,false,Rx,0,8,90,00,00,00,20,00,04,8B,
70406726,00000130,false,Rx,0,8,37,00,00,00,10,00,09,9C,
70407874,00000100,false,Rx,0,8,5A,00,00,00,10,00,01,21,
70407875,00000120,false,Rx,0,8,E7,FF,FF,FF,F0,00,47,FC,
70408873,00000110,false,Rx,0,8,62,00,00,00,30,00,1C,59,
70408874,00000130,false,Rx,0,8,D9,FF,FF,FF,20,00,1E,E2,
70409872,00000100,false,Rx,0,8,5A,00,00,00,20,00,15,21,
70409873,00000120,false,Rx,0,8,04,00,00,00,00,00,01,9F,
70410851,00000110,false,Rx,0,8,62,00,00,00,40,00,39,99,
70410852,00000130,false,Rx,0,8,D9,FF,FF,FF,30,00,13,22,
70411853,00000100,false,Rx,0,8,88,00,00,00,30,00,0A,93,
70411854,00000140,false,Rx,0,8,01,00,FF,FF,20,00,18,2E,
70411855,00000120,false,Rx,0,8,04,00,00,00,10,00,0C,5F,
70412997,00000110,false,Rx,0,8,34,00,00,00,50,00,38,6F,
70412998,00000130,false,Rx,0,8,F8,FF,FF,FF,40,00,30,53,
70414004,00000100,false,Rx,0,8,9F,00,00,00,40,00,2C,74,
70414005,00000120,false,Rx,0,8,CB,FF,FF,FF,20,00,1D,90,
70414973,00000110,false,Rx,0,8,34,00,00,00,60,00,2C,6F,
70414974,00000130,false,Rx,0,8,18,00,00,00,50,00,3F,C3,
70415975,00000100,false,Rx,0,8,71,00,00,00,50,00,36,FA,
70415976,00000120,false,Rx,0,8,CB,FF,FF,FF,30,00,10,50,
70415977,00000110,false,Rx,0,8,62,00,00,00,70,00,2D,99,
70417247,00000050,false,Rx,0,6,41,5C,FF,FB,5F,FF,00,00,
70417248,00000130,false,Rx,0,8,D8,34,03,00,63,80,8A,13,
70417249,00000100,false,Rx,0,8,71,00,00,00,60,00,22,FA,
70418850,00000120,false,Rx,0,8,04,00,00,00,40,00,30,5F,
70418852,00000110,false,Rx,0,8,62,00,00,00,80,00,69,99,
70419853,00000130,false,Rx,0,8,F8,FF,FF,FF,70,00,24,53,
70419854,00000100,false,Rx,0,8,71,00,00,00,70,00,2F,3A,
70420843,00000120,false,Rx,0,8,04,00,00,00,50,00,3D,9F,
70420844,00000110,false,Rx,0,8,62,00,00,00,90,00,64,59,
70420845,00000170,false,Rx,0,8,00,00,00,59,50,81,05,D1,
70421996,00000130,false,Rx,0,8,F8,FF,FF,FF,80,00,60,53,
70421997,00000100,false,Rx,0,8,5A,00,00,00,80,00,6D,21,
70422974,00000120,false,Rx,0,8,3D,00,00,00,60,00,2C,F6,
70422976,00000110,false,Rx,0,8,62,00,00,00,A0,00,70,59,
70423976,00000130,false,Rx,0,8,18,00,00,00,90,00,6F,C3,
70423977,00000100,false,Rx,0,8,43,00,00,00,90,00,62,E8,
70424974,00000120,false,Rx,0,8,3D,00,00,00,70,00,21,36,
70424976,00000110,false,Rx,0,8,90,00,00,00,B0,00,68,8B,
70425969,00000130,false,Rx,0,8,18,00,00,00,A0,00,7B,C3,
70425971,00000100,false,Rx,0,8,5A,00,00,00,A0,00,74,E1,
70427100,00000120,false,Rx,0,8,04,00,00,00,80,00,60,5F,
70427102,00000110,false,Rx,0,8,90,00,00,00,C0,00,4D,4B,
70428100,00000130,false,Rx,0,8,18,00,00,00,B0,00,76,03,
70428102,00000100,false,Rx,0,8,71,00,00,00,B0,00,7F,3A,
70429112,00000120,false,Rx,0,8,04,00,00,00,90,00,6D,9F,
70429114,00000110,false,Rx,0,8,62,00,00,00,D0,00,55,99,
70430218,00000130,false,Rx,0,8,D9,FF,FF,FF,C0,00,57,22,
70430219,00000100,false,Rx,0,8,71,00,00,00,C0,00,5A,FA,
70431215,00000120,false,Rx,0,8,E7,FF,FF,FF,A0,00,7B,FC,
70431216,00000110,false,Rx,0,8,62,00,00,00,E0,00,41,99,
70432215,00000130,false,Rx,0,8,18,00,00,00,D0,00,5E,03,
70432218,00000100,false,Rx,0,8,88,00,00,00,D0,00,43,53,
70432218,00000140,false,Rx,0,8,01,00,FF,FF,30,00,15,EE,
70433216,00000120,false,Rx,0,8,E7,FF,FF,FF,B0,00,76,3C,
70433217,00000110,false,Rx,0,8,1D,00,00,00,F0,00,47,96,
70434216,00000130,false,Rx,0,8,D9,FF,FF,FF,E0,00,4E,E2,
70434218,00000100,false,Rx,0,8,9F,00,00,00,E0,00,54,74,
70435342,00000120,false,Rx,0,8,E7,FF,FF,FF,C0,00,53,FC,
70435343,00000110,false,Rx,0,8,1D,00,00,00,00,00,03,96,
70436344,00000130,false,Rx,0,8,18,00,00,00,F0,00,47,C3,
70436345,00000100,false,Rx,0,8,88,00,00,00,F0,00,5A,93,
70436346,00000120,false,Rx,0,8,E7,FF,FF,FF,D0,00,5E,3C,
70437591,00000110,false,Rx,0,8,62,00,00,00,10,00,05,99,
70437592,00000050,false,Rx,0,6,41,5C,FF,FB,5F,FF,00,00,
70437592,00000130,false,Rx,0,8,EB,95,FF,FF,03,80,1A,69,
70438591,00000100,false,Rx,0,8,71,00,00,00,00,00,0A,FA,
70438592,00000120,false,Rx,0,8,04,00,00,00,E0,00,48,5F,
70439593,00000110,false,Rx,0,8,62,00,00,00,20,00,11,99,
70439594,00000130,false,Rx,0,8,95,00,00,00,10,00,10,DE,
70440725,00000100,false,Rx,0,8,71,00,00,00,10,00,07,3A,
70440727,00000120,false,Rx,0,8,04,00,00,00,F0,00,45,9F,
70441722,00000110,false,Rx,0,8,79,00,00,00,30,00,1F,B2,
70441723,00000130,false,Rx,0,8,D9,FF,FF,FF,20,00,1E,E2,
70442716,00000100,false,Rx,0,8,43,00,00,00,20,00,17,28,
70442717,00000120,false,Rx,0,8,3D,00,00,00,00,00,04,F6,
70443718,00000110,false,Rx,0,8,79,00,00,00,40,00,3A,72,
70443719,00000130,false,Rx,0,8,37,00,00,00,30,00,10,5C,
70444873,00000100,false,Rx,0,8,43,00,00,00,30,00,1A,E8,
70444874,00000120,false,Rx,0,8,3D,00,00,00,10,00,09,36,
70445870,00000110,false,Rx,0,8,79,00,00,00,50,00,37,B2,
70445871,00000130,false,Rx,0,8,F8,FF,FF,FF,40,00,30,53,
70446870,00000100,false,Rx,0,8,5A,00,00,00,40,00,3D,21,
70446871,00000120,false,Rx,0,8,20,00,00,00,20,00,1E,BB,
70447867,00000110,false,Rx,0,8,79,00,00,00,60,00,23,B2,
70447868,00000130,false,Rx,0,8,D9,FF,FF,FF,50,00,3B,22,
70449000,00000100,false,Rx,0,8,71,00,00,00,50,00,36,FA,
70449001,00000120,false,Rx,0,8,20,00,00,00,30,00,13,7B,
70449996,00000110,false,Rx,0,8,62,00,00,00,70,00,2D,99,
70449997,00000130,false,Rx,0,8,F8,FF,FF,FF,60,00,29,93,
70450975,00000100,false,Rx,0,8,71,00,00,00,60,00,22,FA,
70450976,00000120,false,Rx,0,8,E7,FF,FF,FF,40,00,32,3C,
70451973,00000110,false,Rx,0,8,62,00,00,00,80,00,69,99,
70451975,00000130,false,Rx,0,8,F8,FF,FF,FF,70,00,24,53,
70452987,00000100,false,Rx,0,8,9F,00,00,00,70,00,38,74,
70452988,00000140,false,Rx,0,8,01,00,FF,FF,40,00,30,2E,
70452989,00000120,false,Rx,0,8,E7,FF,FF,FF,50,00,3F,FC,
70454120,00000110,false,Rx,0,8,1D,00,00,00,90,00,6F,96,
70454122,00000130,false,Rx,0,8,F8,FF,FF,FF,80,00,60,53,
70455099,00000100,false,Rx,0,8,88,00,00,00,80,00,7F,53,
70455100,00000120,false,Rx,0,8,E7,FF,FF,FF,60,00,2B,FC,
70456100,00000110,false,Rx,0,8,1D,00,00,00,A0,00,7B,96,
70456102,00000130,false,Rx,0,8,D9,FF,FF,FF,90,00,6B,22,
70457104,00000100,false,Rx,0,8,88,00,00,00,90,00,72,93,
70457106,00000120,false,Rx,0,8,E7,FF,FF,FF,70,00,26,3C,
70457106,00000110,false,Rx,0,8,62,00,00,00,B0,00,7D,99,
70458370,00000050,false,Rx,0,6,41,5C,FF,FB,5F,FF,00,00,
70458371,00000130,false,Rx,0,8,2C,BA,F5,FF,A3,80,A4,C0,
70458372,00000100,false,Rx,0,8,71,00,00,00,A0,00,72,FA,
70459994,00000120,false,Rx,0,8,04,00,00,00,80,00,60,5F,
70459995,00000110,false,Rx,0,8,62,00,00,00,C0,00,58,59,
70460972,00000130,false,Rx,0,8,95,00,00,00,B0,00,68,DE,
70460973,00000100,false,Rx,0,8,71,00,00,00,B0,00,7F,3A,
70461964,00000120,false,Rx,0,8,04,00,00,00,90,00,6D,9F,
70461966,00000110,false,Rx,0,8,79,00,00,00,D0,00,56,72,
70463120,00000130,false,Rx,0,8,D9,FF,FF,FF,C0,00,57,22,
70463122,00000100,false,Rx,0,8,43,00,00,00,C0,00,5E,E8,
70464122,00000120,false,Rx,0,8,3D,00,00,00,A0,00,7C,F6,
70464124,00000110,false,Rx,0,8,79,00,00,00,E0,00,42,72,
70465099,00000130,false,Rx,0,8,F8,FF,FF,FF,D0,00,5C,53,
70465101,00000100,false,Rx,0,8,43,00,00,00,D0,00,53,28,
70466109,00000120,false,Rx,0,8,3D,00,00,00,B0,00,71,36,
70466111,00000110,false,Rx,0,8,90,00,00,00,F0,00,59,4B,
70467098,00000130,false,Rx,0,8,D9,FF,FF,FF,E0,00,4E,E2,
70467099,00000100,false,Rx,0,8,5A,00,00,00,E0,00,45,21,
70468248,00000120,false,Rx,0,8,04,00,00,00,C0,00,51,9F,
70468249,00000110,false,Rx,0,8,90,00,00,00,00,00,1D,4B,
70469222,00000130,false,Rx,0,8,F8,FF,FF,FF,F0,00,45,93,
70469223,00000100,false,Rx,0,8,71,00,00,00,F0,00,4E,FA,
70470225,00000120,false,Rx,0,8,04,00,00,00,D0,00,5C,5F,
70470227,00000110,false,Rx,0,8,62,00,00,00,10,00,05,99,
70471372,00000130,false,Rx,0,8,F8,FF,FF,FF,00,00,01,93,
70471373,00000100,false,Rx,0,8,71,00,00,00,00,00,0A,FA,
70472317,00000120,false,Rx,0,8,E7,FF,FF,FF,E0,00,4A,3C,
70472319,00000110,false,Rx,0,8,62,00,00,00,20,00,11,99,
70473318,00000130,false,Rx,0,8,D9,FF,FF,FF,10,00,0A,E2,
70473320,00000100,false,Rx,0,8,9F,00,00,00,10,00,10,74,
70473320,00000140,false,Rx,0,8,01,00,FF,FF,50,00,3D,EE,
70474313,00000120,false,Rx,0,8,E7,FF,FF,FF,F0,00,47,FC,
70474314,00000110,false,Rx,0,8,34,00,00,00,30,00,10,6F,
70475314,00000130,false,Rx,0,8,F8,FF,FF,FF,20,00,18,53,
70475315,00000100,false,Rx,0,8,71,00,00,00,20,00,13,3A,
70476437,00000120,false,Rx,0,8,E7,FF,FF,FF,00,00,03,FC,
70476438,00000110,false,Rx,0,8,34,00,00,00,40,00,35,AF,
70477436,00000130,false,Rx,0,8,F8,FF,FF,FF,30,00,15,93,
70477436,00000100,false,Rx,0,8,5A,00,00,00,30,00,18,E1,
70477437,00000120,false,Rx,0,8,E7,FF,FF,FF,10,00,0E,3C,
70478686,00000110,false,Rx,0,8,79,00,00,00,50,00,37,B2,
70478687,00000050,false,Rx,0,6,41,5C,FF,FB,5F,FF,00,00,
70478688,00000130,false,Rx,0,8,6C,21,00,00,43,80,85,E0,
70479685,00000100,false,Rx,0,8,5A,00,00,00,40,00,3D,21,
70479686,00000120,false,Rx,0,8,E7,FF,FF,FF,20,00,1A,3C,
70480689,00000110,false,Rx,0,8,79,00,00,00,60,00,23,B2,
70480690,00000130,false,Rx,0,8,F8,FF,FF,FF,50,00,3D,93,
70481814,00000100,false,Rx,0,8,5A,00,00,00,50,00,30,E1,
70481814,00000120,false,Rx,0,8,E7,FF,FF,FF,30,00,17,FC,
70482813,00000110,false,Rx,0,8,79,00,00,00,70,00,2E,72,
70482814,00000130,false,Rx,0,8,D9,FF,FF,FF,60,00,2F,22,
70483813,00000100,false,Rx,0,8,43,00,00,00,60,00,26,E8,
70483814,00000120,false,Rx,0,8,20,00,00,00,40,00,36,BB,
70484813,00000110,false,Rx,0,8,79,00,00,00,80,00,6A,72,
70484813,00000130,false,Rx,0,8,18,00,00,00,70,00,26,03,
70485938,00000100,false,Rx,0,8,5A,00,00,00,70,00,29,21,
70485939,00000120,false,Rx,0,8,20,00,00,00,50,00,3B,7B,
70486938,00000110,false,Rx,0,8,79,00,00,00,90,00,67,B2,
70486939,00000130,false,Rx,0,8,37,00,00,00,80,00,65,9C,
70487937,00000100,false,Rx,0,8,5A,00,00,00,80,00,6D,21,
70487938,00000120,false,Rx,0,8,04,00,00,00,60,00,29,9F,
70488937,00000110,false,Rx,0,8,79,00,00,00,A0,00,73,B2,
70488938,00000130,false,Rx,0,8,F8,FF,FF,FF,90,00,6D,93,
70489938,00000100,false,Rx,0,8,71,00,00,00,90,00,66,FA,
70489939,00000120,false,Rx,0,8,04,00,00,00,70,00,24,5F,
70491062,00000110,false,Rx,0,8,62,00,00,00,B0,00,7D,99,
70491063,00000130,false,Rx,0,8,18,00,00,00,A0,00,7B,C3,
70492063,00000100,false,Rx,0,8,88,00,00,00,A0,00,66,93,
70492064,00000120,false,Rx,0,8,CB,FF,FF,FF,80,00,65,90,
70493062,00000110,false,Rx,0,8,62,00,00,00,C0,00,58,59,
70493063,00000130,false,Rx,0,8,F8,FF,FF,FF,B0,00,74,53,
70494062,00000100,false,Rx,0,8,B6,00,00,00,B0,00,6F,8D,
70494063,00000140,false,Rx,0,8,01,00,FF,FF,60,00,29,EE,
70494063,00000120,false,Rx,0,8,CB,FF,FF,FF,90,00,68,50,
70495187,00000110,false,Rx,0,8,34,00,00,00,D0,00,59,AF,
70495188,00000130,false,Rx,0,8,F8,FF,FF,FF,C0,00,51,93,
70496187,00000100,false,Rx,0,8,88,00,00,00,C0,00,4E,93,
70496188,00000120,false,Rx,0,8,E7,FF,FF,FF,A0,00,7B,FC,
70497187,00000110,false,Rx,0,8,34,00,00,00,E0,00,4D,AF,
70497188,00000130,false,Rx,0,8,37,00,00,00,D0,00,59,9C,
70498187,00000100,false,Rx,0,8,71,00,00,00,D0,00,57,3A,
70498188,00000120,false,Rx,0,8,E7,FF,FF,FF,B0,00,76,3C,
70498189,00000110,false,Rx,0,8,90,00,00,00,F0,00,59,4B,
70499437,00000050,false,Rx,0,6,41,5C,FF,FB,5F,FF,00,00,
70499438,00000130,false,Rx,0,8,D8,34,03,00,E3,80,EB,D3,
70499439,00000100,false,Rx,0,8,71,00,00,00,E0,00,43,3A,
70501063,00000120,false,Rx,0,8,04,00,00,00,C0,00,51,9F,
70501064,00000110,false,Rx,0,8,90,00,00,00,00,00,1D,4B,
70502062,00000130,false,Rx,0,8,D9,FF,FF,FF,F0,00,43,22,
70502063,00000100,false,Rx,0,8,5A,00,00,00,F0,00,48,E1,
70503188,00000120,false,Rx,0,8,04,00,00,00,D0,00,5C,5F,
70503188,00000110,false,Rx,0,8,A7,00,00,00,10,00,14,CC,
70504187,00000130,false,Rx,0,8,F8,FF,FF,FF,00,00,01,93,
70504188,00000100,false,Rx,0,8,43,00,00,00,00,00,0E,E8,
70505186,00000120,false,Rx,0,8,04,00,00,00,E0,00,48,5F,
70505187,00000110,false,Rx,0,8,A7,00,00,00,20,00,00,CC,
70506187,00000130,false,Rx,0,8,F8,FF,FF,FF,10,00,0C,53,
70506188,00000100,false,Rx,0,8,5A,00,00,00,10,00,01,21,
70507187,00000120,false,Rx,0,8,04,00,00,00,F0,00,45,9F,
70507188,00000110,false,Rx,0,8,62,00,00,00,30,00,1C,59,
70508313,00000130,false,Rx,0,8,18,00,00,00,20,00,1A,03,
70508314,00000100,false,Rx,0,8,5A,00,00,00,20,00,15,21,
70509312,00000120,false,Rx,0,8,E7,FF,FF,FF,00,00,03,FC,
70509312,00000110,false,Rx,0,8,62,00,00,00,40,00,39,99,
70510312,00000130,false,Rx,0,8,D9,FF,FF,FF,30,00,13,22,
70510313,00000100,false,Rx,0,8,71,00,00,00,30,00,1E,FA,
70511312,00000120,false,Rx,0,8,E7,FF,FF,FF,10,00,0E,3C,
70511313,00000110,false,Rx,0,8,4B,00,00,00,50,00,33,A0,
70512438,00000130,false,Rx,0,8,B9,FF,FF,FF,40,00,3F,42,
70512439,00000100,false,Rx,0,8,88,00,00,00,40,00,2F,53,
70513438,00000120,false,Rx,0,8,AE,FF,FF,FF,20,00,14,65,
70513438,00000110,false,Rx,0,8,4B,00,00,00,60,00,27,A0,
70514437,00000130,false,Rx,0,8,18,00,00,00,50,00,3F,C3,
70514438,00000100,false,Rx,0,8,9F,00,00,00,50,00,21,B4,
70514438,00000140,false,Rx,0,8,01,00,FF,FF,70,00,24,2E,
70515437,00000120,false,Rx,0,8,AE,FF,FF,FF,30,00,19,A5,
70515438,00000110,false,Rx,0,8,34,00,00,00,70,00,21,AF,
70516437,00000130,false,Rx,0,8,F8,FF,FF,FF,60,00,29,93,
70516438,00000100,false,Rx,0,8,88,00,00,00,60,00,36,93,
70517561,00000120,false,Rx,0,8,04,00,00,00,40,00,30,5F,
70517562,00000110,false,Rx,0,8,34,00,00,00,80,00,65,AF,
70518591,00000130,false,Rx,0,8,D9,FF,FF,FF,70,00,22,E2,
70518592,00000100,false,Rx,0,8,71,00,00,00,70,00,2F,3A,
70518593,00000120,false,Rx,0,8,04,00,00,00,50,00,3D,9F,
70519852,00000110,false,Rx,0,8,79,00,00,00,90,00,67,B2,
70519853,00000050,false,Rx,0,6,41,5C,FF,FB,5F,FF,00,00,
70519853,00000130,false,Rx,0,8,EB,95,FF,FF,83,80,7B,A9,
70520851,00000100,false,Rx,0,8,5A,00,00,00,80,00,6D,21,
70520852,00000120,false,Rx,0,8,04,00,00,00,60,00,29,9F,
70521851,00000110,false,Rx,0,8,79,00,00,00,A0,00,73,B2,
70521852,00000130,false,Rx,0,8,76,00,00,00,90,00,67,4D,
70522973,00000100,false,Rx,0,8,5A,00,00,00,90,00,60,E1,
70522976,00000120,false,Rx,0,8,04,00,00,00,70,00,24,5F,
70523940,00000110,false,Rx,0,8,90,00,00,00,B0,00,68,8B,
70523941,00000170,false,Rx,0,8,00,00,00,5A,50,81,05,6B,
70523941,00000130,false,Rx,0,8,18,00,00,00,A0,00,7B,C3,
70524937,00000100,false,Rx,0,8,43,00,00,00,A0,00,76,E8,
70524938,00000120,false,Rx,0,8,20,00,00,00,80,00,66,BB,
70525937,00000110,false,Rx,0,8,90,00,00,00,C0,00,4D,4B,
70525938,00000130,false,Rx,0,8,D9,FF,FF,FF,B0,00,72,E2,
70527062,00000100,false,Rx,0,8,5A,00,00,00,B0,00,79,21,
70527063,00000120,false,Rx,0,8,20,00,00,00,90,00,6B,7B,
70528062,00000110,false,Rx,0,8,62,00,00,00,D0,00,55,99,
70528063,00000130,false,Rx,0,8,18,00,00,00,C0,00,53,C3,
70529062,00000100,false,Rx,0,8,71,00,00,00,C0,00,5A,FA,
70529062,00000120,false,Rx,0,8,04,00,00,00,A0,00,79,9F,
70530061,00000110,false,Rx,0,8,62,00,00,00,E0,00,41,99,
70530062,00000130,false,Rx,0,8,F8,FF,FF,FF,D0,00,5C,53,
70531187,00000100,false,Rx,0,8,71,00,00,00,D0,00,57,3A,
70531188,00000120,false,Rx,0,8,04,00,00,00,B0,00,74,5F,
70532186,00000110,false,Rx,0,8,4B,00,00,00,F0,00,4B,A0,
70532187,00000130,false,Rx,0,8,18,00,00,00,E0,00,4A,03,
70533187,00000100,false,Rx,0,8,9F,00,00,00,E0,00,54,74,
70533188,00000120,false,Rx,0,8,CB,FF,FF,FF,C0,00,54,50,
70534187,00000110,false,Rx,0,8,4B,00,00,00,00,00,0F,A0,
70534188,00000130,false,Rx,0,8,18,00,00,00,F0,00,47,C3,
70535311,00000100,false,Rx,0,8,88,00,00,00,F0,00,5A,93,
70535312,00000140,false,Rx,0,8,01,00,FF,FF,80,00,60,2E,
70535313,00000120,false,Rx,0,8,CB,FF,FF,FF,D0,00,59,90,
70536311,00000110,false,Rx,0,8,4B,00,00,00,10,00,02,60,
70536312,00000130,false,Rx,0,8,F8,FF,FF,FF,00,00,01,93,
70537311,00000100,false,Rx,0,8,71,00,00,00,00,00,0A,FA,
70537312,00000120,false,Rx,0,8,04,00,00,00,E0,00,48,5F,
70538312,00000110,false,Rx,0,8,4B,00,00,00,20,00,16,60,
70538313,00000130,false,Rx,0,8,18,00,00,00,10,00,0E,03,
70539310,00000100,false,Rx,0,8,71,00,00,00,10,00,07,3A,
70539311,00000120,false,Rx,0,8,04,00,00,00,F0,00,45,9F,
70539312,00000110,false,Rx,0,8,62,00,00,00,30,00,1C,59,
70540561,00000050,false,Rx,0,6,41,5C,FF,FB,5F,FF,00,00,
70540563,00000130,false,Rx,0,8,4C,BA,F5,FF,23,80,CC,A0,
70540563,00000100,false,Rx,0,8,5A,00,00,00,20,00,15,21,
70542186,00000120,false,Rx,0,8,20,00,00,00,00,00,07,7B,
70542187,00000110,false,Rx,0,8,62,00,00,00,40,00,39,99,
70543186,00000130,false,Rx,0,8,95,00,00,00,30,00,09,1E,
70543187,00000100,false,Rx,0,8,43,00,00,00,30,00,1A,E8,
70544311,00000120,false,Rx,0,8,20,00,00,00,10,00,0A,BB,
70544312,00000110,false,Rx,0,8,A7,00,00,00,50,00,25,0C,
70545312,00000130,false,Rx,0,8,18,00,00,00,40,00,32,03,
70545313,00000100,false,Rx,0,8,5A,00,00,00,40,00,3D,21,
70546311,00000120,false,Rx,0,8,20,00,00,00,20,00,1E,BB,
70546312,00000110,false,Rx,0,8,A7,00,00,00,60,00,31,0C,
70547311,00000130,false,Rx,0,8,B9,FF,FF,FF,50,00,32,82,
70547311,00000100,false,Rx,0,8,5A,00,00,00,50,00,30,E1,
70548435,00000120,false,Rx,0,8,20,00,00,00,30,00,13,7B,
70548436,00000110,false,Rx,0,8,62,00,00,00,70,00,2D,99,
70549435,00000130,false,Rx,0,8,F8,FF,FF,FF,60,00,29,93,
70549436,00000100,false,Rx,0,8,5A,00,00,00,60,00,24,E1,
70550435,00000120,false,Rx,0,8,04,00,00,00,40,00,30,5F,
70550436,00000110,false,Rx,0,8,62,00,00,00,80,00,69,99,
70551435,00000130,false,Rx,0,8,F8,FF,FF,FF,70,00,24,53,
70551436,00000100,false,Rx,0,8,88,00,00,00,70,00,3B,53,
70552435,00000120,false,Rx,0,8,04,00,00,00,50,00,3D,9F,
70552435,00000110,false,Rx,0,8,4B,00,00,00,90,00,63,A0,
70553559,00000130,false,Rx,0,8,F8,FF,FF,FF,80,00,60,53,
70553560,00000100,false,Rx,0,8,9F,00,00,00,80,00,7C,74,
70554559,00000120,false,Rx,0,8,CB,FF,FF,FF,60,00,2C,50,
70554560,00000110,false,Rx,0,8,4B,00,00,00,A0,00,77,A0,
70555560,00000130,false,Rx,0,8,F8,FF,FF,FF,90,00,6D,93,
70555560,00000100,false,Rx,0,8,9F,00,00,00,90,00,71,B4,
70555561,00000140,false,Rx,0,8,01,00,FF,FF,90,00,6D,EE,
70556559,00000120,false,Rx,0,8,CB,FF,FF,FF,70,00,21,90,
70556560,00000110,false,Rx,0,8,4B,00,00,00,B0,00,7A,60,
70557684,00000130,false,Rx,0,8,D9,FF,FF,FF,A0,00,7F,22,
70557685,00000100,false,Rx,0,8,88,00,00,00,A0,00,66,93,
70558683,00000120,false,Rx,0,8,E7,FF,FF,FF,80,00,62,3C,
70558684,00000110,false,Rx,0,8,4B,00,00,00,C0,00,5F,A0,
70559684,00000130,false,Rx,0,8,37,00,00,00,B0,00,71,9C,
70559685,00000100,false,Rx,0,8,43,00,00,00,B0,00,7B,28,
70559685,00000120,false,Rx,0,8,E7,FF,FF,FF,90,00,6F,FC,
70560933,00000110,false,Rx,0,8,90,00,00,00,D0,00,40,8B,
70560933,00000050,false,Rx,0,6,41,5C,FF,FB,5F,FF,00,00,
70560934,00000130,false,Rx,0,8,4D,21,00,00,C3,80,E2,91,
70561973,00000100,false,Rx,0,8,43,00,00,00,C0,00,5E,E8,
70561974,00000120,false,Rx,0,8,20,00,00,00,A0,00,7F,7B,
70562967,00000110,false,Rx,0,8,90,00,00,00,E0,00,54,8B,
70562970,00000130,false,Rx,0,8,B9,FF,FF,FF,D0,00,53,42,
70564092,00000100,false,Rx,0,8,43,00,00,00,D0,00,53,28,
70564093,00000120,false,Rx,0,8,20,00,00,00,B0,00,72,BB,
70565092,00000110,false,Rx,0,8,90,00,00,00,F0,00,59,4B,
70565093,00000130,false,Rx,0,8,F8,FF,FF,FF,E0,00,48,53,
70566095,00000100,false,Rx,0,8,5A,00,00,00,E0,00,45,21,
70566097,00000120,false,Rx,0,8,20,00,00,00,C0,00,57,7B,
70567241,00000110,false,Rx,0,8,90,00,00,00,00,00,1D,4B,
70567243,00000130,false,Rx,0,8,18,00,00,00,F0,00,47,C3,
70568214,00000100,false,Rx,0,8,71,00,00,00,F0,00,4E,FA,
70568217,00000120,false,Rx,0,8,20,00,00,00,D0,00,5A,BB,
70569221,00000110,false,Rx,0,8,62,00,00,00,10,00,05,99,
70569222,00000130,false,Rx,0,8,18,00,00,00,00,00,03,C3,
70570245,00000100,false,Rx,0,8,71,00,00,00,00,00,0A,FA,
70570246,00000120,false,Rx,0,8,E7,FF,FF,FF,E0,00,4A,3C,
70571221,00000110,false,Rx,0,8,62,00,00,00,20,00,11,99,
70571222,00000130,false,Rx,0,8,D9,FF,FF,FF,10,00,0A,E2,
70572416,00000100,false,Rx,0,8,88,00,00,00,10,00,13,53,
70572417,00000120,false,Rx,0,8,E7,FF,FF,FF,F0,00,47,FC,
70573339,00000110,false,Rx,0,8,34,00,00,00,30,00,10,6F,
70573340,00000130,false,Rx,0,8,F8,FF,FF,FF,20,00,18,53,
70574341,00000100,false,Rx,0,8,B6,00,00,00,20,00,03,8D,
70574342,00000120,false,Rx,0,8,CB,FF,FF,FF,00,00,04,50,
70575341,00000110,false,Rx,0,8,34,00,00,00,40,00,35,AF,
70575342,00000130,false,Rx,0,8,F8,FF,FF,FF,30,00,15,93,
70576494,00000100,false,Rx,0,8,71,00,00,00,30,00,1E,FA,
70576496,00000140,false,Rx,0,8,01,00,FF,FF,A0,00,79,EE,
70576496,00000120,false,Rx,0,8,CB,FF,FF,FF,10,00,09,90,
70577492,00000110,false,Rx,0,8,62,00,00,00,50,00,34,59,
70577493,00000130,false,Rx,0,8,F8,FF,FF,FF,40,00,30,53,
70578472,00000100,false,Rx,0,8,71,00,00,00,40,00,3B,3A,
70578474,00000120,false,Rx,0,8,04,00,00,00,20,00,18,5F,
70579477,00000110,false,Rx,0,8,62,00,00,00,60,00,20,59,
70579478,00000130,false,Rx,0,8,18,00,00,00,50,00,3F,C3,
70580463,00000100,false,Rx,0,8,5A,00,00,00,50,00,30,E1,
70580465,00000120,false,Rx,0,8,04,00,00,00,30,00,15,9F,
70580465,00000110,false,Rx,0,8,A7,00,00,00,70,00,3C,CC,
70581720,00000050,false,Rx,0,6,41,5C,FF,FB,5F,FF,00,00,
70581722,00000130,false,Rx,0,8,B8,34,03,00,63,80,83,B3,
70581723,00000100,false,Rx,0,8,43,00,00,00,60,00,26,E8,
70583372,00000120,false,Rx,0,8,3D,00,00,00,40,00,35,36,
70583374,00000110,false,Rx,0,8,A7,00,00,00,80,00,78,CC,
70584344,00000130,false,Rx,0,8,D9,FF,FF,FF,70,00,22,E2,
70584346,00000100,false,Rx,0,8,43,00,00,00,70,00,2B,28,
70585492,00000120,false,Rx,0,8,3D,00,00,00,50,00,38,F6,
70585493,00000110,false,Rx,0,8,79,00,00,00,90,00,67,B2,
70586488,00000130,false,Rx,0,8,D9,FF,FF,FF,80,00,66,E2,
70586490,00000100,false,Rx,0,8,5A,00,00,00,80,00,6D,21,
70587457,00000120,false,Rx,0,8,04,00,00,00,60,00,29,9F,
70587458,00000110,false,Rx,0,8,79,00,00,00,A0,00,73,B2,
70588469,00000130,false,Rx,0,8,18,00,00,00,90,00,6F,C3,
70588470,00000100,false,Rx,0,8,5A,00,00,00,90,00,60,E1,
70589674,00000120,false,Rx,0,8,04,00,00,00,70,00,24,5F,
70589675,00000110,false,Rx,0,8,79,00,00,00,B0,00,7E,72,
70590596,00000130,false,Rx,0,8,D9,FF,FF,FF,A0,00,7F,22,
70590598,00000100,false,Rx,0,8,71,00,00,00,A0,00,72,FA,
70591595,00000120,false,Rx,0,8,E7,FF,FF,FF,80,00,62,3C,
70591596,00000110,false,Rx,0,8,79,00,00,00,C0,00,5B,B2,
70592603,00000130,false,Rx,0,8,18,00,00,00,B0,00,76,03,
70592604,00000100,false,Rx,0,8,9F,00,00,00,B0,00,68,74,
70593721,00000120,false,Rx,0,8,E7,FF,FF,FF,90,00,6F,FC,
70593722,00000110,false,Rx,0,8,34,00,00,00,D0,00,59,AF,
70594744,00000130,false,Rx,0,8,D9,FF,FF,FF,C0,00,57,22,
70594745,00000100,false,Rx,0,8,9F,00,00,00,C0,00,4D,B4,
70595740,00000120,false,Rx,0,8,04,00,00,00,A0,00,79,9F,
70595741,00000110,false,Rx,0,8,34,00,00,00,E0,00,4D,AF,
70596745,00000130,false,Rx,0,8,D9,FF,FF,FF,D0,00,5A,E2,
70596746,00000100,false,Rx,0,8,71,00,00,00,D0,00,57,3A,
70596747,00000140,false,Rx,0,8,01,00,FF,FF,B0,00,74,2E,
70597868,00000120,false,Rx,0,8,04,00,00,00,B0,00,74,5F,
70597869,00000110,false,Rx,0,8,62,00,00,00,F0,00,4C,59,
70598869,00000130,false,Rx,0,8,18,00,00,00,E0,00,4A,03,
70598871,00000100,false,Rx,0,8,71,00,00,00,E0,00,43,3A,
70599867,00000120,false,Rx,0,8,04,00,00,00,C0,00,51,9F,
70599868,00000110,false,Rx,0,8,62,00,00,00,00,00,08,59,
70600824,00000130,false,Rx,0,8,18,00,00,00,F0,00,47,C3,
70600825,00000100,false,Rx,0,8,71,00,00,00,F0,00,4E,FA,
70600826,00000120,false,Rx,0,8,04,00,00,00,D0,00,5C,5F,
70602117,00000110,false,Rx,0,8,79,00,00,00,10,00,06,72,
70602118,00000050,false,Rx,0,6,41,5C,FF,FB,5F,FF,00,00,
70602119,00000130,false,Rx,0,8,EB,95,FF,FF,03,80,1A,69,
70603102,00000100,false,Rx,0,8,43,00,00,00,00,00,0E,E8,
70603104,00000120,false,Rx,0,8,3D,00,00,00,E0,00,4D,36,
70604088,00000110,false,Rx,0,8,79,00,00,00,20,00,12,72,
70604090,00000130,false,Rx,0,8,76,00,00,00,10,00,06,8D,
70605240,00000100,false,Rx,0,8,43,00,00,00,10,00,03,28,
70605241,00000120,false,Rx,0,8,3D,00,00,00,F0,00,40,F6,
70606220,00000110,false,Rx,0,8,79,00,00,00,30,00,1F,B2,
70606221,00000130,false,Rx,0,8,F8,FF,FF,FF,20,00,18,53,
70607218,00000100,false,Rx,0,8,5A,00,00,00,20,00,15,21,
70607219,00000120,false,Rx,0,8,04,00,00,00,00,00,01,9F,
70608369,00000110,false,Rx,0,8,79,00,00,00,40,00,3A,72,
70608370,00000130,false,Rx,0,8,D9,FF,FF,FF,30,00,13,22,
70609373,00000100,false,Rx,0,8,5A,00,00,00,30,00,18,E1,
70609375,00000120,false,Rx,0,8,04,00,00,00,10,00,0C,5F,
70610367,00000110,false,Rx,0,8,62,00,00,00,50,00,34,59,
70610368,00000130,false,Rx,0,8,D9,FF,FF,FF,40,00,36,E2,
70611346,00000100,false,Rx,0,8,88,00,00,00,40,00,2F,53,
70611348,00000120,false,Rx,0,8,E7,FF,FF,FF,20,00,1A,3C,
70612492,00000110,false,Rx,0,8,62,00,00,00,60,00,20,59,
70612493,00000130,false,Rx,0,8,F8,FF,FF,FF,50,00,3D,93,
70613492,00000100,false,Rx,0,8,88,00,00,00,50,00,22,93,
70613493,00000120,false,Rx,0,8,E7,FF,FF,FF,30,00,17,FC,
70614495,00000110,false,Rx,0,8,34,00,00,00,70,00,21,AF,
70614496,00000130,false,Rx,0,8,F8,FF,FF,FF,60,00,29,93,
70615472,00000100,false,Rx,0,8,9F,00,00,00,60,00,35,B4,
70615473,00000120,false,Rx,0,8,E7,FF,FF,FF,40,00,32,3C,
70616464,00000110,false,Rx,0,8,34,00,00,00,80,00,65,AF,
70616465,00000130,false,Rx,0,8,D9,FF,FF,FF,70,00,22,E2,
70617588,00000100,false,Rx,0,8,71,00,00,00,70,00,2F,3A,
70617589,00000140,false,Rx,0,8,01,00,FF,FF,C0,00,51,EE,
70617590,00000120,false,Rx,0,8,E7,FF,FF,FF,50,00,3F,FC,
70618593,00000110,false,Rx,0,8,62,00,00,00,90,00,64,59,
70618595,00000130,false,Rx,0,8,F8,FF,FF,FF,80,00,60,53,
70619596,00000100,false,Rx,0,8,71,00,00,00,80,00,6B,3A,
70619597,00000120,false,Rx,0,8,04,00,00,00,60,00,29,9F,
70620615,00000110,false,Rx,0,8,62,00,00,00,A0,00,70,59,
70620617,00000130,false,Rx,0,8,37,00,00,00,90,00,68,5C,
70621603,00000100,false,Rx,0,8,5A,00,00,00,90,00,60,E1,
70621604,00000120,false,Rx,0,8,04,00,00,00,70,00,24,5F,
70621605,00000110,false,Rx,0,8,79,00,00,00,B0,00,7E,72,
70622845,00000050,false,Rx,0,6,41,5C,FF,FB,5F,FF,00,00,
70622847,00000130,false,Rx,0,8,4C,BA,F5,FF,A3,80,AD,60,
70622848,00000100,false,Rx,0,8,2C,00,00,00,A0,00,7F,B7,
70624491,00000120,false,Rx,0,8,59,00,00,00,80,00,6D,12,
70624492,00000110,false,Rx,0,8,79,00,00,00,C0,00,5B,B2,
70625461,00000130,false,Rx,0,8,B5,00,00,00,B0,00,6F,BE,
70625463,00000100,false,Rx,0,8,5A,00,00,00,B0,00,79,21,
70626593,00000120,false,Rx,0,8,59,00,00,00,90,00,60,D2,
70626595,00000110,false,Rx,0,8,62,00,00,00,D0,00,55,99,
70626595,00000170,false,Rx,0,8,00,00,00,5B,50,81,05,F6,
70627595,00000130,false,Rx,0,8,18,00,00,00,C0,00,53,C3,
70627597,00000100,false,Rx,0,8,5A,00,00,00,C0,00,5C,E1,
70628603,00000120,false,Rx,0,8,E7,FF,FF,FF,A0,00,7B,FC,
70628605,00000110,false,Rx,0,8,62,00,00,00,E0,00,41,99,
70629602,00000130,false,Rx,0,8,18,00,00,00,D0,00,5E,03,
70629603,00000100,false,Rx,0,8,71,00,00,00,D0,00,57,3A,
70630718,00000120,false,Rx,0,8,E7,FF,FF,FF,B0,00,76,3C,
70630719,00000110,false,Rx,0,8,62,00,00,00,F0,00,4C,59,
70631743,00000130,false,Rx,0,8,F8,FF,FF,FF,E0,00,48,53,
70631745,00000100,false,Rx,0,8,88,00,00,00,E0,00,57,53,
70632720,00000120,false,Rx,0,8,E7,FF,FF,FF,C0,00,53,FC,
70632721,00000110,false,Rx,0,8,62,00,00,00,00,00,08,59,
70633722,00000130,false,Rx,0,8,F8,FF,FF,FF,F0,00,45,93,
70633723,00000100,false,Rx,0,8,B6,00,00,00,F0,00,5E,4D,
70634868,00000120,false,Rx,0,8,E7,FF,FF,FF,D0,00,5E,3C,
70634869,00000110,false,Rx,0,8,34,00,00,00,10,00,09,AF,
70635846,00000130,false,Rx,0,8,F8,FF,FF,FF,00,00,01,93,
70635847,00000100,false,Rx,0,8,71,00,00,00,00,00,0A,FA,
70636842,00000120,false,Rx,0,8,04,00,00,00,E0,00,48,5F,
70636844,00000110,false,Rx,0,8,34,00,00,00,20,00,1D,AF,
70637847,00000130,false,Rx,0,8,F8,FF,FF,FF,10,00,0C,53,
70637848,00000100,false,Rx,0,8,71,00,00,00,10,00,07,3A,
70637849,00000140,false,Rx,0,8,01,00,FF,FF,D0,00,5C,2E,
70638838,00000120,false,Rx,0,8,04,00,00,00,F0,00,45,9F,
70638839,00000110,false,Rx,0,8,62,00,00,00,30,00,1C,59,
70639994,00000130,false,Rx,0,8,18,00,00,00,20,00,1A,03,
70639996,00000100,false,Rx,0,8,71,00,00,00,20,00,13,3A,
70640972,00000120,false,Rx,0,8,04,00,00,00,00,00,01,9F,
70640973,00000110,false,Rx,0,8,62,00,00,00,40,00,39,99,
70641970,00000130,false,Rx,0,8,18,00,00,00,30,00,17,C3,
70641971,00000100,false,Rx,0,8,43,00,00,00,30,00,1A,E8,
70641972,00000120,false,Rx,0,8,04,00,00,00,10,00,0C,5F,
70643220,00000110,false,Rx,0,8,BE,00,00,00,50,00,27,05,
70643221,00000050,false,Rx,0,6,41,5C,FF,FB,5F,FF,00,00,
70643222,00000130,false,Rx,0,8,4D,21,00,00,43,80,83,51,
70644220,00000100,false,Rx,0,8,2C,00,00,00,40,00,36,77,
70644221,00000120,false,Rx,0,8,20,00,00,00,20,00,1E,BB,
70645368,00000110,false,Rx,0,8,BE,00,00,00,60,00,33,05,
70645369,00000130,false,Rx,0,8,F8,FF,FF,FF,50,00,3D,93,
70646346,00000100,false,Rx,0,8,5A,00,00,00,50,00,30,E1,
70646347,00000120,false,Rx,0,8,20,00,00,00,30,00,13,7B,
70647349,00000110,false,Rx,0,8,62,00,00,00,70,00,2D,99,
70647350,00000130,false,Rx,0,8,F8,FF,FF,FF,60,00,29,93,
70648336,00000100,false,Rx,0,8,5A,00,00,00,60,00,24,E1,
70648338,00000120,false,Rx,0,8,04,00,00,00,40,00,30,5F,
70649492,00000110,false,Rx,0,8,62,00,00,00,80,00,69,99,
70649494,00000130,false,Rx,0,8,F8,FF,FF,FF,70,00,24,53,
70650494,00000100,false,Rx,0,8,71,00,00,00,70,00,2F,3A,
70650495,00000120,false,Rx,0,8,04,00,00,00,50,00,3D,9F,
70651470,00000110,false,Rx,0,8,4B,00,00,00,90,00,63,A0,
70651472,00000130,false,Rx,0,8,F8,FF,FF,FF,80,00,60,53,
70652484,00000100,false,Rx,0,8,88,00,00,00,80,00,7F,53,
70652485,00000120,false,Rx,0,8,AE,FF,FF,FF,60,00,25,A5,
70653464,00000110,false,Rx,0,8,4B,00,00,00,A0,00,77,A0,
70653465,00000130,false,Rx,0,8,B9,FF,FF,FF,90,00,62,82,
70654595,00000100,false,Rx,0,8,9F,00,00,00,90,00,71,B4,
70654596,00000120,false,Rx,0,8,AE,FF,FF,FF,70,00,28,65,
70655616,00000110,false,Rx,0,8,4B,00,00,00,B0,00,7A,60,
70655617,00000130,false,Rx,0,8,D9,FF,FF,FF,A0,00,7F,22,
70656603,00000100,false,Rx,0,8,88,00,00,00,A0,00,66,93,
70656605,00000120,false,Rx,0,8,04,00,00,00,80,00,60,5F,
70657721,00000110,false,Rx,0,8,4B,00,00,00,C0,00,5F,A0,
70657722,00000130,false,Rx,0,8,D9,FF,FF,FF,B0,00,72,E2,
70657722,00000100,false,Rx,0,8,71,00,00,00,B0,00,7F,3A,
70658835,00000140,false,Rx,0,8,01,00,FF,FF,E0,00,48,2E,
70658836,00000120,false,Rx,0,8,04,00,00,00,90,00,6D,9F,
70658837,00000110,false,Rx,0,8,62,00,00,00,D0,00,55,99,
70660470,00000130,false,Rx,0,8,F8,FF,FF,FF,C0,00,51,93,
70660472,00000100,false,Rx,0,8,71,00,00,00,C0,00,5A,FA,
70661462,00000120,false,Rx,0,8,20,00,00,00,A0,00,7F,7B,
70661464,00000110,false,Rx,0,8,62,00,00,00,E0,00,41,99,
70662603,00000130,false,Rx,0,8,18,00,00,00,D0,00,5E,03,
70662604,00000100,false,Rx,0,8,5A,00,00,00,D0,00,51,21,
70662605,00000120,false,Rx,0,8,20,00,00,00,B0,00,72,BB,
70663712,00000110,false,Rx,0,8,BE,00,00,00,F0,00,5F,05,
70663714,00000050,false,Rx,0,6,41,5C,FF,FB,5F,FF,00,00,
70663715,00000130,false,Rx,0,8,F8,34,03,00,E3,80,EC,B3,
70664871,00000100,false,Rx,0,8,43,00,00,00,E0,00,47,28,
70664873,00000120,false,Rx,0,8,20,00,00,00,C0,00,57,7B,
70665865,00000110,false,Rx,0,8,BE,00,00,00,00,00,1B,05,
70665867,00000130,false,Rx,0,8,D9,FF,FF,FF,F0,00,43,22,
70666838,00000100,false,Rx,0,8,5A,00,00,00,F0,00,48,E1,
70666839,00000120,false,Rx,0,8,20,00,00,00,D0,00,5A,BB,
70667996,00000110,false,Rx,0,8,79,00,00,00,10,00,06,72,
70667998,00000130,false,Rx,0,8,F8,FF,FF,FF,00,00,01,93,
70668970,00000100,false,Rx,0,8,5A,00,00,00,00,00,0C,E1,
70668971,00000120,false,Rx,0,8,04,00,00,00,E0,00,48,5F,
70669970,00000110,false,Rx,0,8,79,00,00,00,20,00,12,72,
70669971,00000130,false,Rx,0,8,D9,FF,FF,FF,10,00,0A,E2,
70670945,00000100,false,Rx,0,8,71,00,00,00,10,00,07,3A,
70670946,00000120,false,Rx,0,8,04,00,00,00,F0,00,45,9F,
70672117,00000110,false,Rx,0,8,4B,00,00,00,30,00,1B,A0,
70672119,00000130,false,Rx,0,8,D9,FF,FF,FF,20,00,1E,E2,
70673119,00000100,false,Rx,0,8,9F,00,00,00,20,00,04,74,
70673120,00000120,false,Rx,0,8,AE,FF,FF,FF,00,00,0D,A5,
70674096,00000110,false,Rx,0,8,4B,00,00,00,40,00,3E,60,
70674098,00000130,false,Rx,0,8,F8,FF,FF,FF,30,00,15,93,
70675087,00000100,false,Rx,0,8,B6,00,00,00,30,00,0E,4D,
70675088,00000120,false,Rx,0,8,AE,FF,FF,FF,10,00,00,65,
70676243,00000110,false,Rx,0,8,4B,00,00,00,50,00,33,A0,
70676244,00000130,false,Rx,0,8,18,00,00,00,40,00,32,03,
70677243,00000100,false,Rx,0,8,71,00,00,00,40,00,3B,3A,
70677244,00000120,false,Rx,0,8,04,00,00,00,20,00,18,5F,
70678220,00000110,false,Rx,0,8,4B,00,00,00,60,00,27,A0,
70678221,00000130,false,Rx,0,8,F8,FF,FF,FF,50,00,3D,93,
70679219,00000100,false,Rx,0,8,71,00,00,00,50,00,36,FA,
70679220,00000140,false,Rx,0,8,01,00,FF,FF,F0,00,45,EE,
70679221,00000120,false,Rx,0,8,04,00,00,00,30,00,15,9F,
70680211,00000110,false,Rx,0,8,79,00,00,00,70,00,2E,72,
70680212,00000130,false,Rx,0,8,F8,FF,FF,FF,60,00,29,93,
70681316,00000100,false,Rx,0,8,5A,00,00,00,60,00,24,E1,
70681317,00000120,false,Rx,0,8,04,00,00,00,40,00,30,5F,
70682351,00000110,false,Rx,0,8,79,00,00,00,80,00,6A,72,
70682353,00000130,false,Rx,0,8,F8,FF,FF,FF,70,00,24,53,
70683344,00000100,false,Rx,0,8,43,00,00,00,70,00,2B,28,
70683345,00000120,false,Rx,0,8,04,00,00,00,50,00,3D,9F,
70683346,00000110,false,Rx,0,8,90,00,00,00,90,00,71,4B,
70684587,00000050,false,Rx,0,6,41,5C,FF,FB,5F,FF,00,00,
70684589,00000130,false,Rx,0,8,EB,95,FF,FF,83,80,7B,A9,
70684589,00000100,false,Rx,0,8,43,00,00,00,80,00,6F,28,
70686093,00000120,false,Rx,0,8,20,00,00,00,60,00,2F,7B,
70686095,00000110,false,Rx,0,8,90,00,00,00,A0,00,65,4B,
70687211,00000130,false,Rx,0,8,95,00,00,00,90,00,71,1E,
70687212,00000100,false,Rx,0,8,71,00,00,00,90,00,66,FA,
70688215,00000120,false,Rx,0,8,20,00,00,00,70,00,22,BB,
70688216,00000110,false,Rx,0,8,79,00,00,00,B0,00,7E,72,
70689210,00000130,false,Rx,0,8,18,00,00,00,A0,00,7B,C3,
70689211,00000100,false,Rx,0,8,71,00,00,00,A0,00,72,FA,
70690362,00000120,false,Rx,0,8,E7,FF,FF,FF,80,00,62,3C,
70690364,00000110,false,Rx,0,8,79,00,00,00,C0,00,5B,B2,
70691369,00000130,false,Rx,0,8,B9,FF,FF,FF,B0,00,7B,42,
70691371,00000100,false,Rx,0,8,88,00,00,00,B0,00,6B,53,
70692344,00000120,false,Rx,0,8,E7,FF,FF,FF,90,00,6F,FC,
70692346,00000110,false,Rx,0,8,4B,00,00,00,D0,00,52,60,
70693345,00000130,false,Rx,0,8,18,00,00,00,C0,00,53,C3,
70693346,00000100,false,Rx,0,8,9F,00,00,00,C0,00,4D,B4,
70694469,00000120,false,Rx,0,8,AE,FF,FF,FF,A0,00,75,A5,
70694470,00000110,false,Rx,0,8,4B,00,00,00,E0,00,46,60,
70695462,00000130,false,Rx,0,8,18,00,00,00,D0,00,5E,03,
70695464,00000100,false,Rx,0,8,88,00,00,00,D0,00,43,53,
70696470,00000120,false,Rx,0,8,AE,FF,FF,FF,B0,00,78,65,
70696472,00000110,false,Rx,0,8,4B,00,00,00,F0,00,4B,A0,
70697470,00000130,false,Rx,0,8,F8,FF,FF,FF,E0,00,48,53,
70697472,00000100,false,Rx,0,8,71,00,00,00,E0,00,43,3A,
70698593,00000120,false,Rx,0,8,04,00,00,00,C0,00,51,9F,
70698594,00000110,false,Rx,0,8,4B,00,00,00,00,00,0F,A0,
70699595,00000130,false,Rx,0,8,F8,FF,FF,FF,F0,00,45,93,
70699596,00000100,false,Rx,0,8,5A,00,00,00,F0,00,48,E1,
70699598,00000140,false,Rx,0,8,01,00,FF,FF,00,00,01,EE,
70700564,00000120,false,Rx,0,8,04,00,00,00,D0,00,5C,5F,
70700566,00000110,false,Rx,0,8,79,00,00,00,10,00,06,72,
70701599,00000130,false,Rx,0,8,D9,FF,FF,FF,00,00,07,22,
70701601,00000100,false,Rx,0,8,5A,00,00,00,00,00,0C,E1,
70702604,00000120,false,Rx,0,8,20,00,00,00,E0,00,4E,BB,
70702605,00000110,false,Rx,0,8,79,00,00,00,20,00,12,72,
70703719,00000130,false,Rx,0,8,F8,FF,FF,FF,10,00,0C,53,
70703720,00000100,false,Rx,0,8,2C,00,00,00,10,00,0A,77,
70703720,00000120,false,Rx,0,8,20,00,00,00,F0,00,43,7B,
70704835,00000110,false,Rx,0,8,90,00,00,00,30,00,09,4B,
70704837,00000050,false,Rx,0,6,41,5C,FF,FB,5F,FF,00,00,
70704838,00000130,false,Rx,0,8,4C,BA,F5,FF,23,80,CC,A0,
70705995,00000100,false,Rx,0,8,5A,00,00,00,20,00,15,21,
70705996,00000120,false,Rx,0,8,20,00,00,00,00,00,07,7B,
70706963,00000110,false,Rx,0,8,90,00,00,00,40,00,2C,8B,
70706964,00000130,false,Rx,0,8,95,00,00,00,30,00,09,1E,
70707960,00000100,false,Rx,0,8,71,00,00,00,30,00,1E,FA,
70707961,00000120,false,Rx,0,8,20,00,00,00,10,00,0A,BB,
70709097,00000110,false,Rx,0,8,62,00,00,00,50,00,34,59,
70709098,00000130,false,Rx,0,8,F8,FF,FF,FF,40,00,30,53,
70710095,00000100,false,Rx,0,8,71,00,00,00,40,00,3B,3A,
70710096,00000120,false,Rx,0,8,E7,FF,FF,FF,20,00,1A,3C,
70711100,00000110,false,Rx,0,8,62,00,00,00,60,00,20,59,
70711102,00000130,false,Rx,0,8,D9,FF,FF,FF,50,00,3B,22,
70712087,00000100,false,Rx,0,8,88,00,00,00,50,00,22,93,
70712088,00000120,false,Rx,0,8,E7,FF,FF,FF,30,00,17,FC,
70713243,00000110,false,Rx,0,8,34,00,00,00,70,00,21,AF,
70713245,00000130,false,Rx,0,8,18,00,00,00,60,00,2B,C3,
70714243,00000100,false,Rx,0,8,9F,00,00,00,60,00,35,B4,
70714244,00000120,false,Rx,0,8,CB,FF,FF,FF,40,00,35,90,
70715233,00000110,false,Rx,0,8,34,00,00,00,80,00,65,AF,
70715235,00000130,false,Rx,0,8,37,00,00,00,70,00,21,9C,
70716212,00000100,false,Rx,0,8,88,00,00,00,70,00,3B,53,
70716213,00000120,false,Rx,0,8,CB,FF,FF,FF,50,00,38,50,
70717335,00000110,false,Rx,0,8,62,00,00,00,90,00,64,59,
70717336,00000130,false,Rx,0,8,F8,FF,FF,FF,80,00,60,53,
70718347,00000100,false,Rx,0,8,71,00,00,00,80,00,6B,3A,
70718348,00000120,false,Rx,0,8,04,00,00,00,60,00,29,9F,
70719346,00000110,false,Rx,0,8,62,00,00,00,A0,00,70,59,
70719347,00000130,false,Rx,0,8,F8,FF,FF,FF,90,00,6D,93,
70720344,00000100,false,Rx,0,8,5A,00,00,00,90,00,60,E1,
70720345,00000140,false,Rx,0,8,01,00,FF,FF,10,00,0C,2E,
70720346,00000120,false,Rx,0,8,04,00,00,00,70,00,24,5F,
70721493,00000110,false,Rx,0,8,79,00,00,00,B0,00,7E,72,
70721494,00000130,false,Rx,0,8,18,00,00,00,A0,00,7B,C3,
70722434,00000100,false,Rx,0,8,5A,00,00,00,A0,00,74,E1,
70722435,00000120,false,Rx,0,8,3D,00,00,00,80,00,65,36,
70723438,00000110,false,Rx,0,8,79,00,00,00,C0,00,5B,B2,
70723440,00000130,false,Rx,0,8,F8,FF,FF,FF,B0,00,74,53,
70724435,00000100,false,Rx,0,8,43,00,00,00,B0,00,7B,28,
70724436,00000120,false,Rx,0,8,3D,00,00,00,90,00,68,F6,
70724436,00000110,false,Rx,0,8,A7,00,00,00,D0,00,44,CC,
70725684,00000050,false,Rx,0,6,41,5C,FF,FB,5F,FF,00,00,
70725685,00000130,false,Rx,0,8,4D,21,00,00,C3,80,E2,91,
70725686,00000100,false,Rx,0,8,43,00,00,00,C0,00,5E,E8,
70727307,00000120,false,Rx,0,8,04,00,00,00,A0,00,79,9F,
70727307,00000110,false,Rx,0,8,A7,00,00,00,E0,00,50,CC,
70728307,00000130,false,Rx,0,8,F8,FF,FF,FF,D0,00,5C,53,
70728308,00000100,false,Rx,0,8,5A,00,00,00,D0,00,51,21,
70729306,00000120,false,Rx,0,8,04,00,00,00,B0,00,74,5F,
70729307,00000110,false,Rx,0,8,62,00,00,00,F0,00,4C,59,
70729308,00000170,false,Rx,0,8,00,00,00,5C,50,81,05,02,
70730433,00000130,false,Rx,0,8,D9,FF,FF,FF,E0,00,4E,E2,
70730434,00000100,false,Rx,0,8,71,00,00,00,E0,00,43,3A,
70731434,00000120,false,Rx,0,8,E7,FF,FF,FF,C0,00,53,FC,
70731434,00000110,false,Rx,0,8,62,00,00,00,00,00,08,59,
70732434,00000130,false,Rx,0,8,F8,FF,FF,FF,F0,00,45,93,
70732434,00000100,false,Rx,0,8,88,00,00,00,F0,00,5A,93,
70733433,00000120,false,Rx,0,8,E7,FF,FF,FF,D0,00,5E,3C,
70733434,00000110,false,Rx,0,8,34,00,00,00,10,00,09,AF,
70734433,00000130,false,Rx,0,8,F8,FF,FF,FF,00,00,01,93,
70734434,00000100,false,Rx,0,8,9F,00,00,00,00,00,1D,B4,
70735559,00000120,false,Rx,0,8,E7,FF,FF,FF,E0,00,4A,3C,
70735560,00000110,false,Rx,0,8,34,00,00,00,20,00,1D,AF,
70736558,00000130,false,Rx,0,8,F8,FF,FF,FF,10,00,0C,53,
70736559,00000100,false,Rx,0,8,88,00,00,00,10,00,13,53,
70737559,00000120,false,Rx,0,8,E7,FF,FF,FF,F0,00,47,FC,
70737559,00000110,false,Rx,0,8,62,00,00,00,30,00,1C,59,
70738558,00000130,false,Rx,0,8,F8,FF,FF,FF,20,00,18,53,
70738558,00000100,false,Rx,0,8,71,00,00,00,20,00,13,3A,
70739682,00000120,false,Rx,0,8,04,00,00,00,00,00,01,9F,
70739683,00000110,false,Rx,0,8,62,00,00,00,40,00,39,99,
70740683,00000130,false,Rx,0,8,D9,FF,FF,FF,30,00,13,22,
70740684,00000100,false,Rx,0,8,5A,00,00,00,30,00,18,E1,
70740684,00000140,false,Rx,0,8,01,00,FF,FF,20,00,18,2E,
70741683,00000120,false,Rx,0,8,04,00,00,00,10,00,0C,5F,
70741684,00000110,false,Rx,0,8,79,00,00,00,50,00,37,B2,
70742683,00000130,false,Rx,0,8,F8,FF,FF,FF,40,00,30,53,
70742684,00000100,false,Rx,0,8,5A,00,00,00,40,00,3D,21,
70743683,00000120,false,Rx,0,8,3D,00,00,00,20,00,1D,36,
70743684,00000110,false,Rx,0,8,79,00,00,00,60,00,23,B2,
70744808,00000130,false,Rx,0,8,F8,FF,FF,FF,50,00,3D,93,
70744809,00000100,false,Rx,0,8,2C,00,00,00,50,00,3B,B7,
70744809,00000120,false,Rx,0,8,3D,00,00,00,30,00,10,F6,
70746059,00000110,false,Rx,0,8,A7,00,00,00,70,00,3C,CC,
70746060,00000050,false,Rx,0,6,41,5C,FF,FB,5F,FF,00,00,
70746061,00000130,false,Rx,0,8,B8,34,03,00,63,80,83,B3,
70747058,00000100,false,Rx,0,8,5A,00,00,00,60,00,24,E1,
70747059,00000120,false,Rx,0,8,20,00,00,00,40,00,36,BB,
70748058,00000110,false,Rx,0,8,A7,00,00,00,80,00,78,CC,
70748059,00000130,false,Rx,0,8,D9,FF,FF,FF,70,00,22,E2,
70749058,00000100,false,Rx,0,8,71,00,00,00,70,00,2F,3A,
70749059,00000120,false,Rx,0,8,20,00,00,00,50,00,3B,7B,
70750183,00000110,false,Rx,0,8,62,00,00,00,90,00,64,59,
70750184,00000130,false,Rx,0,8,D9,FF,FF,FF,80,00,66,E2,
70751183,00000100,false,Rx,0,8,71,00,00,00,80,00,6B,3A,
70751183,00000120,false,Rx,0,8,CB,FF,FF,FF,60,00,2C,50,
70752183,00000110,false,Rx,0,8,62,00,00,00,A0,00,70,59,
70752184,00000130,false,Rx,0,8,F8,FF,FF,FF,90,00,6D,93,
70753183,00000100,false,Rx,0,8,B6,00,00,00,90,00,76,4D,
70753184,00000120,false,Rx,0,8,CB,FF,FF,FF,70,00,21,90,
70754308,00000110,false,Rx,0,8,1D,00,00,00,B0,00,76,56,
70754309,00000130,false,Rx,0,8,D9,FF,FF,FF,A0,00,7F,22,
70755308,00000100,false,Rx,0,8,9F,00,00,00,A0,00,65,B4,
70755309,00000120,false,Rx,0,8,E7,FF,FF,FF,80,00,62,3C,
70756308,00000110,false,Rx,0,8,1D,00,00,00,C0,00,53,96,
70756308,00000130,false,Rx,0,8,B9,FF,FF,FF,B0,00,7B,42,
70757308,00000100,false,Rx,0,8,71,00,00,00,B0,00,7F,3A,
70757309,00000120,false,Rx,0,8,E7,FF,FF,FF,90,00,6F,FC,
70758433,00000110,false,Rx,0,8,62,00,00,00,D0,00,55,99,
70758434,00000130,false,Rx,0,8,F8,FF,FF,FF,C0,00,51,93,
70759433,00000100,false,Rx,0,8,71,00,00,00,C0,00,5A,FA,
70759434,00000120,false,Rx,0,8,E7,FF,FF,FF,A0,00,7B,FC,
70760433,00000110,false,Rx,0,8,62,00,00,00,E0,00,41,99,
70760433,00000130,false,Rx,0,8,F8,FF,FF,FF,D0,00,5C,53,
70761432,00000100,false,Rx,0,8,5A,00,00,00,D0,00,51,21,
70761433,00000140,false,Rx,0,8,01,00,FF,FF,30,00,15,EE,
70761434,00000120,false,Rx,0,8,E7,FF,FF,FF,B0,00,76,3C,
70762558,00000110,false,Rx,0,8,79,00,00,00,F0,00,4F,B2,
70762559,00000130,false,Rx,0,8,F8,FF,FF,FF,E0,00,48,53,
70763558,00000100,false,Rx,0,8,2C,00,00,00,E0,00,4E,77,
70763559,00000120,false,Rx,0,8,3D,00,00,00,C0,00,54,F6,
70764557,00000110,false,Rx,0,8,79,00,00,00,00,00,0B,B2,
70764558,00000130,false,Rx,0,8,D9,FF,FF,FF,F0,00,43,22,
70765558,00000100,false,Rx,0,8,5A,00,00,00,F0,00,48,E1,
70765558,00000120,false,Rx,0,8,3D,00,00,00,D0,00,59,36,
70765559,00000110,false,Rx,0,8,62,00,00,00,10,00,05,99,
70766806,00000050,false,Rx,0,6,41,5C,FF,FB,5F,FF,00,00,
70766808,00000130,false,Rx,0,8,CC,95,FF,FF,03,80,1C,BE,
70766808,00000100,false,Rx,0,8,5A,00,00,00,00,00,0C,E1,
70768472,00000120,false,Rx,0,8,20,00,00,00,E0,00,4E,BB,
70768473,00000110,false,Rx,0,8,62,00,00,00,20,00,11,99,
70769460,00000130,false,Rx,0,8,95,00,00,00,10,00,10,DE,
70769461,00000100,false,Rx,0,8,71,00,00,00,10,00,07,3A,
70770470,00000120,false,Rx,0,8,20,00,00,00,F0,00,43,7B,
70770471,00000110,false,Rx,0,8,62,00,00,00,30,00,1C,59,
70771588,00000130,false,Rx,0,8,D9,FF,FF,FF,20,00,1E,E2,
70771589,00000100,false,Rx,0,8,88,00,00,00,20,00,07,53,
70772586,00000120,false,Rx,0,8,E7,FF,FF,FF,00,00,03,FC,
70772588,00000110,false,Rx,0,8,62,00,00,00,40,00,39,99,
70773586,00000130,false,Rx,0,8,D9,FF,FF,FF,30,00,13,22,
70773587,00000100,false,Rx,0,8,9F,00,00,00,30,00,09,B4,
70774560,00000120,false,Rx,0,8,E7,FF,FF,FF,10,00,0E,3C,
70774561,00000110,false,Rx,0,8,34,00,00,00,50,00,38,6F,
70775558,00000130,false,Rx,0,8,18,00,00,00,40,00,32,03,
70775559,00000100,false,Rx,0,8,9F,00,00,00,40,00,2C,74,
70776683,00000120,false,Rx,0,8,E7,FF,FF,FF,20,00,1A,3C,
70776683,00000110,false,Rx,0,8,34,00,00,00,60,00,2C,6F,
70777682,00000130,false,Rx,0,8,18,00,00,00,50,00,3F,C3,
70777683,00000100,false,Rx,0,8,71,00,00,00,50,00,36,FA,
70778683,00000120,false,Rx,0,8,E7,FF,FF,FF,30,00,17,FC,
70778684,00000110,false,Rx,0,8,62,00,00,00,70,00,2D,99,
70779679,00000130,false,Rx,0,8,D9,FF,FF,FF,60,00,2F,22,
70779679,00000100,false,Rx,0,8,5A,00,00,00,60,00,24,E1,
70780803,00000120,false,Rx,0,8,04,00,00,00,40,00,30,5F,
70780803,00000110,false,Rx,0,8,62,00,00,00,80,00,69,99,
70781802,00000130,false,Rx,0,8,F8,FF,FF,FF,70,00,24,53,
70781803,00000100,false,Rx,0,8,5A,00,00,00,70,00,29,21,
70781803,00000140,false,Rx,0,8,01,00,FF,FF,40,00,30,2E,
70782803,00000120,false,Rx,0,8,04,00,00,00,50,00,3D,9F,
70782803,00000110,false,Rx,0,8,A7,00,00,00,90,00,75,0C,
70783803,00000130,false,Rx,0,8,18,00,00,00,80,00,62,03,
70783803,00000100,false,Rx,0,8,2C,00,00,00,80,00,66,77,
70784929,00000120,false,Rx,0,8,20,00,00,00,60,00,2F,7B,
70784929,00000110,false,Rx,0,8,A7,00,00,00,A0,00,61,0C,
70785928,00000130,false,Rx,0,8,F8,FF,FF,FF,90,00,6D,93,
70785928,00000100,false,Rx,0,8,5A,00,00,00,90,00,60,E1,
70785929,00000120,false,Rx,0,8,20,00,00,00,70,00,22,BB,
70787178,00000110,false,Rx,0,8,62,00,00,00,B0,00,7D,99,
70787178,00000050,false,Rx,0,6,41,5C,FF,FB,5F,FF,00,00,
70787179,00000130,false,Rx,0,8,4C,BA,F5,FF,A3,80,AD,60,
70788178,00000100,false,Rx,0,8,5A,00,00,00,A0,00,74,E1,
70788178,00000120,false,Rx,0,8,04,00,00,00,80,00,60,5F,
70789176,00000110,false,Rx,0,8,62,00,00,00,C0,00,58,59,
70789177,00000130,false,Rx,0,8,76,00,00,00,B0,00,7E,8D,
70790177,00000100,false,Rx,0,8,71,00,00,00,B0,00,7F,3A,
70790178,00000120,false,Rx,0,8,04,00,00,00,90,00,6D,9F,
70791302,00000110,false,Rx,0,8,4B,00,00,00,D0,00,52,60,
70791302,00000130,false,Rx,0,8,F8,FF,FF,FF,C0,00,51,93,
70792301,00000100,false,Rx,0,8,88,00,00,00,C0,00,4E,93,
70792302,00000120,false,Rx,0,8,CB,FF,FF,FF,A0,00,7C,50,
70793301,00000110,false,Rx,0,8,4B,00,00,00,E0,00,46,60,
70793302,00000130,false,Rx,0,8,F8,FF,FF,FF,D0,00,5C,53,
70794307,00000100,false,Rx,0,8,9F,00,00,00,D0,00,40,74,
70794308,00000120,false,Rx,0,8,CB,FF,FF,FF,B0,00,71,90,
70795434,00000110,false,Rx,0,8,4B,00,00,00,F0,00,4B,A0,
70795435,00000130,false,Rx,0,8,F8,FF,FF,FF,E0,00,48,53,
70796462,00000100,false,Rx,0,8,71,00,00,00,E0,00,43,3A,
70796464,00000120,false,Rx,0,8,04,00,00,00,C0,00,51,9F,
70797461,00000110,false,Rx,0,8,4B,00,00,00,00,00,0F,A0,
70797462,00000130,false,Rx,0,8,18,00,00,00,F0,00,47,C3,
70798585,00000100,false,Rx,0,8,71,00,00,00,F0,00,4E,FA,
70798587,00000120,false,Rx,0,8,04,00,00,00,D0,00,5C,5F,
70799587,00000110,false,Rx,0,8,62,00,00,00,10,00,05,99,
70799588,00000130,false,Rx,0,8,18,00,00,00,00,00,03,C3,
70800587,00000100,false,Rx,0,8,5A,00,00,00,00,00,0C,E1,
70800599,00000120,false,Rx,0,8,04,00,00,00,E0,00,48,5F,
70801591,00000110,false,Rx,0,8,62,00,00,00,20,00,11,99,
70801592,00000130,false,Rx,0,8,B9,FF,FF,FF,10,00,03,42,
70802592,00000100,false,Rx,0,8,5A,00,00,00,10,00,01,21,
70802594,00000140,false,Rx,0,8,01,00,FF,FF,50,00,3D,EE,
70802595,00000120,false,Rx,0,8,04,00,00,00,F0,00,45,9F,
70803719,00000110,false,Rx,0,8,A7,00,00,00,30,00,0D,0C,
70803720,00000130,false,Rx,0,8,18,00,00,00,20,00,1A,03,
70804721,00000100,false,Rx,0,8,43,00,00,00,20,00,17,28,
70804723,00000120,false,Rx,0,8,20,00,00,00,00,00,07,7B,
70805740,00000110,false,Rx,0,8,A7,00,00,00,40,00,28,CC,
70805741,00000130,false,Rx,0,8,18,00,00,00,30,00,17,C3,
70806700,00000100,false,Rx,0,8,43,00,00,00,30,00,1A,E8,
70806702,00000120,false,Rx,0,8,20,00,00,00,10,00,0A,BB,
70806702,00000110,false,Rx,0,8,90,00,00,00,50,00,21,4B,
70807989,00000050,false,Rx,0,6,41,5C,FF,FB,5F,FF,00,00,
70807990,00000130,false,Rx,0,8,4D,21,00,00,43,80,83,51,
70807991,00000100,false,Rx,0,8,5A,00,00,00,40,00,3D,21,
70809583,00000120,false,Rx,0,8,E7,FF,FF,FF,20,00,1A,3C,
70809584,00000110,false,Rx,0,8,90,00,00,00,60,00,35,4B,
70810580,00000130,false,Rx,0,8,F8,FF,FF,FF,50,00,3D,93,
70810581,00000100,false,Rx,0,8,71,00,00,00,50,00,36,FA,
70811730,00000120,false,Rx,0,8,E7,FF,FF,FF,30,00,17,FC,
70811740,00000110,false,Rx,0,8,4B,00,00,00,70,00,2A,60,
70812712,00000130,false,Rx,0,8,F8,FF,FF,FF,60,00,29,93,
70812713,00000100,false,Rx,0,8,88,00,00,00,60,00,36,93,
70813680,00000120,false,Rx,0,8,AE,FF,FF,FF,40,00,3C,65,
70813680,00000110,false,Rx,0,8,4B,00,00,00,80,00,6E,60,
70814687,00000130,false,Rx,0,8,37,00,00,00,70,00,21,9C,
70814689,00000100,false,Rx,0,8,88,00,00,00,70,00,3B,53,
70815706,00000120,false,Rx,0,8,AE,FF,FF,FF,50,00,31,A5,
70815707,00000110,false,Rx,0,8,4B,00,00,00,90,00,63,A0,
70816847,00000130,false,Rx,0,8,37,00,00,00,80,00,65,9C,
70816848,00000100,false,Rx,0,8,71,00,00,00,80,00,6B,3A,
70817847,00000120,false,Rx,0,8,04,00,00,00,60,00,29,9F,
70817848,00000110,false,Rx,0,8,4B,00,00,00,A0,00,77,A0,
70818825,00000130,false,Rx,0,8,18,00,00,00,90,00,6F,C3,
70818826,00000100,false,Rx,0,8,71,00,00,00,90,00,66,FA,
70819829,00000120,false,Rx,0,8,04,00,00,00,70,00,24,5F,
70819830,00000110,false,Rx,0,8,62,00,00,00,B0,00,7D,99,
70820818,00000130,false,Rx,0,8,F8,FF,FF,FF,A0,00,79,93,
70820819,00000100,false,Rx,0,8,71,00,00,00,A0,00,72,FA,
70821971,00000135,false,Rx,0,8,A4,00,00,00,50,00,25,3F,
70821972,00000110,false,Rx,0,8,62,00,00,00,C0,00,58,59,
70822952,00000130,false,Rx,0,8,F8,FF,FF,FF,B0,00,74,53,
70822953,00000100,false,Rx,0,8,5A,00,00,00,B0,00,79,21,
70822953,00000140,false,Rx,0,8,01,00,FF,FF,60,00,29,EE,
70823950,00000120,false,Rx,0,8,04,00,00,00,80,00,60,5F,
70823951,00000110,false,Rx,0,8,A7,00,00,00,D0,00,44,CC,
70824941,00000130,false,Rx,0,8,F8,FF,FF,FF,C0,00,51,93,
70824942,00000100,false,Rx,0,8,5A,00,00,00,C0,00,5C,E1,
70826097,00000120,false,Rx,0,8,04,00,00,00,90,00,6D,9F,
70826097,00000110,false,Rx,0,8,A7,00,00,00,E0,00,50,CC,
70827068,00000130,false,Rx,0,8,D9,FF,FF,FF,D0,00,5A,E2,
70827069,00000100,false,Rx,0,8,5A,00,00,00,D0,00,51,21,
70827069,00000120,false,Rx,0,8,04,00,00,00,A0,00,79,9F,
70828327,00000110,false,Rx,0,8,A7,00,00,00,F0,00,5D,0C,
70828328,00000050,false,Rx,0,6,41,5C,FF,FB,5F,FF,00,00,
70828328,00000130,false,Rx,0,8,D8,34,03,00,E3,80,EB,D3,
70829346,00000100,false,Rx,0,8,5A,00,00,00,E0,00,45,21,
70829347,00000120,false,Rx,0,8,E7,FF,FF,FF,B0,00,76,3C,
70830325,00000110,false,Rx,0,8,A7,00,00,00,00,00,19,0C,
70830325,00000130,false,Rx,0,8,F8,FF,FF,FF,F0,00,45,93,
70831471,00000100,false,Rx,0,8,5A,00,00,00,F0,00,48,E1,
70831472,00000120,false,Rx,0,8,E7,FF,FF,FF,C0,00,53,FC,
70832476,00000110,false,Rx,0,8,4B,00,00,00,10,00,02,60,
70832476,00000170,false,Rx,0,8,00,00,00,5D,50,81,05,9F,
70832477,00000130,false,Rx,0,8,18,00,00,00,00,00,03,C3,
70833451,00000100,false,Rx,0,8,9F,00,00,00,00,00,1D,B4,
70833452,00000120,false,Rx,0,8,CB,FF,FF,FF,D0,00,59,90,
70834451,00000110,false,Rx,0,8,4B,00,00,00,20,00,16,60,
70834452,00000130,false,Rx,0,8,F8,FF,FF,FF,10,00,0C,53,
70835452,00000100,false,Rx,0,8,88,00,00,00,10,00,13,53,
70835453,00000120,false,Rx,0,8,CB,FF,FF,FF,E0,00,4D,90,
70836578,00000110,false,Rx,0,8,4B,00,00,00,30,00,1B,A0,
70836579,00000130,false,Rx,0,8,F8,FF,FF,FF,20,00,18,53,
70837577,00000100,false,Rx,0,8,5A,00,00,00,20,00,15,21,
70837578,00000120,false,Rx,0,8,E7,FF,FF,FF,F0,00,47,FC,
70838583,00000110,false,Rx,0,8,4B,00,00,00,40,00,3E,60,
70838584,00000130,false,Rx,0,8,18,00,00,00,30,00,17,C3,
70839680,00000100,false,Rx,0,8,71,00,00,00,30,00,1E,FA,
70839680,00000120,false,Rx,0,8,E7,FF,FF,FF,00,00,03,FC,
70840697,00000110,false,Rx,0,8,62,00,00,00,50,00,34,59,
70840698,00000130,false,Rx,0,8,18,00,00,00,40,00,32,03,
70841726,00000100,false,Rx,0,8,5A,00,00,00,40,00,3D,21,
70841726,00000120,false,Rx,0,8,20,00,00,00,10,00,0A,BB,
70842725,00000110,false,Rx,0,8,62,00,00,00,60,00,20,59,
70842726,00000130,false,Rx,0,8,18,00,00,00,50,00,3F,C3,
70843711,00000100,false,Rx,0,8,2C,00,00,00,50,00,3B,B7,
70843712,00000140,false,Rx,0,8,01,00,FF,FF,70,00,24,2E,
70843713,00000120,false,Rx,0,8,20,00,00,00,20,00,1E,BB,
70844847,00000110,false,Rx,0,8,A7,00,00,00,70,00,3C,CC,
70844847,00000130,false,Rx,0,8,F8,FF,FF,FF,60,00,29,93,
70845846,00000100,false,Rx,0,8,5A,00,00,00,60,00,24,E1,
70845847,00000120,false,Rx,0,8,20,00,00,00,30,00,13,7B,
70846843,00000110,false,Rx,0,8,A7,00,00,00,80,00,78,CC,
70846844,00000130,false,Rx,0,8,F8,FF,FF,FF,70,00,24,53,
70847830,00000100,false,Rx,0,8,5A,00,00,00,70,00,29,21,
70847831,00000120,false,Rx,0,8,20,00,00,00,40,00,36,BB,
70847832,00000110,false,Rx,0,8,79,00,00,00,90,00,67,B2,
70849097,00000050,false,Rx,0,6,41,5C,FF,FB,5F,FF,00,00,
70849097,00000130,false,Rx,0,8,EB,95,FF,FF,83,80,7B,A9,
70849098,00000100,false,Rx,0,8,5A,00,00,00,80,00,6D,21,
70850686,00000120,false,Rx,0,8,04,00,00,00,50,00,3D,9F,
70850687,00000110,false,Rx,0,8,79,00,00,00,A0,00,73,B2,
70851679,00000130,false,Rx,0,8,95,00,00,00,90,00,71,1E,
70851680,00000100,false,Rx,0,8,88,00,00,00,90,00,72,93,
70852804,00000120,false,Rx,0,8,04,00,00,00,60,00,29,9F,
70852805,00000110,false,Rx,0,8,34,00,00,00,B0,00,71,AF,
70853848,00000130,false,Rx,0,8,D9,FF,FF,FF,A0,00,7F,22,
70853849,00000100,false,Rx,0,8,9F,00,00,00,A0,00,65,B4,
70854848,00000120,false,Rx,0,8,E7,FF,FF,FF,70,00,26,3C,
70854850,00000110,false,Rx,0,8,34,00,00,00,C0,00,54,6F,
70855826,00000130,false,Rx,0,8,37,00,00,00,B0,00,71,9C,
70855827,00000100,false,Rx,0,8,88,00,00,00,B0,00,6B,53,
70856812,00000120,false,Rx,0,8,E7,FF,FF,FF,80,00,62,3C,
70856813,00000110,false,Rx,0,8,62,00,00,00,D0,00,55,99,
70857971,00000130,false,Rx,0,8,F8,FF,FF,FF,C0,00,51,93,
70857972,00000100,false,Rx,0,8,71,00,00,00,C0,00,5A,FA,
70858971,00000120,false,Rx,0,8,20,00,00,00,90,00,6B,7B,
70858972,00000110,false,Rx,0,8,62,00,00,00,E0,00,41,99,
70859951,00000130,false,Rx,0,8,F8,FF,FF,FF,D0,00,5C,53,
70859951,00000100,false,Rx,0,8,71,00,00,00,D0,00,57,3A,
70860956,00000120,false,Rx,0,8,20,00,00,00,A0,00,7F,7B,
70860957,00000110,false,Rx,0,8,79,00,00,00,F0,00,4F,B2,
70861942,00000130,false,Rx,0,8,18,00,00,00,E0,00,4A,03,
70861943,00000100,false,Rx,0,8,71,00,00,00,E0,00,43,3A,
70863096,00000120,false,Rx,0,8,3D,00,00,00,B0,00,71,36,
70863097,00000110,false,Rx,0,8,79,00,00,00,00,00,0B,B2,
70864101,00000130,false,Rx,0,8,18,00,00,00,F0,00,47,C3,
70864102,00000100,false,Rx,0,8,2C,00,00,00,F0,00,43,B7,
70864103,00000140,false,Rx,0,8,01,00,FF,FF,80,00,60,2E,
70865090,00000120,false,Rx,0,8,3D,00,00,00,C0,00,54,F6,
70865091,00000110,false,Rx,0,8,79,00,00,00,10,00,06,72,
70866221,00000130,false,Rx,0,8,18,00,00,00,00,00,03,C3,
70866222,00000100,false,Rx,0,8,71,00,00,00,00,00,0A,FA,
70867221,00000120,false,Rx,0,8,04,00,00,00,D0,00,5C,5F,
70867222,00000110,false,Rx,0,8,79,00,00,00,20,00,12,72,
70868201,00000130,false,Rx,0,8,D9,FF,FF,FF,10,00,0A,E2,
70868202,00000100,false,Rx,0,8,5A,00,00,00,10,00,01,21,
70868202,00000120,false,Rx,0,8,04,00,00,00,E0,00,48,5F,
70869471,00000110,false,Rx,0,8,62,00,00,00,30,00,1C,59,
70869471,00000050,false,Rx,0,6,41,5C,FF,FB,5F,FF,00,00,
70869472,00000130,false,Rx,0,8,6B,BA,F5,FF,23,80,CA,77,
70870473,00000100,false,Rx,0,8,71,00,00,00,20,00,13,3A,
70870474,00000120,false,Rx,0,8,CB,FF,FF,FF,F0,00,40,50,
70871449,00000110,false,Rx,0,8,62,00,00,00,40,00,39,99,
70871450,00000130,false,Rx,0,8,76,00,00,00,30,00,1F,4D,
70872554,00000100,false,Rx,0,8,88,00,00,00,30,00,0A,93,
70872555,00000120,false,Rx,0,8,CB,FF,FF,FF,00,00,04,50,
70873554,00000110,false,Rx,0,8,34,00,00,00,50,00,38,6F,
70873555,00000130,false,Rx,0,8,18,00,00,00,40,00,32,03,
70874583,00000100,false,Rx,0,8,9F,00,00,00,40,00,2C,74,
70874584,00000120,false,Rx,0,8,E7,FF,FF,FF,10,00,0E,3C,
70875567,00000110,false,Rx,0,8,34,00,00,00,60,00,2C,6F,
70875568,00000130,false,Rx,0,8,D9,FF,FF,FF,50,00,3B,22,
70876679,00000100,false,Rx,0,8,88,00,00,00,50,00,22,93,
70876679,00000120,false,Rx,0,8,E7,FF,FF,FF,20,00,1A,3C,
70877679,00000110,false,Rx,0,8,62,00,00,00,70,00,2D,99,
70877680,00000130,false,Rx,0,8,18,00,00,00,60,00,2B,C3,
70878698,00000100,false,Rx,0,8,71,00,00,00,60,00,22,FA,
70878699,00000120,false,Rx,0,8,04,00,00,00,30,00,15,9F,
70879700,00000110,false,Rx,0,8,62,00,00,00,80,00,69,99,
70879701,00000130,false,Rx,0,8,18,00,00,00,70,00,26,03,
70880698,00000100,false,Rx,0,8,5A,00,00,00,70,00,29,21,
70880699,00000120,false,Rx,0,8,04,00,00,00,40,00,30,5F,
70881843,00000110,false,Rx,0,8,79,00,00,00,90,00,67,B2,
70881844,00000130,false,Rx,0,8,D9,FF,FF,FF,80,00,66,E2,
70882846,00000100,false,Rx,0,8,5A,00,00,00,80,00,6D,21,
70882846,00000120,false,Rx,0,8,3D,00,00,00,50,00,38,F6,
70883825,00000110,false,Rx,0,8,79,00,00,00,A0,00,73,B2,
70883825,00000130,false,Rx,0,8,37,00,00,00,90,00,68,5C,
70884836,00000100,false,Rx,0,8,43,00,00,00,90,00,62,E8,
70884837,00000140,false,Rx,0,8,01,00,FF,FF,90,00,6D,EE,
70884838,00000120,false,Rx,0,8,3D,00,00,00,60,00,2C,F6,
70885973,00000110,false,Rx,0,8,79,00,00,00,B0,00,7E,72,
70885974,00000130,false,Rx,0,8,18,00,00,00,A0,00,7B,C3,
70886950,00000100,false,Rx,0,8,5A,00,00,00,A0,00,74,E1,
70886951,00000120,false,Rx,0,8,E7,FF,FF,FF,70,00,26,3C,
70887941,00000110,false,Rx,0,8,79,00,00,00,C0,00,5B,B2,
70887942,00000130,false,Rx,0,8,F8,FF,FF,FF,B0,00,74,53,
70888961,00000100,false,Rx,0,8,5A,00,00,00,B0,00,79,21,
70888962,00000120,false,Rx,0,8,E7,FF,FF,FF,80,00,62,3C,
70888963,00000110,false,Rx,0,8,90,00,00,00,D0,00,40,8B,
70890191,00000050,false,Rx,0,6,41,5C,FF,FB,5F,FF,00,00,
70890192,00000130,false,Rx,0,8,4D,21,00,00,C3,80,E2,91,
70890192,00000100,false,Rx,0,8,71,00,00,00,C0,00,5A,FA,
70891848,00000120,false,Rx,0,8,E7,FF,FF,FF,90,00,6F,FC,
70891848,00000110,false,Rx,0,8,90,00,00,00,E0,00,54,8B,
70892821,00000130,false,Rx,0,8,B9,FF,FF,FF,D0,00,53,42,
70892821,00000100,false,Rx,0,8,9F,00,00,00,D0,00,40,74,
70893816,00000120,false,Rx,0,8,E7,FF,FF,FF,A0,00,7B,FC,
70893817,00000110,false,Rx,0,8,34,00,00,00,F0,00,40,6F,
70894972,00000130,false,Rx,0,8,18,00,00,00,E0,00,4A,03,
70894972,00000100,false,Rx,0,8,88,00,00,00,E0,00,57,53,
70895970,00000120,false,Rx,0,8,E7,FF,FF,FF,B0,00,76,3C,
70895971,00000110,false,Rx,0,8,34,00,00,00,00,00,04,6F,
70896950,00000130,false,Rx,0,8,18,00,00,00,F0,00,47,C3,
70896951,00000100,false,Rx,0,8,71,00,00,00,F0,00,4E,FA,
70898095,00000120,false,Rx,0,8,E7,FF,FF,FF,C0,00,53,FC,
70898096,00000110,false,Rx,0,8,4B,00,00,00,10,00,02,60,
70899097,00000130,false,Rx,0,8,18,00,00,00,00,00,03,C3,
70899097,00000100,false,Rx,0,8,5A,00,00,00,00,00,0C,E1,
70900075,00000120,false,Rx,0,8,04,00,00,00,D0,00,5C,5F,
70900076,00000110,false,Rx,0,8,4B,00,00,00,20,00,16,60,
70901077,00000130,false,Rx,0,8,18,00,00,00,10,00,0E,03,
70901077,00000100,false,Rx,0,8,71,00,00,00,10,00,07,3A,
70902066,00000120,false,Rx,0,8,04,00,00,00,E0,00,48,5F,
70902067,00000110,false,Rx,0,8,79,00,00,00,30,00,1F,B2,
70903220,00000130,false,Rx,0,8,18,00,00,00,20,00,1A,03,
70903221,00000100,false,Rx,0,8,43,00,00,00,20,00,17,28,
70904225,00000120,false,Rx,0,8,3D,00,00,00,F0,00,40,F6,
70904226,00000110,false,Rx,0,8,79,00,00,00,40,00,3A,72,
70905222,00000130,false,Rx,0,8,F8,FF,FF,FF,30,00,15,93,
70905223,00000100,false,Rx,0,8,5A,00,00,00,30,00,18,E1,
70905223,00000140,false,Rx,0,8,01,00,FF,FF,A0,00,79,EE,
70906197,00000120,false,Rx,0,8,3D,00,00,00,00,00,04,F6,
70906198,00000110,false,Rx,0,8,79,00,00,00,50,00,37,B2,
70907350,00000130,false,Rx,0,8,37,00,00,00,40,00,35,9C,
70907351,00000100,false,Rx,0,8,5A,00,00,00,40,00,3D,21,
70908325,00000120,false,Rx,0,8,04,00,00,00,10,00,0C,5F,
70908326,00000110,false,Rx,0,8,79,00,00,00,60,00,23,B2,
70909314,00000130,false,Rx,0,8,18,00,00,00,50,00,3F,C3,
70909315,00000100,false,Rx,0,8,71,00,00,00,50,00,36,FA,
70909316,00000120,false,Rx,0,8,04,00,00,00,20,00,18,5F,
70910553,00000110,false,Rx,0,8,79,00,00,00,70,00,2E,72,
70910554,00000050,false,Rx,0,6,41,5C,FF,FB,5F,FF,00,00,
70910555,00000130,false,Rx,0,8,B8,34,03,00,63,80,83,B3,
70911557,00000100,false,Rx,0,8,71,00,00,00,60,00,22,FA,
70911558,00000120,false,Rx,0,8,E7,FF,FF,FF,30,00,17,FC,
70912590,00000110,false,Rx,0,8,79,00,00,00,80,00,6A,72,
70912606,00000130,false,Rx,0,8,F8,FF,FF,FF,70,00,24,53,
70913679,00000100,false,Rx,0,8,9F,00,00,00,70,00,38,74,
70913679,00000120,false,Rx,0,8,E7,FF,FF,FF,40,00,32,3C,
70914678,00000110,false,Rx,0,8,34,00,00,00,90,00,68,6F,
70914679,00000130,false,Rx,0,8,18,00,00,00,80,00,62,03,
70915678,00000100,false,Rx,0,8,71,00,00,00,80,00,6B,3A,
70915679,00000120,false,Rx,0,8,04,00,00,00,50,00,3D,9F,
70916846,00000110,false,Rx,0,8,34,00,00,00,A0,00,7C,6F,
70916847,00000130,false,Rx,0,8,F8,FF,FF,FF,90,00,6D,93,
70917848,00000100,false,Rx,0,8,71,00,00,00,90,00,66,FA,
70917848,00000120,false,Rx,0,8,04,00,00,00,60,00,29,9F,
70918846,00000110,false,Rx,0,8,62,00,00,00,B0,00,7D,99,
70918846,00000130,false,Rx,0,8,F8,FF,FF,FF,A0,00,79,93,
70919827,00000100,false,Rx,0,8,71,00,00,00,A0,00,72,FA,
70919828,00000120,false,Rx,0,8,E7,FF,FF,FF,70,00,26,3C,
70920813,00000110,false,Rx,0,8,62,00,00,00,C0,00,58,59,
70920814,00000130,false,Rx,0,8,37,00,00,00,B0,00,71,9C,
70921971,00000100,false,Rx,0,8,5A,00,00,00,B0,00,79,21,
70921972,00000120,false,Rx,0,8,E7,FF,FF,FF,80,00,62,3C,
70922967,00000110,false,Rx,0,8,90,00,00,00,D0,00,40,8B,
70922967,00000130,false,Rx,0,8,F8,FF,FF,FF,C0,00,51,93,
70923949,00000100,false,Rx,0,8,2C,00,00,00,C0,00,57,B7,
70923950,00000120,false,Rx,0,8,20,00,00,00,90,00,6B,7B,
70924954,00000110,false,Rx,0,8,90,00,00,00,E0,00,54,8B,
70924954,00000130,false,Rx,0,8,F8,FF,FF,FF,D0,00,5C,53,
70925939,00000100,false,Rx,0,8,43,00,00,00,D0,00,53,28,
70925940,00000140,false,Rx,0,8,01,00,FF,FF,B0,00,74,2E,
70925940,00000120,false,Rx,0,8,20,00,00,00,A0,00,7F,7B,
70927096,00000110,false,Rx,0,8,62,00,00,00,F0,00,4C,59,
70927096,00000130,false,Rx,0,8,D9,FF,FF,FF,E0,00,4E,E2,
70928095,00000100,false,Rx,0,8,71,00,00,00,E0,00,43,3A,
70928095,00000120,false,Rx,0,8,04,00,00,00,B0,00,74,5F,
70929080,00000110,false,Rx,0,8,62,00,00,00,00,00,08,59,
70929081,00000130,false,Rx,0,8,F8,FF,FF,FF,F0,00,45,93,
70930072,00000100,false,Rx,0,8,88,00,00,00,F0,00,5A,93,
70930073,00000120,false,Rx,0,8,04,00,00,00,C0,00,51,9F,
70930073,00000110,false,Rx,0,8,4B,00,00,00,10,00,02,60,
70931344,00000050,false,Rx,0,6,41,5C,FF,FB,5F,FF,00,00,
70931344,00000130,false,Rx,0,8,EB,95,FF,FF,03,80,1A,69,
70931345,00000100,false,Rx,0,8,88,00,00,00,00,00,1E,93,
70932970,00000120,false,Rx,0,8,CB,FF,FF,FF,D0,00,59,90,
70932971,00000110,false,Rx,0,8,4B,00,00,00,20,00,16,60,
70933953,00000130,false,Rx,0,8,B5,00,00,00,10,00,17,BE,
70933954,00000100,false,Rx,0,8,9F,00,00,00,10,00,10,74,
70934939,00000120,false,Rx,0,8,CB,FF,FF,FF,E0,00,4D,90,
70934939,00000110,false,Rx,0,8,4B,00,00,00,30,00,1B,A0,
70934940,00000170,false,Rx,0,8,00,00,00,5E,50,81,05,25,
70936094,00000130,false,Rx,0,8,18,00,00,00,20,00,1A,03,
70936095,00000100,false,Rx,0,8,88,00,00,00,20,00,07,53,
70937073,00000120,false,Rx,0,8,04,00,00,00,F0,00,45,9F,
70937074,00000110,false,Rx,0,8,4B,00,00,00,40,00,3E,60,
70938075,00000130,false,Rx,0,8,18,00,00,00,30,00,17,C3,
70938075,00000100,false,Rx,0,8,71,00,00,00,30,00,1E,FA,
70939220,00000120,false,Rx,0,8,04,00,00,00,00,00,01,9F,
70939221,00000110,false,Rx,0,8,62,00,00,00,50,00,34,59,
70940190,00000130,false,Rx,0,8,18,00,00,00,40,00,32,03,
70940191,00000100,false,Rx,0,8,71,00,00,00,40,00,3B,3A,
70941222,00000120,false,Rx,0,8,04,00,00,00,10,00,0C,5F,
70941223,00000110,false,Rx,0,8,62,00,00,00,60,00,20,59,
70942197,00000130,false,Rx,0,8,F8,FF,FF,FF,50,00,3D,93,
70942198,00000100,false,Rx,0,8,5A,00,00,00,50,00,30,E1,
70943188,00000120,false,Rx,0,8,04,00,00,00,20,00,18,5F,
70943189,00000110,false,Rx,0,8,90,00,00,00,70,00,38,8B,
70944350,00000130,false,Rx,0,8,18,00,00,00,60,00,2B,C3,
70944351,00000100,false,Rx,0,8,2C,00,00,00,60,00,2F,B7,
70945344,00000120,false,Rx,0,8,20,00,00,00,30,00,13,7B,
70945345,00000110,false,Rx,0,8,90,00,00,00,80,00,7C,8B,
70946322,00000130,false,Rx,0,8,F8,FF,FF,FF,70,00,24,53,
70946322,00000100,false,Rx,0,8,43,00,00,00,70,00,2B,28,
70946323,00000140,false,Rx,0,8,01,00,FF,FF,C0,00,51,EE,
70947312,00000120,false,Rx,0,8,20,00,00,00,40,00,36,BB,
70947312,00000110,false,Rx,0,8,62,00,00,00,90,00,64,59,
70948430,00000130,false,Rx,0,8,18,00,00,00,80,00,62,03,
70948430,00000100,false,Rx,0,8,71,00,00,00,80,00,6B,3A,
70949449,00000120,false,Rx,0,8,04,00,00,00,50,00,3D,9F,
70949450,00000110,false,Rx,0,8,62,00,00,00,A0,00,70,59,
70950447,00000130,false,Rx,0,8,F8,FF,FF,FF,90,00,6D,93,
70950448,00000100,false,Rx,0,8,71,00,00,00,90,00,66,FA,
70950449,00000120,false,Rx,0,8,04,00,00,00,60,00,29,9F,
70951714,00000110,false,Rx,0,8,4B,00,00,00,B0,00,7A,60,
70951715,00000050,false,Rx,0,6,41,5C,FF,FB,5F,FF,00,00,
70951716,00000130,false,Rx,0,8,4C,BA,F5,FF,A3,80,AD,60,
70952685,00000100,false,Rx,0,8,88,00,00,00,A0,00,66,93,
70952686,00000120,false,Rx,0,8,CB,FF,FF,FF,70,00,21,90,
70953677,00000110,false,Rx,0,8,4B,00,00,00,C0,00,5F,A0,
70953678,00000130,false,Rx,0,8,95,00,00,00,B0,00,68,DE,
70954845,00000100,false,Rx,0,8,9F,00,00,00,B0,00,68,74,
70954845,00000120,false,Rx,0,8,CB,FF,FF,FF,80,00,65,90,
70955831,00000110,false,Rx,0,8,4B,00,00,00,D0,00,52,60,
70955831,00000130,false,Rx,0,8,F8,FF,FF,FF,C0,00,51,93,
70956831,00000100,false,Rx,0,8,88,00,00,00,C0,00,4E,93,
70956831,00000120,false,Rx,0,8,E7,FF,FF,FF,90,00,6F,FC,
70957815,00000110,false,Rx,0,8,4B,00,00,00,E0,00,46,60,
70957816,00000130,false,Rx,0,8,18,00,00,00,D0,00,5E,03,
70958970,00000100,false,Rx,0,8,71,00,00,00,D0,00,57,3A,
70958971,00000120,false,Rx,0,8,E7,FF,FF,FF,A0,00,7B,FC,
70959970,00000110,false,Rx,0,8,62,00,00,00,F0,00,4C,59,
70959971,00000130,false,Rx,0,8,F8,FF,FF,FF,E0,00,48,53,
70960948,00000100,false,Rx,0,8,5A,00,00,00,E0,00,45,21,
70960949,00000120,false,Rx,0,8,20,00,00,00,B0,00,72,BB,
70961938,00000110,false,Rx,0,8,62,00,00,00,00,00,08,59,
70961939,00000130,false,Rx,0,8,18,00,00,00,F0,00,47,C3,
70963095,00000100,false,Rx,0,8,5A,00,00,00,F0,00,48,E1,
70963096,00000120,false,Rx,0,8,20,00,00,00,C0,00,57,7B,
70964098,00000110,false,Rx,0,8,90,00,00,00,10,00,10,8B,
70964099,00000130,false,Rx,0,8,D9,FF,FF,FF,00,00,07,22,
70965085,00000100,false,Rx,0,8,43,00,00,00,00,00,0E,E8,
70965086,00000120,false,Rx,0,8,20,00,00,00,D0,00,5A,BB,
70966063,00000110,false,Rx,0,8,90,00,00,00,20,00,04,8B,
70966063,00000130,false,Rx,0,8,18,00,00,00,10,00,0E,03,
70967219,00000100,false,Rx,0,8,71,00,00,00,10,00,07,3A,
70967219,00000140,false,Rx,0,8,01,00,FF,FF,D0,00,5C,2E,
70967220,00000120,false,Rx,0,8,20,00,00,00,E0,00,4E,BB,
70968220,00000110,false,Rx,0,8,79,00,00,00,30,00,1F,B2,
70968221,00000130,false,Rx,0,8,F8,FF,FF,FF,20,00,18,53,
70969226,00000100,false,Rx,0,8,71,00,00,00,20,00,13,3A,
70969226,00000120,false,Rx,0,8,04,00,00,00,F0,00,45,9F,
70970198,00000110,false,Rx,0,8,79,00,00,00,40,00,3A,72,
70970199,00000130,false,Rx,0,8,18,00,00,00,30,00,17,C3,
70971211,00000100,false,Rx,0,8,71,00,00,00,30,00,1E,FA,
70971212,00000120,false,Rx,0,8,04,00,00,00,00,00,01,9F,
70971213,00000110,false,Rx,0,8,62,00,00,00,50,00,34,59,
70972469,00000050,false,Rx,0,6,41,5C,FF,FB,5F,FF,00,00,
70972470,00000130,false,Rx,0,8,4D,21,00,00,43,80,83,51,
70972470,00000100,false,Rx,0,8,9F,00,00,00,40,00,2C,74,
70974054,00000120,false,Rx,0,8,CB,FF,FF,FF,10,00,09,90,
70974054,00000110,false,Rx,0,8,62,00,00,00,60,00,20,59,
70975053,00000130,false,Rx,0,8,F8,FF,FF,FF,50,00,3D,93,
70975054,00000100,false,Rx,0,8,88,00,00,00,50,00,22,93,
70976180,00000120,false,Rx,0,8,CB,FF,FF,FF,20,00,1D,90,
70976180,00000110,false,Rx,0,8,4B,00,00,00,70,00,2A,60,
70977178,00000130,false,Rx,0,8,D9,FF,FF,FF,60,00,2F,22,
70977178,00000100,false,Rx,0,8,71,00,00,00,60,00,22,FA,
70978177,00000120,false,Rx,0,8,E7,FF,FF,FF,30,00,17,FC,
70978177,00000110,false,Rx,0,8,4B,00,00,00,80,00,6E,60,
70979176,00000130,false,Rx,0,8,D9,FF,FF,FF,70,00,22,E2,
70979177,00000100,false,Rx,0,8,5A,00,00,00,70,00,29,21,
70980302,00000120,false,Rx,0,8,E7,FF,FF,FF,40,00,32,3C,
70980303,00000110,false,Rx,0,8,62,00,00,00,90,00,64,59,
70981308,00000130,false,Rx,0,8,D9,FF,FF,FF,80,00,66,E2,
70981309,00000100,false,Rx,0,8,5A,00,00,00,80,00,6D,21,
70982303,00000120,false,Rx,0,8,20,00,00,00,50,00,3B,7B,
70982303,00000110,false,Rx,0,8,62,00,00,00,A0,00,70,59,
70983303,00000130,false,Rx,0,8,D9,FF,FF,FF,90,00,6B,22,
70983304,00000100,false,Rx,0,8,43,00,00,00,90,00,62,E8,
70984428,00000120,false,Rx,0,8,20,00,00,00,60,00,2F,7B,
70984429,00000110,false,Rx,0,8,90,00,00,00,B0,00,68,8B,
70985428,00000130,false,Rx,0,8,D9,FF,FF,FF,A0,00,7F,22,
70985428,00000100,false,Rx,0,8,5A,00,00,00,A0,00,74,E1,
70986428,00000120,false,Rx,0,8,04,00,00,00,70,00,24,5F,
70986429,00000110,false,Rx,0,8,90,00,00,00,C0,00,4D,4B,
70987428,00000130,false,Rx,0,8,D9,FF,FF,FF,B0,00,72,E2,
70987428,00000100,false,Rx,0,8,71,00,00,00,B0,00,7F,3A,
70987429,00000140,false,Rx,0,8,01,00,FF,FF,E0,00,48,2E,
70988428,00000120,false,Rx,0,8,04,00,00,00,80,00,60,5F,
70988429,00000110,false,Rx,0,8,79,00,00,00,D0,00,56,72,
70989553,00000130,false,Rx,0,8,F8,FF,FF,FF,C0,00,51,93,
70989553,00000100,false,Rx,0,8,5A,00,00,00,C0,00,5C,E1,
70990553,00000120,false,Rx,0,8,04,00,00,00,90,00,6D,9F,
70990553,00000110,false,Rx,0,8,79,00,00,00,E0,00,42,72,
70991552,00000130,false,Rx,0,8,18,00,00,00,D0,00,5E,03,
70991553,00000100,false,Rx,0,8,71,00,00,00,D0,00,57,3A,
70991554,00000120,false,Rx,0,8,04,00,00,00,A0,00,79,9F,
70992803,00000110,false,Rx,0,8,62,00,00,00,F0,00,4C,59,
70992803,00000050,false,Rx,0,6,41,5C,FF,FB,5F,FF,00,00,
70992804,00000130,false,Rx,0,8,B8,34,03,00,E3,80,E2,73,
70993802,00000100,false,Rx,0,8,9F,00,00,00,E0,00,54,74,
70993803,00000120,false,Rx,0,8,E7,FF,FF,FF,B0,00,76,3C,
70994802,00000110,false,Rx,0,8,62,00,00,00,00,00,08,59,
70994803,00000130,false,Rx,0,8,F8,FF,FF,FF,F0,00,45,93,
70995928,00000100,false,Rx,0,8,71,00,00,00,F0,00,4E,FA,
70995928,00000120,false,Rx,0,8,E7,FF,FF,FF,C0,00,53,FC,
70996928,00000110,false,Rx,0,8,4B,00,00,00,10,00,02,60,
70996928,00000130,false,Rx,0,8,18,00,00,00,00,00,03,C3,
70997927,00000100,false,Rx,0,8,71,00,00,00,00,00,0A,FA,
70997928,00000120,false,Rx,0,8,04,00,00,00,D0,00,5C,5F,
70999053,00000110,false,Rx,0,8,4B,00,00,00,20,00,16,60,
70999053,00000130,false,Rx,0,8,F8,FF,FF,FF,10,00,0C,53,
71000053,00000100,false,Rx,0,8,71,00,00,00,10,00,07,3A,
71000053,00000120,false,Rx,0,8,04,00,00,00,E0,00,48,5F,
71001053,00000110,false,Rx,0,8,62,00,00,00,30,00,1C,59,
71001053,00000130,false,Rx,0,8,18,00,00,00,20,00,1A,03,
71002053,00000100,false,Rx,0,8,5A,00,00,00,20,00,15,21,
71002053,00000120,false,Rx,0,8,04,00,00,00,F0,00,45,9F,
71003052,00000110,false,Rx,0,8,62,00,00,00,40,00,39,99,
71003053,00000130,false,Rx,0,8,18,00,00,00,30,00,17,C3,
71004177,00000100,false,Rx,0,8,43,00,00,00,30,00,1A,E8,
71004178,00000120,false,Rx,0,8,04,00,00,00,00,00,01,9F,
71005177,00000110,false,Rx,0,8,79,00,00,00,50,00,37,B2,
71005178,00000130,false,Rx,0,8,F8,FF,FF,FF,40,00,30,53,
71006178,00000100,false,Rx,0,8,5A,00,00,00,40,00,3D,21,
71006178,00000120,false,Rx,0,8,04,00,00,00,10,00,0C,5F,
71007177,00000110,false,Rx,0,8,79,00,00,00,60,00,23,B2,
71007177,00000130,false,Rx,0,8,18,00,00,00,50,00,3F,C3,
71008302,00000100,false,Rx,0,8,5A,00,00,00,50,00,30,E1,
71008303,00000140,false,Rx,0,8,01,00,FF,FF,F0,00,45,EE,
71008303,00000120,false,Rx,0,8,04,00,00,00,20,00,18,5F,
71009302,00000110,false,Rx,0,8,62,00,00,00,70,00,2D,99,
71009303,00000130,false,Rx,0,8,F8,FF,FF,FF,60,00,29,93,
71010303,00000100,false,Rx,0,8,71,00,00,00,60,00,22,FA,
71010303,00000120,false,Rx,0,8,CB,FF,FF,FF,30,00,10,50,
71011302,00000110,false,Rx,0,8,62,00,00,00,80,00,69,99,
71011303,00000130,false,Rx,0,8,18,00,00,00,70,00,26,03,
71012302,00000100,false,Rx,0,8,88,00,00,00,70,00,3B,53,
71012303,00000120,false,Rx,0,8,CB,FF,FF,FF,40,00,35,90,
71012303,00000110,false,Rx,0,8,1D,00,00,00,90,00,6F,96,
71013552,00000050,false,Rx,0,6,41,5C,FF,FB,5F,FF,00,00,
71013553,00000130,false,Rx,0,8,EB,95,FF,FF,83,80,7B,A9,
71013553,00000100,false,Rx,0,8,9F,00,00,00,80,00,7C,74,
71015216,00000120,false,Rx,0,8,E7,FF,FF,FF,50,00,3F,FC,
71015217,00000110,false,Rx,0,8,1D,00,00,00,A0,00,7B,96,
71016217,00000130,false,Rx,0,8,76,00,00,00,90,00,67,4D,
71016218,00000100,false,Rx,0,8,71,00,00,00,90,00,66,FA,
71017342,00000120,false,Rx,0,8,E7,FF,FF,FF,60,00,2B,FC,
71017343,00000110,false,Rx,0,8,62,00,00,00,B0,00,7D,99,
71018332,00000130,false,Rx,0,8,F8,FF,FF,FF,A0,00,79,93,
71018343,00000100,false,Rx,0,8,71,00,00,00,A0,00,72,FA,
71019309,00000120,false,Rx,0,8,04,00,00,00,70,00,24,5F,
71019311,00000110,false,Rx,0,8,62,00,00,00,C0,00,58,59,
71020304,00000130,false,Rx,0,8,B9,FF,FF,FF,B0,00,7B,42,
71020306,00000100,false,Rx,0,8,71,00,00,00,B0,00,7F,3A,
71021430,00000120,false,Rx,0,8,04,00,00,00,80,00,60,5F,
71021431,00000110,false,Rx,0,8,79,00,00,00,D0,00,56,72,
71022430,00000130,false,Rx,0,8,18,00,00,00,C0,00,53,C3,
71022431,00000100,false,Rx,0,8,5A,00,00,00,C0,00,5C,E1,
71023429,00000120,false,Rx,0,8,20,00,00,00,90,00,6B,7B,
71023430,00000110,false,Rx,0,8,79,00,00,00,E0,00,42,72,
71024429,00000130,false,Rx,0,8,F8,FF,FF,FF,D0,00,5C,53,
71024430,00000100,false,Rx,0,8,43,00,00,00,D0,00,53,28,
71025553,00000120,false,Rx,0,8,20,00,00,00,A0,00,7F,7B,
71025554,00000110,false,Rx,0,8,79,00,00,00,F0,00,4F,B2,
71026553,00000130,false,Rx,0,8,D9,FF,FF,FF,E0,00,4E,E2,
71026554,00000100,false,Rx,0,8,5A,00,00,00,E0,00,45,21,
71027553,00000120,false,Rx,0,8,04,00,00,00,B0,00,74,5F,
71027554,00000110,false,Rx,0,8,79,00,00,00,00,00,0B,B2,
71028553,00000130,false,Rx,0,8,18,00,00,00,F0,00,47,C3,
71028554,00000100,false,Rx,0,8,71,00,00,00,F0,00,4E,FA,
71028555,00000140,false,Rx,0,8,01,00,FF,FF,00,00,01,EE,
71029677,00000120,false,Rx,0,8,04,00,00,00,C0,00,51,9F,
71029678,00000110,false,Rx,0,8,62,00,00,00,10,00,05,99,
71030679,00000130,false,Rx,0,8,37,00,00,00,00,00,04,5C,
71030679,00000100,false,Rx,0,8,71,00,00,00,00,00,0A,FA,
71031678,00000120,false,Rx,0,8,E7,FF,FF,FF,D0,00,5E,3C,
71031679,00000110,false,Rx,0,8,62,00,00,00,20,00,11,99,
71032678,00000130,false,Rx,0,8,D9,FF,FF,FF,10,00,0A,E2,
71032679,00000100,false,Rx,0,8,88,00,00,00,10,00,13,53,
71032680,00000120,false,Rx,0,8,E7,FF,FF,FF,E0,00,4A,3C,
71033929,00000110,false,Rx,0,8,1D,00,00,00,30,00,17,96,
71033930,00000050,false,Rx,0,6,41,5C,FF,FB,5F,FF,00,00,
71033931,00000130,false,Rx,0,8,2C,BA,F5,FF,23,80,C5,00,
71034927,00000100,false,Rx,0,8,9F,00,00,00,20,00,04,74,
71034928,00000120,false,Rx,0,8,E7,FF,FF,FF,F0,00,47,FC,
71035928,00000110,false,Rx,0,8,1D,00,00,00,40,00,32,56,
71035929,00000130,false,Rx,0,8,95,00,00,00,30,00,09,1E,
71037053,00000100,false,Rx,0,8,71,00,00,00,30,00,1E,FA,
71037054,00000120,false,Rx,0,8,E7,FF,FF,FF,00,00,03,FC,
71038053,00000110,false,Rx,0,8,62,00,00,00,50,00,34,59,
71038054,00000170,false,Rx,0,8,00,00,00,5F,50,81,05,B8,
71038055,00000130,false,Rx,0,8,F8,FF,FF,FF,40,00,30,53,
71039052,00000100,false,Rx,0,8,71,00,00,00,40,00,3B,3A,
71039053,00000120,false,Rx,0,8,04,00,00,00,10,00,0C,5F,
71040178,00000110,false,Rx,0,8,62,00,00,00,60,00,20,59,
71040178,00000130,false,Rx,0,8,18,00,00,00,50,00,3F,C3,
71041177,00000100,false,Rx,0,8,71,00,00,00,50,00,36,FA,
71041178,00000120,false,Rx,0,8,04,00,00,00,20,00,18,5F,
71042177,00000110,false,Rx,0,8,90,00,00,00,70,00,38,8B,
71042178,00000130,false,Rx,0,8,18,00,00,00,60,00,2B,C3,
71043177,00000100,false,Rx,0,8,43,00,00,00,60,00,26,E8,
71043178,00000120,false,Rx,0,8,3D,00,00,00,30,00,10,F6,
71044302,00000110,false,Rx,0,8,90,00,00,00,80,00,7C,8B,
71044303,00000130,false,Rx,0,8,F8,FF,FF,FF,70,00,24,53,
71045301,00000100,false,Rx,0,8,5A,00,00,00,70,00,29,21,
71045302,00000120,false,Rx,0,8,3D,00,00,00,40,00,35,36,
71046302,00000110,false,Rx,0,8,79,00,00,00,90,00,67,B2,
71046302,00000130,false,Rx,0,8,D9,FF,FF,FF,80,00,66,E2,
71047301,00000100,false,Rx,0,8,71,00,00,00,80,00,6B,3A,
71047302,00000120,false,Rx,0,8,04,00,00,00,50,00,3D,9F,
71048301,00000110,false,Rx,0,8,79,00,00,00,A0,00,73,B2,
71048302,00000130,false,Rx,0,8,F8,FF,FF,FF,90,00,6D,93,
71049426,00000100,false,Rx,0,8,5A,00,00,00,90,00,60,E1,
71049427,00000140,false,Rx,0,8,01,00,FF,FF,10,00,0C,2E,
71049427,00000120,false,Rx,0,8,04,00,00,00,60,00,29,9F,
71050425,00000110,false,Rx,0,8,62,00,00,00,B0,00,7D,99,
71050426,00000130,false,Rx,0,8,F8,FF,FF,FF,A0,00,79,93,
71051425,00000100,false,Rx,0,8,71,00,00,00,A0,00,72,FA,
71051426,00000120,false,Rx,0,8,CB,FF,FF,FF,70,00,21,90,
71052425,00000110,false,Rx,0,8,62,00,00,00,C0,00,58,59,
71052426,00000130,false,Rx,0,8,18,00,00,00,B0,00,76,03,
71053550,00000100,false,Rx,0,8,9F,00,00,00,B0,00,68,74,
71053551,00000120,false,Rx,0,8,CB,FF,FF,FF,80,00,65,90,
71053552,00000110,false,Rx,0,8,4B,00,00,00,D0,00,52,60,
71054676,00000050,false,Rx,0,6,41,5C,FF,FB,5F,FF,00,00,
71054677,00000130,false,Rx,0,8,6C,21,00,00,C3,80,E4,20,
71054677,00000100,false,Rx,0,8,88,00,00,00,C0,00,4E,93,
71056304,00000120,false,Rx,0,8,E7,FF,FF,FF,90,00,6F,FC,
71056305,00000110,false,Rx,0,8,4B,00,00,00,E0,00,46,60,
71057459,00000130,false,Rx,0,8,F8,FF,FF,FF,D0,00,5C,53,
71057460,00000100,false,Rx,0,8,71,00,00,00,D0,00,57,3A,
71058457,00000120,false,Rx,0,8,E7,FF,FF,FF,A0,00,7B,FC,
71058458,00000110,false,Rx,0,8,4B,00,00,00,F0,00,4B,A0,
71059454,00000130,false,Rx,0,8,F8,FF,FF,FF,E0,00,48,53,
71059457,00000100,false,Rx,0,8,71,00,00,00,E0,00,43,3A,
71060456,00000120,false,Rx,0,8,04,00,00,00,B0,00,74,5F,
71060457,00000110,false,Rx,0,8,4B,00,00,00,00,00,0F,A0,
71061439,00000130,false,Rx,0,8,18,00,00,00,F0,00,47,C3,
71061440,00000100,false,Rx,0,8,71,00,00,00,F0,00,4E,FA,
71062576,00000120,false,Rx,0,8,04,00,00,00,C0,00,51,9F,
71062578,00000110,false,Rx,0,8,79,00,00,00,10,00,06,72,
71063558,00000130,false,Rx,0,8,F8,FF,FF,FF,00,00,01,93,
71063560,00000100,false,Rx,0,8,43,00,00,00,00,00,0E,E8,
71064658,00000120,false,Rx,0,8,20,00,00,00,D0,00,5A,BB,
71064659,00000110,false,Rx,0,8,79,00,00,00,20,00,12,72,
71065578,00000130,false,Rx,0,8,F8,FF,FF,FF,10,00,0C,53,
71065579,00000100,false,Rx,0,8,5A,00,00,00,10,00,01,21,
71066683,00000120,false,Rx,0,8,20,00,00,00,E0,00,4E,BB,
71066684,00000110,false,Rx,0,8,79,00,00,00,30,00,1F,B2,
71067695,00000130,false,Rx,0,8,18,00,00,00,20,00,1A,03,
71067696,00000100,false,Rx,0,8,71,00,00,00,20,00,13,3A,
71068696,00000120,false,Rx,0,8,04,00,00,00,F0,00,45,9F,
71068697,00000110,false,Rx,0,8,79,00,00,00,40,00,3A,72,
71069695,00000130,false,Rx,0,8,B9,FF,FF,FF,30,00,1A,82,
71069697,00000100,false,Rx,0,8,71,00,00,00,30,00,1E,FA,
71069697,00000140,false,Rx,0,8,01,00,FF,FF,20,00,18,2E,
71070833,00000120,false,Rx,0,8,04,00,00,00,00,00,01,9F,
71070835,00000110,false,Rx,0,8,62,00,00,00,50,00,34,59,
71071831,00000130,false,Rx,0,8,F8,FF,FF,FF,40,00,30,53,
71071833,00000100,false,Rx,0,8,71,00,00,00,40,00,3B,3A,
71072813,00000120,false,Rx,0,8,CB,FF,FF,FF,10,00,09,90,
71072814,00000110,false,Rx,0,8,62,00,00,00,60,00,20,59,
71073831,00000130,false,Rx,0,8,18,00,00,00,50,00,3F,C3,
71073832,00000100,false,Rx,0,8,9F,00,00,00,50,00,21,B4,
71073832,00000120,false,Rx,0,8,CB,FF,FF,FF,20,00,1D,90,
71075072,00000110,false,Rx,0,8,79,00,00,00,70,00,2E,72,
71075073,00000050,false,Rx,0,6,41,5C,FF,FB,5F,FF,00,00,
71075073,00000130,false,Rx,0,8,B8,34,03,00,63,80,83,B3,
71076074,00000100,false,Rx,0,8,71,00,00,00,60,00,22,FA,
71076075,00000120,false,Rx,0,8,04,00,00,00,30,00,15,9F,
71077061,00000110,false,Rx,0,8,79,00,00,00,80,00,6A,72,
71077061,00000130,false,Rx,0,8,D9,FF,FF,FF,70,00,22,E2,
71078216,00000100,false,Rx,0,8,71,00,00,00,70,00,2F,3A,
71078217,00000120,false,Rx,0,8,04,00,00,00,40,00,30,5F,
71079196,00000110,false,Rx,0,8,62,00,00,00,90,00,64,59,
71079197,00000130,false,Rx,0,8,D9,FF,FF,FF,80,00,66,E2,
71080343,00000100,false,Rx,0,8,71,00,00,00,80,00,6B,3A,
71080344,00000120,false,Rx,0,8,04,00,00,00,50,00,3D,9F,
71081348,00000110,false,Rx,0,8,62,00,00,00,A0,00,70,59,
71081348,00000130,false,Rx,0,8,F8,FF,FF,FF,90,00,6D,93,
71082343,00000100,false,Rx,0,8,5A,00,00,00,90,00,60,E1,
71082343,00000120,false,Rx,0,8,04,00,00,00,60,00,29,9F,
71083320,00000110,false,Rx,0,8,A7,00,00,00,B0,00,6C,CC,
71083321,00000130,false,Rx,0,8,18,00,00,00,A0,00,7B,C3,
71084311,00000100,false,Rx,0,8,2C,00,00,00,A0,00,7F,B7,
71084312,00000120,false,Rx,0,8,20,00,00,00,70,00,22,BB,
71085455,00000110,false,Rx,0,8,A7,00,00,00,C0,00,49,0C,
71085457,00000130,false,Rx,0,8,F8,FF,FF,FF,B0,00,74,53,
71086463,00000100,false,Rx,0,8,5A,00,00,00,B0,00,79,21,
71086465,00000120,false,Rx,0,8,20,00,00,00,80,00,66,BB,
71087464,00000110,false,Rx,0,8,79,00,00,00,D0,00,56,72,
71087465,00000130,false,Rx,0,8,18,00,00,00,C0,00,53,C3,
71088464,00000100,false,Rx,0,8,5A,00,00,00,C0,00,5C,E1,
71088465,00000120,false,Rx,0,8,E7,FF,FF,FF,90,00,6F,FC,
71089456,00000110,false,Rx,0,8,79,00,00,00,E0,00,42,72,
71089457,00000130,false,Rx,0,8,F8,FF,FF,FF,D0,00,5C,53,
71090586,00000100,false,Rx,0,8,71,00,00,00,D0,00,57,3A,
71090588,00000140,false,Rx,0,8,01,00,FF,FF,30,00,15,EE,
71090588,00000120,false,Rx,0,8,E7,FF,FF,FF,A0,00,7B,FC,
71091586,00000110,false,Rx,0,8,4B,00,00,00,F0,00,4B,A0,
71091588,00000130,false,Rx,0,8,F8,FF,FF,FF,E0,00,48,53,
71092588,00000100,false,Rx,0,8,88,00,00,00,E0,00,57,53,
71092590,00000120,false,Rx,0,8,CB,FF,FF,FF,B0,00,71,90,
71093617,00000110,false,Rx,0,8,4B,00,00,00,00,00,0F,A0,
71093618,00000130,false,Rx,0,8,B9,FF,FF,FF,F0,00,4A,82,
71094693,00000100,false,Rx,0,8,9F,00,00,00,F0,00,59,B4,
71094694,00000120,false,Rx,0,8,CB,FF,FF,FF,C0,00,54,50,
71094695,00000110,false,Rx,0,8,4B,00,00,00,10,00,02,60,
71095806,00000050,false,Rx,0,6,41,5C,FF,FB,5F,FF,00,00,
71095807,00000130,false,Rx,0,8,EB,95,FF,FF,03,80,1A,69,
71095807,00000100,false,Rx,0,8,71,00,00,00,00,00,0A,FA,
71097430,00000120,false,Rx,0,8,E7,FF,FF,FF,D0,00,5E,3C,
71097431,00000110,false,Rx,0,8,4B,00,00,00,20,00,16,60,
71098435,00000130,false,Rx,0,8,95,00,00,00,10,00,10,DE,
71098436,00000100,false,Rx,0,8,71,00,00,00,10,00,07,3A,
71099552,00000120,false,Rx,0,8,E7,FF,FF,FF,E0,00,4A,3C,
71099554,00000110,false,Rx,0,8,62,00,00,00,30,00,1C,59,
71100588,00000130,false,Rx,0,8,F8,FF,FF,FF,20,00,18,53,
71100590,00000100,false,Rx,0,8,5A,00,00,00,20,00,15,21,
71101604,00000120,false,Rx,0,8,20,00,00,00,F0,00,43,7B,
71101605,00000110,false,Rx,0,8,62,00,00,00,40,00,39,99,
71102587,00000130,false,Rx,0,8,F8,FF,FF,FF,30,00,15,93,
71102589,00000100,false,Rx,0,8,43,00,00,00,30,00,1A,E8,
71103713,00000120,false,Rx,0,8,20,00,00,00,00,00,07,7B,
71103715,00000110,false,Rx,0,8,A7,00,00,00,50,00,25,0C,
71104710,00000130,false,Rx,0,8,37,00,00,00,40,00,35,9C,
71104711,00000100,false,Rx,0,8,43,00,00,00,40,00,3F,28,
71105714,00000120,false,Rx,0,8,04,00,00,00,10,00,0C,5F,
71105715,00000110,false,Rx,0,8,A7,00,00,00,60,00,31,0C,
71106712,00000130,false,Rx,0,8,D9,FF,FF,FF,50,00,3B,22,
71106713,00000100,false,Rx,0,8,5A,00,00,00,50,00,30,E1,
71107862,00000120,false,Rx,0,8,04,00,00,00,20,00,18,5F,
71107863,00000110,false,Rx,0,8,62,00,00,00,70,00,2D,99,
71108861,00000130,false,Rx,0,8,D9,FF,FF,FF,60,00,2F,22,
71108863,00000100,false,Rx,0,8,71,00,00,00,60,00,22,FA,
71109838,00000120,false,Rx,0,8,04,00,00,00,30,00,15,9F,
71109839,00000110,false,Rx,0,8,62,00,00,00,80,00,69,99,
71110846,00000130,false,Rx,0,8,F8,FF,FF,FF,70,00,24,53,
71110847,00000100,false,Rx,0,8,5A,00,00,00,70,00,29,21,
71110847,00000140,false,Rx,0,8,01,00,FF,FF,40,00,30,2E,
71111985,00000120,false,Rx,0,8,04,00,00,00,40,00,30,5F,
71111986,00000110,false,Rx,0,8,4B,00,00,00,90,00,63,A0,
71112986,00000130,false,Rx,0,8,37,00,00,00,80,00,65,9C,
71112987,00000100,false,Rx,0,8,88,00,00,00,80,00,7F,53,
71113992,00000120,false,Rx,0,8,AE,FF,FF,FF,50,00,31,A5,
71113993,00000110,false,Rx,0,8,4B,00,00,00,A0,00,77,A0,
71114955,00000130,false,Rx,0,8,F8,FF,FF,FF,90,00,6D,93,
71114957,00000100,false,Rx,0,8,88,00,00,00,90,00,72,93,
71114957,00000120,false,Rx,0,8,AE,FF,FF,FF,60,00,25,A5,
71116236,00000110,false,Rx,0,8,62,00,00,00,B0,00,7D,99,
71116238,00000050,false,Rx,0,6,41,5C,FF,FB,5F,FF,00,00,
71116238,00000130,false,Rx,0,8,4C,BA,F5,FF,A3,80,AD,60,
71117212,00000100,false,Rx,0,8,71,00,00,00,A0,00,72,FA,
71117213,00000120,false,Rx,0,8,04,00,00,00,70,00,24,5F,
71118363,00000110,false,Rx,0,8,62,00,00,00,C0,00,58,59,
71118364,00000130,false,Rx,0,8,76,00,00,00,B0,00,7E,8D,
71119337,00000100,false,Rx,0,8,71,00,00,00,B0,00,7F,3A,
71119338,00000120,false,Rx,0,8,04,00,00,00,80,00,60,5F,
71120343,00000110,false,Rx,0,8,62,00,00,00,D0,00,55,99,
71120344,00000130,false,Rx,0,8,F8,FF,FF,FF,C0,00,51,93,
71121460,00000100,false,Rx,0,8,5A,00,00,00,C0,00,5C,E1,
71121470,00000120,false,Rx,0,8,20,00,00,00,90,00,6B,7B,
71122488,00000110,false,Rx,0,8,62,00,00,00,E0,00,41,99,
71122490,00000130,false,Rx,0,8,D9,FF,FF,FF,D0,00,5A,E2,
71123462,00000100,false,Rx,0,8,2C,00,00,00,D0,00,5A,77,
71123463,00000120,false,Rx,0,8,20,00,00,00,A0,00,7F,7B,
71124474,00000110,false,Rx,0,8,A7,00,00,00,F0,00,5D,0C,
71124475,00000130,false,Rx,0,8,F8,FF,FF,FF,E0,00,48,53,
71125453,00000100,false,Rx,0,8,5A,00,00,00,E0,00,45,21,
71125454,00000120,false,Rx,0,8,04,00,00,00,B0,00,74,5F,
71126586,00000110,false,Rx,0,8,A7,00,00,00,00,00,19,0C,
71126588,00000130,false,Rx,0,8,F8,FF,FF,FF,F0,00,45,93,
71127586,00000100,false,Rx,0,8,71,00,00,00,F0,00,4E,FA,
71127588,00000120,false,Rx,0,8,04,00,00,00,C0,00,51,9F,
71128587,00000110,false,Rx,0,8,62,00,00,00,10,00,05,99,
71128589,00000130,false,Rx,0,8,18,00,00,00,00,00,03,C3,
71129587,00000100,false,Rx,0,8,71,00,00,00,00,00,0A,FA,
71129588,00000120,false,Rx,0,8,04,00,00,00,D0,00,5C,5F,
71130582,00000110,false,Rx,0,8,62,00,00,00,20,00,11,99,
71130583,00000130,false,Rx,0,8,18,00,00,00,10,00,0E,03,
71131737,00000100,false,Rx,0,8,71,00,00,00,10,00,07,3A,
71131738,00000140,false,Rx,0,8,01,00,FF,FF,50,00,3D,EE,
71131739,00000120,false,Rx,0,8,04,00,00,00,E0,00,48,5F,
71132717,00000110,false,Rx,0,8,4B,00,00,00,30,00,1B,A0,
71132718,00000130,false,Rx,0,8,F8,FF,FF,FF,20,00,18,53,
71133713,00000100,false,Rx,0,8,9F,00,00,00,20,00,04,74,
71133714,00000120,false,Rx,0,8,CB,FF,FF,FF,F0,00,40,50,
71134702,00000110,false,Rx,0,8,4B,00,00,00,40,00,3E,60,
71134703,00000130,false,Rx,0,8,18,00,00,00,30,00,17,C3,
71135829,00000100,false,Rx,0,8,71,00,00,00,30,00,1E,FA,
71135830,00000120,false,Rx,0,8,CB,FF,FF,FF,00,00,04,50,
71135831,00000110,false,Rx,0,8,90,00,00,00,50,00,21,4B,
71136983,00000050,false,Rx,0,6,41,5C,FF,FB,5F,FF,00,00,
71136984,00000130,false,Rx,0,8,4D,21,00,00,43,80,83,51,
71136985,00000100,false,Rx,0,8,5A,00,00,00,40,00,3D,21,
71138584,00000120,false,Rx,0,8,04,00,00,00,10,00,0C,5F,
71138585,00000110,false,Rx,0,8,90,00,00,00,60,00,35,4B,
71139710,00000130,false,Rx,0,8,B9,FF,FF,FF,50,00,32,82,
71139711,00000100,false,Rx,0,8,71,00,00,00,50,00,36,FA,
71140711,00000120,false,Rx,0,8,04,00,00,00,20,00,18,5F,
71140713,00000110,false,Rx,0,8,79,00,00,00,70,00,2E,72,
71140714,00000170,false,Rx,0,8,00,00,00,50,50,81,05,D0,
71141714,00000130,false,Rx,0,8,18,00,00,00,60,00,2B,C3,
71141715,00000100,false,Rx,0,8,5A,00,00,00,60,00,24,E1,
71142710,00000120,false,Rx,0,8,20,00,00,00,30,00,13,7B,
71142711,00000110,false,Rx,0,8,79,00,00,00,80,00,6A,72,
71143718,00000130,false,Rx,0,8,D9,FF,FF,FF,70,00,22,E2,
71143719,00000100,false,Rx,0,8,43,00,00,00,70,00,2B,28,
71144860,00000120,false,Rx,0,8,20,00,00,00,40,00,36,BB,
71144861,00000110,false,Rx,0,8,90,00,00,00,90,00,71,4B,
71145863,00000130,false,Rx,0,8,18,00,00,00,80,00,62,03,
71145864,00000100,false,Rx,0,8,5A,00,00,00,80,00,6D,21,
71146838,00000120,false,Rx,0,8,04,00,00,00,50,00,3D,9F,
71146839,00000110,false,Rx,0,8,90,00,00,00,A0,00,65,4B,
71147830,00000130,false,Rx,0,8,F8,FF,FF,FF,90,00,6D,93,
71147832,00000100,false,Rx,0,8,71,00,00,00,90,00,66,FA,
71148960,00000120,false,Rx,0,8,04,00,00,00,60,00,29,9F,
71148961,00000110,false,Rx,0,8,79,00,00,00,B0,00,7E,72,
71149954,00000130,false,Rx,0,8,37,00,00,00,A0,00,7C,5C,
71149955,00000100,false,Rx,0,8,5A,00,00,00,A0,00,74,E1,
71150954,00000120,false,Rx,0,8,04,00,00,00,70,00,24,5F,
71150955,00000110,false,Rx,0,8,79,00,00,00,C0,00,5B,B2,
71151964,00000130,false,Rx,0,8,B9,FF,FF,FF,B0,00,7B,42,
71151965,00000100,false,Rx,0,8,88,00,00,00,B0,00,6B,53,
71151966,00000140,false,Rx,0,8,01,00,FF,FF,60,00,29,EE,
71153113,00000120,false,Rx,0,8,04,00,00,00,80,00,60,5F,
71153115,00000110,false,Rx,0,8,1D,00,00,00,D0,00,5E,56,
71153115,00000130,false,Rx,0,8,18,00,00,00,C0,00,53,C3,
71154327,00000100,false,Rx,0,8,9F,00,00,00,C0,00,4D,B4,
71154328,00000120,false,Rx,0,8,E7,FF,FF,FF,90,00,6F,FC,
71155339,00000110,false,Rx,0,8,1D,00,00,00,E0,00,4A,56,
71155340,00000130,false,Rx,0,8,18,00,00,00,D0,00,5E,03,
71156336,00000100,false,Rx,0,8,71,00,00,00,D0,00,57,3A,
71156337,00000120,false,Rx,0,8,E7,FF,FF,FF,A0,00,7B,FC,
71156338,00000110,false,Rx,0,8,90,00,00,00,F0,00,59,4B,
71157580,00000050,false,Rx,0,6,41,5C,FF,FB,5F,FF,00,00,
71157581,00000130,false,Rx,0,8,D8,34,03,00,E3,80,EB,D3,
71157582,00000100,false,Rx,0,8,71,00,00,00,E0,00,43,3A,
71159235,00000120,false,Rx,0,8,E7,FF,FF,FF,B0,00,76,3C,
71159236,00000110,false,Rx,0,8,90,00,00,00,00,00,1D,4B,
71160212,00000130,false,Rx,0,8,B9,FF,FF,FF,F0,00,4A,82,
71160213,00000100,false,Rx,0,8,5A,00,00,00,F0,00,48,E1,
71161202,00000120,false,Rx,0,8,E7,FF,FF,FF,C0,00,53,FC,
71161204,00000110,false,Rx,0,8,79,00,00,00,10,00,06,72,
71162361,00000130,false,Rx,0,8,F8,FF,FF,FF,00,00,01,93,
71162362,00000100,false,Rx,0,8,5A,00,00,00,00,00,0C,E1,
71163360,00000120,false,Rx,0,8,3D,00,00,00,D0,00,59,36,
71163361,00000110,false,Rx,0,8,79,00,00,00,20,00,12,72,
71164362,00000130,false,Rx,0,8,D9,FF,FF,FF,10,00,0A,E2,
71164364,00000100,false,Rx,0,8,43,00,00,00,10,00,03,28,
71165335,00000120,false,Rx,0,8,3D,00,00,00,E0,00,4D,36,
71165337,00000110,false,Rx,0,8,79,00,00,00,30,00,1F,B2,
71166330,00000130,false,Rx,0,8,18,00,00,00,20,00,1A,03,
71166331,00000100,false,Rx,0,8,5A,00,00,00,20,00,15,21,
71167455,00000120,false,Rx,0,8,04,00,00,00,F0,00,45,9F,
71167456,00000110,false,Rx,0,8,79,00,00,00,40,00,3A,72,
71168467,00000130,false,Rx,0,8,F8,FF,FF,FF,30,00,15,93,
71168468,00000100,false,Rx,0,8,71,00,00,00,30,00,1E,FA,
71169463,00000120,false,Rx,0,8,04,00,00,00,00,00,01,9F,
71169464,00000110,false,Rx,0,8,62,00,00,00,50,00,34,59,
71170453,00000130,false,Rx,0,8,F8,FF,FF,FF,40,00,30,53,
71170455,00000100,false,Rx,0,8,88,00,00,00,40,00,2F,53,
71171612,00000120,false,Rx,0,8,E7,FF,FF,FF,10,00,0E,3C,
71171613,00000110,false,Rx,0,8,62,00,00,00,60,00,20,59,
71172585,00000130,false,Rx,0,8,37,00,00,00,50,00,38,5C,
71172586,00000100,false,Rx,0,8,9F,00,00,00,50,00,21,B4,
71172587,00000140,false,Rx,0,8,01,00,FF,FF,70,00,24,2E,
71173588,00000120,false,Rx,0,8,E7,FF,FF,FF,20,00,1A,3C,
71173590,00000110,false,Rx,0,8,1D,00,00,00,70,00,26,56,
71174578,00000130,false,Rx,0,8,D9,FF,FF,FF,60,00,2F,22,
71174579,00000100,false,Rx,0,8,9F,00,00,00,60,00,35,B4,
71175736,00000120,false,Rx,0,8,CB,FF,FF,FF,30,00,10,50,
71175737,00000110,false,Rx,0,8,1D,00,00,00,80,00,62,56,
71176727,00000130,false,Rx,0,8,F8,FF,FF,FF,70,00,24,53,
71176728,00000100,false,Rx,0,8,71,00,00,00,70,00,2F,3A,
71176729,00000120,false,Rx,0,8,CB,FF,FF,FF,40,00,35,90,
71177980,00000110,false,Rx,0,8,62,00,00,00,90,00,64,59,
71177981,00000050,false,Rx,0,6,41,5C,FF,FB,5F,FF,00,00,
71177982,00000130,false,Rx,0,8,EB,95,FF,FF,83,80,7B,A9,
71178988,00000100,false,Rx,0,8,71,00,00,00,80,00,6B,3A,
71178990,00000120,false,Rx,0,8,04,00,00,00,50,00,3D,9F,
71179961,00000110,false,Rx,0,8,62,00,00,00,A0,00,70,59,
71179963,00000130,false,Rx,0,8,B5,00,00,00,90,00,76,7E,
71181111,00000100,false,Rx,0,8,5A,00,00,00,90,00,60,E1,
71181113,00000120,false,Rx,0,8,04,00,00,00,60,00,29,9F,
71182109,00000110,false,Rx,0,8,79,00,00,00,B0,00,7E,72,
71182111,00000130,false,Rx,0,8,D9,FF,FF,FF,A0,00,7F,22,
71183087,00000100,false,Rx,0,8,43,00,00,00,A0,00,76,E8,
71183088,00000120,false,Rx,0,8,3D,00,00,00,70,00,21,36,
71184078,00000110,false,Rx,0,8,79,00,00,00,C0,00,5B,B2,
71184080,00000130,false,Rx,0,8,37,00,00,00,B0,00,71,9C,
71185235,00000100,false,Rx,0,8,43,00,00,00,B0,00,7B,28,
71185237,00000120,false,Rx,0,8,3D,00,00,00,80,00,65,36,
71186236,00000110,false,Rx,0,8,79,00,00,00,D0,00,56,72,
71186238,00000130,false,Rx,0,8,D9,FF,FF,FF,C0,00,57,22,
71187232,00000100,false,Rx,0,8,5A,00,00,00,C0,00,5C,E1,
71187233,00000120,false,Rx,0,8,04,00,00,00,90,00,6D,9F,
71188205,00000110,false,Rx,0,8,79,00,00,00,E0,00,42,72,
71188206,00000130,false,Rx,0,8,18,00,00,00,D0,00,5E,03,
71189211,00000100,false,Rx,0,8,71,00,00,00,D0,00,57,3A,
71189212,00000120,false,Rx,0,8,04,00,00,00,A0,00,79,9F,
71190331,00000110,false,Rx,0,8,62,00,00,00,F0,00,4C,59,
71190332,00000130,false,Rx,0,8,D9,FF,FF,FF,E0,00,4E,E2,
71191337,00000100,false,Rx,0,8,71,00,00,00,E0,00,43,3A,
71191338,00000120,false,Rx,0,8,E7,FF,FF,FF,B0,00,76,3C,
71192337,00000110,false,Rx,0,8,62,00,00,00,00,00,08,59,
71192338,00000130,false,Rx,0,8,18,00,00,00,F0,00,47,C3,
71193335,00000100,false,Rx,0,8,9F,00,00,00,F0,00,59,B4,
71193336,00000140,false,Rx,0,8,01,00,FF,FF,80,00,60,2E,
71193337,00000120,false,Rx,0,8,E7,FF,FF,FF,C0,00,53,FC,
71194483,00000110,false,Rx,0,8,1D,00,00,00,10,00,0E,56,
71194485,00000130,false,Rx,0,8,F8,FF,FF,FF,00,00,01,93,
71195461,00000100,false,Rx,0,8,9F,00,00,00,00,00,1D,B4,
71195462,00000120,false,Rx,0,8,E7,FF,FF,FF,D0,00,5E,3C,
71196453,00000110,false,Rx,0,8,1D,00,00,00,20,00,1A,56,
71196455,00000130,false,Rx,0,8,D9,FF,FF,FF,10,00,0A,E2,
71197460,00000100,false,Rx,0,8,71,00,00,00,10,00,07,3A,
71197461,00000120,false,Rx,0,8,E7,FF,FF,FF,E0,00,4A,3C,
71197461,00000110,false,Rx,0,8,62,00,00,00,30,00,1C,59,
71198714,00000050,false,Rx,0,6,41,5C,FF,FB,5F,FF,00,00,
71198715,00000130,false,Rx,0,8,4C,BA,F5,FF,23,80,CC,A0,
71198715,00000100,false,Rx,0,8,71,00,00,00,20,00,13,3A,
71200357,00000120,false,Rx,0,8,04,00,00,00,F0,00,45,9F,
71200359,00000110,false,Rx,0,8,62,00,00,00,40,00,39,99,
71201327,00000130,false,Rx,0,8,95,00,00,00,30,00,09,1E,
71201328,00000100,false,Rx,0,8,5A,00,00,00,30,00,18,E1,
71202334,00000120,false,Rx,0,8,04,00,00,00,00,00,01,9F,
71202335,00000110,false,Rx,0,8,79,00,00,00,50,00,37,B2,
71203454,00000130,false,Rx,0,8,18,00,00,00,40,00,32,03,
71203455,00000100,false,Rx,0,8,2C,00,00,00,40,00,36,77,
71204461,00000120,false,Rx,0,8,3D,00,00,00,10,00,09,36,
71204463,00000110,false,Rx,0,8,79,00,00,00,60,00,23,B2,
71205461,00000130,false,Rx,0,8,F8,FF,FF,FF,50,00,3D,93,
71205462,00000100,false,Rx,0,8,43,00,00,00,50,00,32,E8,
71206452,00000120,false,Rx,0,8,3D,00,00,00,20,00,1D,36,
71206453,00000110,false,Rx,0,8,79,00,00,00,70,00,2E,72,
71207586,00000130,false,Rx,0,8,F8,FF,FF,FF,60,00,29,93,
71207587,00000100,false,Rx,0,8,5A,00,00,00,60,00,24,E1,
71208586,00000120,false,Rx,0,8,04,00,00,00,30,00,15,9F,
71208587,00000110,false,Rx,0,8,79,00,00,00,80,00,6A,72,
71209586,00000130,false,Rx,0,8,18,00,00,00,70,00,26,03,
71209587,00000100,false,Rx,0,8,5A,00,00,00,70,00,29,21,
71210606,00000120,false,Rx,0,8,04,00,00,00,40,00,30,5F,
71210607,00000110,false,Rx,0,8,62,00,00,00,90,00,64,59,
71211711,00000130,false,Rx,0,8,D9,FF,FF,FF,80,00,66,E2,
71211713,00000100,false,Rx,0,8,71,00,00,00,80,00,6B,3A,
71212708,00000120,false,Rx,0,8,CB,FF,FF,FF,50,00,38,50,
71212710,00000110,false,Rx,0,8,62,00,00,00,A0,00,70,59,
71213706,00000130,false,Rx,0,8,F8,FF,FF,FF,90,00,6D,93,
71213707,00000100,false,Rx,0,8,9F,00,00,00,90,00,71,B4,
71213708,00000140,false,Rx,0,8,01,00,FF,FF,90,00,6D,EE,
71214680,00000120,false,Rx,0,8,CB,FF,FF,FF,60,00,2C,50,
71214681,00000110,false,Rx,0,8,4B,00,00,00,B0,00,7A,60,
71215708,00000130,false,Rx,0,8,18,00,00,00,A0,00,7B,C3,
71215710,00000100,false,Rx,0,8,88,00,00,00,A0,00,66,93,
71216860,00000120,false,Rx,0,8,E7,FF,FF,FF,70,00,26,3C,
71216862,00000110,false,Rx,0,8,4B,00,00,00,C0,00,5F,A0,
71217835,00000130,false,Rx,0,8,18,00,00,00,B0,00,76,03,
71217836,00000100,false,Rx,0,8,5A,00,00,00,B0,00,79,21,
71217837,00000120,false,Rx,0,8,E7,FF,FF,FF,80,00,62,3C,
71219111,00000110,false,Rx,0,8,79,00,00,00,D0,00,56,72,
71219112,00000050,false,Rx,0,6,41,5C,FF,FB,5F,FF,00,00,
71219113,00000130,false,Rx,0,8,4D,21,00,00,C3,80,E2,91,
71220109,00000100,false,Rx,0,8,5A,00,00,00,C0,00,5C,E1,
71220110,00000120,false,Rx,0,8,04,00,00,00,90,00,6D,9F,
71221085,00000110,false,Rx,0,8,79,00,00,00,E0,00,42,72,
71221086,00000130,false,Rx,0,8,F8,FF,FF,FF,D0,00,5C,53,
71222231,00000100,false,Rx,0,8,5A,00,00,00,D0,00,51,21,
71222233,00000120,false,Rx,0,8,04,00,00,00,A0,00,79,9F,
71223204,00000110,false,Rx,0,8,A7,00,00,00,F0,00,5D,0C,
71223206,00000130,false,Rx,0,8,18,00,00,00,E0,00,4A,03,
71224180,00000100,false,Rx,0,8,2C,00,00,00,E0,00,4E,77,
71224181,00000120,false,Rx,0,8,20,00,00,00,B0,00,72,BB,
71225176,00000110,false,Rx,0,8,A7,00,00,00,00,00,19,0C,
71225177,00000130,false,Rx,0,8,F8,FF,FF,FF,F0,00,45,93,
71226301,00000100,false,Rx,0,8,5A,00,00,00,F0,00,48,E1,
71226302,00000120,false,Rx,0,8,20,00,00,00,C0,00,57,7B,
71227299,00000110,false,Rx,0,8,79,00,00,00,10,00,06,72,
71227300,00000130,false,Rx,0,8,D9,FF,FF,FF,00,00,07,22,
71228298,00000100,false,Rx,0,8,5A,00,00,00,00,00,0C,E1,
71228298,00000120,false,Rx,0,8,04,00,00,00,D0,00,5C,5F,
71229298,00000110,false,Rx,0,8,79,00,00,00,20,00,12,72,
71229298,00000130,false,Rx,0,8,F8,FF,FF,FF,10,00,0C,53,
71230298,00000100,false,Rx,0,8,71,00,00,00,10,00,07,3A,
71230299,00000120,false,Rx,0,8,04,00,00,00,E0,00,48,5F,
71231425,00000110,false,Rx,0,8,4B,00,00,00,30,00,1B,A0,
71231426,00000130,false,Rx,0,8,18,00,00,00,20,00,1A,03,
71232425,00000100,false,Rx,0,8,88,00,00,00,20,00,07,53,
71232426,00000120,false,Rx,0,8,CB,FF,FF,FF,F0,00,40,50,
71233425,00000110,false,Rx,0,8,4B,00,00,00,40,00,3E,60,
71233426,00000130,false,Rx,0,8,F8,FF,FF,FF,30,00,15,93,
71234425,00000100,false,Rx,0,8,9F,00,00,00,30,00,09,B4,
71234426,00000140,false,Rx,0,8,01,00,FF,FF,A0,00,79,EE,
71234426,00000120,false,Rx,0,8,CB,FF,FF,FF,00,00,04,50,
71235550,00000110,false,Rx,0,8,62,00,00,00,50,00,34,59,
71235551,00000130,false,Rx,0,8,F8,FF,FF,FF,40,00,30,53,
71236550,00000100,false,Rx,0,8,71,00,00,00,40,00,3B,3A,
71236551,00000120,false,Rx,0,8,04,00,00,00,10,00,0C,5F,
71237550,00000110,false,Rx,0,8,62,00,00,00,60,00,20,59,
71237551,00000130,false,Rx,0,8,F8,FF,FF,FF,50,00,3D,93,
71238550,00000100,false,Rx,0,8,71,00,00,00,50,00,36,FA,
71238551,00000120,false,Rx,0,8,04,00,00,00,20,00,18,5F,
71238552,00000110,false,Rx,0,8,90,00,00,00,70,00,38,8B,
71239800,00000050,false,Rx,0,6,41,5C,FF,FB,5F,FF,00,00,
71239800,00000130,false,Rx,0,8,D8,34,03,00,63,80,8A,13,
71239801,00000100,false,Rx,0,8,71,00,00,00,60,00,22,FA,
71241425,00000120,false,Rx,0,8,04,00,00,00,30,00,15,9F,
71241426,00000110,false,Rx,0,8,90,00,00,00,80,00,7C,8B,
71242425,00000130,false,Rx,0,8,F8,FF,FF,FF,70,00,24,53,
71242426,00000100,false,Rx,0,8,43,00,00,00,70,00,2B,28,
71243424,00000120,false,Rx,0,8,04,00,00,00,40,00,30,5F,
71243425,00000110,false,Rx,0,8,90,00,00,00,90,00,71,4B,
71243425,00000170,false,Rx,0,8,00,00,00,51,50,81,05,4D,
71244549,00000130,false,Rx,0,8,F8,FF,FF,FF,80,00,60,53,
71244550,00000100,false,Rx,0,8,43,00,00,00,80,00,6F,28,
71245550,00000120,false,Rx,0,8,20,00,00,00,50,00,3B,7B,
71245551,00000110,false,Rx,0,8,90,00,00,00,A0,00,65,4B,
71246550,00000130,false,Rx,0,8,F8,FF,FF,FF,90,00,6D,93,
71246550,00000100,false,Rx,0,8,5A,00,00,00,90,00,60,E1,
71247550,00000120,false,Rx,0,8,20,00,00,00,60,00,2F,7B,
71247550,00000110,false,Rx,0,8,79,00,00,00,B0,00,7E,72,
71248675,00000130,false,Rx,0,8,F8,FF,FF,FF,A0,00,79,93,
71248676,00000100,false,Rx,0,8,71,00,00,00,A0,00,72,FA,
71249674,00000120,false,Rx,0,8,04,00,00,00,70,00,24,5F,
71249675,00000110,false,Rx,0,8,79,00,00,00,C0,00,5B,B2,
71250674,00000130,false,Rx,0,8,D9,FF,FF,FF,B0,00,72,E2,
71250675,00000100,false,Rx,0,8,71,00,00,00,B0,00,7F,3A,
71251674,00000120,false,Rx,0,8,04,00,00,00,80,00,60,5F,
71251675,00000110,false,Rx,0,8,4B,00,00,00,D0,00,52,60,
71252799,00000130,false,Rx,0,8,18,00,00,00,C0,00,53,C3,
71252800,00000100,false,Rx,0,8,9F,00,00,00,C0,00,4D,B4,
71253799,00000120,false,Rx,0,8,CB,FF,FF,FF,90,00,68,50,
71253799,00000110,false,Rx,0,8,4B,00,00,00,E0,00,46,60,
71254800,00000130,false,Rx,0,8,F8,FF,FF,FF,D0,00,5C,53,
71254800,00000100,false,Rx,0,8,9F,00,00,00,D0,00,40,74,
71254801,00000140,false,Rx,0,8,01,00,FF,FF,B0,00,74,2E,
71255799,00000120,false,Rx,0,8,CB,FF,FF,FF,A0,00,7C,50,
71255800,00000110,false,Rx,0,8,4B,00,00,00,F0,00,4B,A0,
71256800,00000130,false,Rx,0,8,D9,FF,FF,FF,E0,00,4E,E2,
71256800,00000100,false,Rx,0,8,71,00,00,00,E0,00,43,3A,
71257925,00000120,false,Rx,0,8,E7,FF,FF,FF,B0,00,76,3C,
71257925,00000110,false,Rx,0,8,4B,00,00,00,00,00,0F,A0,
71258924,00000130,false,Rx,0,8,D9,FF,FF,FF,F0,00,43,22,
71258925,00000100,false,Rx,0,8,71,00,00,00,F0,00,4E,FA,
71258926,00000120,false,Rx,0,8,E7,FF,FF,FF,C0,00,53,FC,
71260174,00000110,false,Rx,0,8,79,00,00,00,10,00,06,72,
71260175,00000050,false,Rx,0,6,41,5C,FF,FB,5F,FF,00,00,
71260175,00000130,false,Rx,0,8,EB,95,FF,FF,03,80,1A,69,
71261174,00000100,false,Rx,0,8,5A,00,00,00,00,00,0C,E1,
71261175,00000120,false,Rx,0,8,20,00,00,00,D0,00,5A,BB,
71262174,00000110,false,Rx,0,8,79,00,00,00,20,00,12,72,
71262175,00000130,false,Rx,0,8,76,00,00,00,10,00,06,8D,
71263299,00000100,false,Rx,0,8,43,00,00,00,10,00,03,28,
71263300,00000120,false,Rx,0,8,20,00,00,00,E0,00,4E,BB,
71264300,00000110,false,Rx,0,8,A7,00,00,00,30,00,0D,0C,
71264301,00000130,false,Rx,0,8,F8,FF,FF,FF,20,00,18,53,
71265299,00000100,false,Rx,0,8,43,00,00,00,20,00,17,28,
71265299,00000120,false,Rx,0,8,04,00,00,00,F0,00,45,9F,
71266299,00000110,false,Rx,0,8,A7,00,00,00,40,00,28,CC,
71266299,00000130,false,Rx,0,8,18,00,00,00,30,00,17,C3,
71267424,00000100,false,Rx,0,8,5A,00,00,00,30,00,18,E1,
71267424,00000120,false,Rx,0,8,04,00,00,00,00,00,01,9F,
71268423,00000110,false,Rx,0,8,62,00,00,00,50,00,34,59,
71268424,00000130,false,Rx,0,8,D9,FF,FF,FF,40,00,36,E2,
71269461,00000100,false,Rx,0,8,71,00,00,00,40,00,3B,3A,
71269463,00000120,false,Rx,0,8,E7,FF,FF,FF,10,00,0E,3C,
71270462,00000110,false,Rx,0,8,62,00,00,00,60,00,20,59,
71270463,00000130,false,Rx,0,8,18,00,00,00,50,00,3F,C3,
71271461,00000100,false,Rx,0,8,71,00,00,00,50,00,36,FA,
71271462,00000120,false,Rx,0,8,E7,FF,FF,FF,20,00,1A,3C,
71272579,00000110,false,Rx,0,8,34,00,00,00,70,00,21,AF,
71272580,00000130,false,Rx,0,8,B9,FF,FF,FF,60,00,26,82,
71273578,00000100,false,Rx,0,8,9F,00,00,00,60,00,35,B4,
71273580,00000120,false,Rx,0,8,CB,FF,FF,FF,30,00,10,50,
71274599,00000110,false,Rx,0,8,34,00,00,00,80,00,65,AF,
71274600,00000130,false,Rx,0,8,37,00,00,00,70,00,21,9C,
71275551,00000100,false,Rx,0,8,88,00,00,00,70,00,3B,53,
71275552,00000140,false,Rx,0,8,01,00,FF,FF,C0,00,51,EE,
71275554,00000120,false,Rx,0,8,CB,FF,FF,FF,40,00,35,90,
71276675,00000110,false,Rx,0,8,62,00,00,00,90,00,64,59,
71276676,00000130,false,Rx,0,8,37,00,00,00,80,00,65,9C,
71277675,00000100,false,Rx,0,8,71,00,00,00,80,00,6B,3A,
71277676,00000120,false,Rx,0,8,04,00,00,00,50,00,3D,9F,
71278674,00000110,false,Rx,0,8,62,00,00,00,A0,00,70,59,
71278675,00000130,false,Rx,0,8,D9,FF,FF,FF,90,00,6B,22,
71279675,00000100,false,Rx,0,8,71,00,00,00,90,00,66,FA,
71279675,00000120,false,Rx,0,8,04,00,00,00,60,00,29,9F,
71279676,00000110,false,Rx,0,8,62,00,00,00,B0,00,7D,99,
71280923,00000050,false,Rx,0,6,41,5C,FF,FB,5F,FF,00,00,
71280924,00000130,false,Rx,0,8,6B,BA,F5,FF,A3,80,AB,B7,
71280925,00000100,false,Rx,0,8,43,00,00,00,A0,00,76,E8,
71282549,00000120,false,Rx,0,8,3D,00,00,00,70,00,21,36,
71282550,00000110,false,Rx,0,8,62,00,00,00,C0,00,58,59,
71283549,00000130,false,Rx,0,8,D5,00,00,00,B0,00,66,1E,
71283550,00000100,false,Rx,0,8,43,00,00,00,B0,00,7B,28,
71284674,00000120,false,Rx,0,8,3D,00,00,00,80,00,65,36,
71284676,00000110,false,Rx,0,8,90,00,00,00,D0,00,40,8B,
71285673,00000130,false,Rx,0,8,F8,FF,FF,FF,C0,00,51,93,
71285674,00000100,false,Rx,0,8,5A,00,00,00,C0,00,5C,E1,
71286673,00000120,false,Rx,0,8,04,00,00,00,90,00,6D,9F,
71286674,00000110,false,Rx,0,8,90,00,00,00,E0,00,54,8B,
71287673,00000130,false,Rx,0,8,F8,FF,FF,FF,D0,00,5C,53,
71287673,00000100,false,Rx,0,8,5A,00,00,00,D0,00,51,21,
71288675,00000120,false,Rx,0,8,04,00,00,00,A0,00,79,9F,
71288676,00000110,false,Rx,0,8,62,00,00,00,F0,00,4C,59,
71289799,00000130,false,Rx,0,8,F8,FF,FF,FF,E0,00,48,53,
71289800,00000100,false,Rx,0,8,5A,00,00,00,E0,00,45,21,
71290798,00000120,false,Rx,0,8,CB,FF,FF,FF,B0,00,71,90,
71290798,00000110,false,Rx,0,8,62,00,00,00,00,00,08,59,
71291798,00000130,false,Rx,0,8,D9,FF,FF,FF,F0,00,43,22,
71291799,00000100,false,Rx,0,8,88,00,00,00,F0,00,5A,93,
71292798,00000120,false,Rx,0,8,CB,FF,FF,FF,C0,00,54,50,
71292799,00000110,false,Rx,0,8,34,00,00,00,10,00,09,AF,
71293923,00000130,false,Rx,0,8,F8,FF,FF,FF,00,00,01,93,
71293924,00000100,false,Rx,0,8,9F,00,00,00,00,00,1D,B4,
71294923,00000120,false,Rx,0,8,E7,FF,FF,FF,D0,00,5E,3C,
71294924,00000110,false,Rx,0,8,34,00,00,00,20,00,1D,AF,
71295923,00000130,false,Rx,0,8,F8,FF,FF,FF,10,00,0C,53,
71295923,00000100,false,Rx,0,8,88,00,00,00,10,00,13,53,
71295924,00000140,false,Rx,0,8,01,00,FF,FF,D0,00,5C,2E,
71296923,00000120,false,Rx,0,8,E7,FF,FF,FF,E0,00,4A,3C,
71296924,00000110,false,Rx,0,8,62,00,00,00,30,00,1C,59,
71298048,00000130,false,Rx,0,8,F8,FF,FF,FF,20,00,18,53,
71298049,00000100,false,Rx,0,8,71,00,00,00,20,00,13,3A,
71299048,00000120,false,Rx,0,8,E7,FF,FF,FF,F0,00,47,FC,
71299049,00000110,false,Rx,0,8,62,00,00,00,40,00,39,99,
71300048,00000130,false,Rx,0,8,F8,FF,FF,FF,30,00,15,93,
71300049,00000100,false,Rx,0,8,71,00,00,00,30,00,1E,FA,
71300049,00000120,false,Rx,0,8,E7,FF,FF,FF,00,00,03,FC,
71301298,00000110,false,Rx,0,8,A7,00,00,00,50,00,25,0C,
71301298,00000050,false,Rx,0,6,41,5C,FF,FB,5F,FF,00,00,
71301299,00000130,false,Rx,0,8,6C,21,00,00,43,80,85,E0,
71302297,00000100,false,Rx,0,8,5A,00,00,00,40,00,3D,21,
71302298,00000120,false,Rx,0,8,3D,00,00,00,10,00,09,36,
71303297,00000110,false,Rx,0,8,A7,00,00,00,60,00,31,0C,
71303298,00000130,false,Rx,0,8,F8,FF,FF,FF,50,00,3D,93,
71304422,00000100,false,Rx,0,8,43,00,00,00,50,00,32,E8,
71304422,00000120,false,Rx,0,8,3D,00,00,00,20,00,1D,36,
71305422,00000110,false,Rx,0,8,90,00,00,00,70,00,38,8B,
71305423,00000130,false,Rx,0,8,F8,FF,FF,FF,60,00,29,93,
71306422,00000100,false,Rx,0,8,5A,00,00,00,60,00,24,E1,
71306422,00000120,false,Rx,0,8,04,00,00,00,30,00,15,9F,
71307421,00000110,false,Rx,0,8,90,00,00,00,80,00,7C,8B,
71307422,00000130,false,Rx,0,8,18,00,00,00,70,00,26,03,
71308546,00000100,false,Rx,0,8,71,00,00,00,70,00,2F,3A,
71308547,00000120,false,Rx,0,8,04,00,00,00,40,00,30,5F,
71309546,00000110,false,Rx,0,8,79,00,00,00,90,00,67,B2,
71309547,00000130,false,Rx,0,8,F8,FF,FF,FF,80,00,60,53,
71310546,00000100,false,Rx,0,8,71,00,00,00,80,00,6B,3A,
71310547,00000120,false,Rx,0,8,E7,FF,FF,FF,50,00,3F,FC,
71311546,00000110,false,Rx,0,8,79,00,00,00,A0,00,73,B2,
71311547,00000130,false,Rx,0,8,18,00,00,00,90,00,6F,C3,
71312702,00000100,false,Rx,0,8,88,00,00,00,90,00,72,93,
71312703,00000120,false,Rx,0,8,E7,FF,FF,FF,60,00,2B,FC,
71313708,00000110,false,Rx,0,8,34,00,00,00,B0,00,71,AF,
71313709,00000130,false,Rx,0,8,37,00,00,00,A0,00,7C,5C,
71314704,00000100,false,Rx,0,8,B6,00,00,00,A0,00,62,4D,
71314705,00000120,false,Rx,0,8,E7,FF,FF,FF,70,00,26,3C,
71315704,00000110,false,Rx,0,8,34,00,00,00,C0,00,54,6F,
71315706,00000130,false,Rx,0,8,D9,FF,FF,FF,B0,00,72,E2,
71316701,00000100,false,Rx,0,8,71,00,00,00,B0,00,7F,3A,
71316704,00000140,false,Rx,0,8,01,00,FF,FF,E0,00,48,2E,
71316705,00000120,false,Rx,0,8,E7,FF,FF,FF,80,00,62,3C,
71317828,00000110,false,Rx,0,8,62,00,00,00,D0,00,55,99,
71317830,00000130,false,Rx,0,8,18,00,00,00,C0,00,53,C3,
71318828,00000100,false,Rx,0,8,71,00,00,00,C0,00,5A,FA,
71318831,00000120,false,Rx,0,8,04,00,00,00,90,00,6D,9F,
71319835,00000110,false,Rx,0,8,62,00,00,00,E0,00,41,99,
71319837,00000130,false,Rx,0,8,18,00,00,00,D0,00,5E,03,
71320827,00000100,false,Rx,0,8,5A,00,00,00,D0,00,51,21,
71320828,00000120,false,Rx,0,8,04,00,00,00,A0,00,79,9F,
71320829,00000110,false,Rx,0,8,A7,00,00,00,F0,00,5D,0C,
71322105,00000050,false,Rx,0,6,41,5C,FF,FB,5F,FF,00,00,
71322107,00000130,false,Rx,0,8,D8,34,03,00,E3,80,EB,D3,
71322107,00000100,false,Rx,0,8,43,00,00,00,E0,00,47,28,
71323678,00000120,false,Rx,0,8,3D,00,00,00,B0,00,71,36,
71323680,00000110,false,Rx,0,8,A7,00,00,00,00,00,19,0C,
71323680,00000210,false,Rx,0,8,75,69,00,05,06,5F,01,03,
71324678,00000130,false,Rx,0,8,D9,FF,FF,FF,F0,00,43,22,
71324679,00000100,false,Rx,0,8,5A,00,00,00,F0,00,48,E1,
71325692,00000120,false,Rx,0,8,3D,00,00,00,C0,00,54,F6,
71325693,00000110,false,Rx,0,8,79,00,00,00,10,00,06,72,
71326817,00000130,false,Rx,0,8,F8,FF,FF,FF,00,00,01,93,
71326818,00000100,false,Rx,0,8,5A,00,00,00,00,00,0C,E1,
71327831,00000120,false,Rx,0,8,04,00,00,00,D0,00,5C,5F,
71327833,00000110,false,Rx,0,8,79,00,00,00,20,00,12,72,
71328833,00000130,false,Rx,0,8,F8,FF,FF,FF,10,00,0C,53,
71328835,00000100,false,Rx,0,8,5A,00,00,00,10,00,01,21,
71329826,00000120,false,Rx,0,8,04,00,00,00,E0,00,48,5F,
71329828,00000110,false,Rx,0,8,62,00,00,00,30,00,1C,59,
71330983,00000130,false,Rx,0,8,18,00,00,00,20,00,1A,03,
71330985,00000100,false,Rx,0,8,88,00,00,00,20,00,07,53,
71331944,00000120,false,Rx,0,8,CB,FF,FF,FF,F0,00,40,50,
71331945,00000110,false,Rx,0,8,62,00,00,00,40,00,39,99,
71332944,00000130,false,Rx,0,8,F8,FF,FF,FF,30,00,15,93,
71332945,00000100,false,Rx,0,8,9F,00,00,00,30,00,09,B4,
71334087,00000120,false,Rx,0,8,CB,FF,FF,FF,00,00,04,50,
71334089,00000110,false,Rx,0,8,1D,00,00,00,50,00,3F,96,
71335089,00000130,false,Rx,0,8,F8,FF,FF,FF,40,00,30,53,
71335089,00000100,false,Rx,0,8,88,00,00,00,40,00,2F,53,
71336094,00000120,false,Rx,0,8,E7,FF,FF,FF,10,00,0E,3C,
71336095,00000110,false,Rx,0,8,1D,00,00,00,60,00,2B,96,
71337066,00000130,false,Rx,0,8,18,00,00,00,50,00,3F,C3,
71337067,00000100,false,Rx,0,8,71,00,00,00,50,00,36,FA,
71337067,00000140,false,Rx,0,8,01,00,FF,FF,F0,00,45,EE,
71338058,00000120,false,Rx,0,8,E7,FF,FF,FF,20,00,1A,3C,
71338059,00000110,false,Rx,0,8,62,00,00,00,70,00,2D,99,
71339211,00000130,false,Rx,0,8,18,00,00,00,60,00,2B,C3,
71339212,00000100,false,Rx,0,8,5A,00,00,00,60,00,24,E1,
71340184,00000120,false,Rx,0,8,04,00,00,00,30,00,15,9F,
71340185,00000110,false,Rx,0,8,62,00,00,00,80,00,69,99,
71341192,00000130,false,Rx,0,8,F8,FF,FF,FF,70,00,24,53,
71341193,00000100,false,Rx,0,8,5A,00,00,00,70,00,29,21,
71341194,00000120,false,Rx,0,8,04,00,00,00,40,00,30,5F,
71342471,00000110,false,Rx,0,8,79,00,00,00,90,00,67,B2,
71342472,00000050,false,Rx,0,6,41,5C,FF,FB,5F,FF,00,00,
71342472,00000130,false,Rx,0,8,EB,95,FF,FF,83,80,7B,A9,
71343442,00000100,false,Rx,0,8,2C,00,00,00,80,00,66,77,
71343443,00000120,false,Rx,0,8,3D,00,00,00,50,00,38,F6,
71344445,00000110,false,Rx,0,8,79,00,00,00,A0,00,73,B2,
71344445,00000130,false,Rx,0,8,76,00,00,00,90,00,67,4D,
71345546,00000100,false,Rx,0,8,43,00,00,00,90,00,62,E8,
71345548,00000120,false,Rx,0,8,3D,00,00,00,60,00,2C,F6,
71346545,00000110,false,Rx,0,8,79,00,00,00,B0,00,7E,72,
71346546,00000170,false,Rx,0,8,00,00,00,52,50,81,05,F7,
71346546,00000130,false,Rx,0,8,F8,FF,FF,FF,A0,00,79,93,
71347609,00000100,false,Rx,0,8,71,00,00,00,A0,00,72,FA,
71347609,00000120,false,Rx,0,8,04,00,00,00,70,00,24,5F,
71348568,00000110,false,Rx,0,8,79,00,00,00,C0,00,5B,B2,
71348568,00000130,false,Rx,0,8,D9,FF,FF,FF,B0,00,72,E2,
71349682,00000100,false,Rx,0,8,71,00,00,00,B0,00,7F,3A,
71349683,00000120,false,Rx,0,8,04,00,00,00,80,00,60,5F,
71350684,00000110,false,Rx,0,8,62,00,00,00,D0,00,55,99,
71350685,00000130,false,Rx,0,8,F8,FF,FF,FF,C0,00,51,93,
71351689,00000100,false,Rx,0,8,88,00,00,00,C0,00,4E,93,
71351690,00000120,false,Rx,0,8,E7,FF,FF,FF,90,00,6F,FC,
71352683,00000110,false,Rx,0,8,62,00,00,00,E0,00,41,99,
71352683,00000130,false,Rx,0,8,F8,FF,FF,FF,D0,00,5C,53,
71353843,00000100,false,Rx,0,8,9F,00,00,00,D0,00,40,74,
71353844,00000120,false,Rx,0,8,E7,FF,FF,FF,A0,00,7B,FC,
71354838,00000110,false,Rx,0,8,34,00,00,00,F0,00,40,6F,
71354839,00000130,false,Rx,0,8,18,00,00,00,E0,00,4A,03,
71355818,00000100,false,Rx,0,8,88,00,00,00,E0,00,57,53,
71355818,00000120,false,Rx,0,8,E7,FF,FF,FF,B0,00,76,3C,
71356827,00000110,false,Rx,0,8,34,00,00,00,00,00,04,6F,
71356828,00000130,false,Rx,0,8,F8,FF,FF,FF,F0,00,45,93,
71357807,00000100,false,Rx,0,8,71,00,00,00,F0,00,4E,FA,
71357807,00000140,false,Rx,0,8,01,00,FF,FF,00,00,01,EE,
71357808,00000120,false,Rx,0,8,E7,FF,FF,FF,C0,00,53,FC,
71358960,00000110,false,Rx,0,8,79,00,00,00,10,00,06,72,
71358961,00000130,false,Rx,0,8,D9,FF,FF,FF,00,00,07,22,
71359938,00000100,false,Rx,0,8,5A,00,00,00,00,00,0C,E1,
71359939,00000120,false,Rx,0,8,04,00,00,00,D0,00,5C,5F,
71360941,00000110,false,Rx,0,8,79,00,00,00,20,00,12,72,
71360942,00000130,false,Rx,0,8,F8,FF,FF,FF,10,00,0C,53,
71361933,00000100,false,Rx,0,8,5A,00,00,00,10,00,01,21,
71361934,00000120,false,Rx,0,8,04,00,00,00,E0,00,48,5F,
71361935,00000110,false,Rx,0,8,90,00,00,00,30,00,09,4B,
71363217,00000050,false,Rx,0,6,41,5C,FF,FB,5F,FF,00,00,
71363218,00000130,false,Rx,0,8,2C,BA,F5,FF,23,80,C5,00,
71363219,00000100,false,Rx,0,8,2C,00,00,00,20,00,1E,77,
71364865,00000120,false,Rx,0,8,20,00,00,00,F0,00,43,7B,
71364867,00000110,false,Rx,0,8,90,00,00,00,40,00,2C,8B,
71365866,00000130,false,Rx,0,8,95,00,00,00,30,00,09,1E,
71365867,00000100,false,Rx,0,8,71,00,00,00,30,00,1E,FA,
71366980,00000120,false,Rx,0,8,20,00,00,00,00,00,07,7B,
71366982,00000110,false,Rx,0,8,62,00,00,00,50,00,34,59,
71367979,00000130,false,Rx,0,8,D9,FF,FF,FF,40,00,36,E2,
71367980,00000100,false,Rx,0,8,71,00,00,00,40,00,3B,3A,
71368959,00000120,false,Rx,0,8,E7,FF,FF,FF,10,00,0E,3C,
71368960,00000110,false,Rx,0,8,62,00,00,00,60,00,20,59,
71369972,00000130,false,Rx,0,8,18,00,00,00,50,00,3F,C3,
71369973,00000100,false,Rx,0,8,71,00,00,00,50,00,36,FA,
71370949,00000120,false,Rx,0,8,E7,FF,FF,FF,20,00,1A,3C,
71370950,00000110,false,Rx,0,8,4B,00,00,00,70,00,2A,60,
71372104,00000130,false,Rx,0,8,18,00,00,00,60,00,2B,C3,
71372105,00000100,false,Rx,0,8,88,00,00,00,60,00,36,93,
71373112,00000120,false,Rx,0,8,CB,FF,FF,FF,30,00,10,50,
71373114,00000110,false,Rx,0,8,4B,00,00,00,80,00,6E,60,
71374085,00000130,false,Rx,0,8,D9,FF,FF,FF,70,00,22,E2,
71374086,00000100,false,Rx,0,8,9F,00,00,00,70,00,38,74,
71375073,00000120,false,Rx,0,8,CB,FF,FF,FF,40,00,35,90,
71375074,00000110,false,Rx,0,8,4B,00,00,00,90,00,63,A0,
71376231,00000130,false,Rx,0,8,37,00,00,00,80,00,65,9C,
71376232,00000100,false,Rx,0,8,71,00,00,00,80,00,6B,3A,
71377232,00000120,false,Rx,0,8,04,00,00,00,50,00,3D,9F,
71377233,00000110,false,Rx,0,8,4B,00,00,00,A0,00,77,A0,
71378239,00000130,false,Rx,0,8,F8,FF,FF,FF,90,00,6D,93,
71378241,00000100,false,Rx,0,8,71,00,00,00,90,00,66,FA,
71378241,00000140,false,Rx,0,8,01,00,FF,FF,10,00,0C,2E,
71379216,00000120,false,Rx,0,8,04,00,00,00,60,00,29,9F,
71379217,00000110,false,Rx,0,8,62,00,00,00,B0,00,7D,99,
71380351,00000130,false,Rx,0,8,B9,FF,FF,FF,A0,00,76,82,
71380352,00000100,false,Rx,0,8,5A,00,00,00,A0,00,74,E1,
71381327,00000120,false,Rx,0,8,04,00,00,00,70,00,24,5F,
71381328,00000110,false,Rx,0,8,62,00,00,00,C0,00,58,59,
71382331,00000130,false,Rx,0,8,37,00,00,00,B0,00,71,9C,
71382332,00000100,false,Rx,0,8,43,00,00,00,B0,00,7B,28,
71382332,00000120,false,Rx,0,8,04,00,00,00,80,00,60,5F,
71383575,00000110,false,Rx,0,8,BE,00,00,00,D0,00,46,C5,
71383577,00000050,false,Rx,0,6,41,5C,FF,FB,5F,FF,00,00,
71383578,00000130,false,Rx,0,8,4D,21,00,00,C3,80,E2,91,
71384576,00000100,false,Rx,0,8,43,00,00,00,C0,00,5E,E8,
71384577,00000120,false,Rx,0,8,04,00,00,00,90,00,6D,9F,
71385592,00000110,false,Rx,0,8,BE,00,00,00,E0,00,52,C5,
71385594,00000130,false,Rx,0,8,18,00,00,00,D0,00,5E,03,
71386700,00000100,false,Rx,0,8,71,00,00,00,D0,00,57,3A,
71386701,00000120,false,Rx,0,8,04,00,00,00,A0,00,79,9F,
71387700,00000110,false,Rx,0,8,62,00,00,00,F0,00,4C,59,
71387701,00000130,false,Rx,0,8,18,00,00,00,E0,00,4A,03,
71388713,00000100,false,Rx,0,8,5A,00,00,00,E0,00,45,21,
71388715,00000120,false,Rx,0,8,E7,FF,FF,FF,B0,00,76,3C,
71389855,00000110,false,Rx,0,8,62,00,00,00,00,00,08,59,
71389856,00000130,false,Rx,0,8,D9,FF,FF,FF,F0,00,43,22,
71390853,00000100,false,Rx,0,8,71,00,00,00,F0,00,4E,FA,
71390855,00000120,false,Rx,0,8,E7,FF,FF,FF,C0,00,53,FC,
71391860,00000110,false,Rx,0,8,4B,00,00,00,10,00,02,60,
71391862,00000130,false,Rx,0,8,D9,FF,FF,FF,00,00,07,22,
71392803,00000100,false,Rx,0,8,88,00,00,00,00,00,1E,93,
71392804,00000120,false,Rx,0,8,AE,FF,FF,FF,D0,00,50,65,
71393822,00000110,false,Rx,0,8,4B,00,00,00,20,00,16,60,
71393824,00000130,false,Rx,0,8,18,00,00,00,10,00,0E,03,
71394985,00000100,false,Rx,0,8,9F,00,00,00,10,00,10,74,
71394986,00000120,false,Rx,0,8,AE,FF,FF,FF,E0,00,44,65,
71395958,00000110,false,Rx,0,8,4B,00,00,00,30,00,1B,A0,
71395959,00000130,false,Rx,0,8,F8,FF,FF,FF,20,00,18,53,
71396966,00000100,false,Rx,0,8,71,00,00,00,20,00,13,3A,
71396968,00000120,false,Rx,0,8,04,00,00,00,F0,00,45,9F,
71397948,00000110,false,Rx,0,8,4B,00,00,00,40,00,3E,60,
71397950,00000130,false,Rx,0,8,F8,FF,FF,FF,30,00,15,93,
71399106,00000100,false,Rx,0,8,71,00,00,00,30,00,1E,FA,
71399107,00000140,false,Rx,0,8,01,00,FF,FF,20,00,18,2E,
71399108,00000120,false,Rx,0,8,04,00,00,00,00,00,01,9F,
71400100,00000110,false,Rx,0,8,62,00,00,00,50,00,34,59,
71400102,00000130,false,Rx,0,8,F8,FF,FF,FF,40,00,30,53,
71401081,00000100,false,Rx,0,8,5A,00,00,00,40,00,3D,21,
71401082,00000120,false,Rx,0,8,20,00,00,00,10,00,0A,BB,
71402076,00000110,false,Rx,0,8,62,00,00,00,60,00,20,59,
71402077,00000130,false,Rx,0,8,37,00,00,00,50,00,38,5C,
71403080,00000100,false,Rx,0,8,43,00,00,00,50,00,32,E8,
71403082,00000120,false,Rx,0,8,20,00,00,00,20,00,1E,BB,
71403082,00000110,false,Rx,0,8,BE,00,00,00,70,00,3E,C5,
71404331,00000050,false,Rx,0,6,41,5C,FF,FB,5F,FF,00,00,
71404332,00000130,false,Rx,0,8,B8,34,03,00,63,80,83,B3,
71404332,00000100,false,Rx,0,8,43,00,00,00,60,00,26,E8,
71405960,00000120,false,Rx,0,8,20,00,00,00,30,00,13,7B,
71405961,00000110,false,Rx,0,8,BE,00,00,00,80,00,7A,C5,
71406972,00000130,false,Rx,0,8,18,00,00,00,70,00,26,03,
71406973,00000100,false,Rx,0,8,71,00,00,00,70,00,2F,3A,
71408105,00000120,false,Rx,0,8,20,00,00,00,40,00,36,BB,
71408106,00000110,false,Rx,0,8,62,00,00,00,90,00,64,59,
71409106,00000130,false,Rx,0,8,F8,FF,FF,FF,80,00,60,53,
71409107,00000100,false,Rx,0,8,71,00,00,00,80,00,6B,3A,
71410081,00000120,false,Rx,0,8,E7,FF,FF,FF,50,00,3F,FC,
71410082,00000110,false,Rx,0,8,62,00,00,00,A0,00,70,59,
71411073,00000130,false,Rx,0,8,D9,FF,FF,FF,90,00,6B,22,
71411074,00000100,false,Rx,0,8,88,00,00,00,90,00,72,93,
71412232,00000120,false,Rx,0,8,E7,FF,FF,FF,60,00,2B,FC,
71412233,00000110,false,Rx,0,8,4B,00,00,00,B0,00,7A,60,
71413231,00000130,false,Rx,0,8,37,00,00,00,A0,00,7C,5C,
71413232,00000100,false,Rx,0,8,9F,00,00,00,A0,00,65,B4,
71414226,00000120,false,Rx,0,8,AE,FF,FF,FF,70,00,28,65,
71414228,00000110,false,Rx,0,8,4B,00,00,00,C0,00,5F,A0,
71415201,00000130,false,Rx,0,8,18,00,00,00,B0,00,76,03,
71415202,00000100,false,Rx,0,8,88,00,00,00,B0,00,6B,53,
71416198,00000120,false,Rx,0,8,AE,FF,FF,FF,80,00,6C,65,
71416199,00000110,false,Rx,0,8,4B,00,00,00,D0,00,52,60,
71417322,00000130,false,Rx,0,8,F8,FF,FF,FF,C0,00,51,93,
71417323,00000100,false,Rx,0,8,71,00,00,00,C0,00,5A,FA,
71418331,00000120,false,Rx,0,8,04,00,00,00,90,00,6D,9F,
71418333,00000110,false,Rx,0,8,4B,00,00,00,E0,00,46,60,
71419333,00000130,false,Rx,0,8,F8,FF,FF,FF,D0,00,5C,53,
71419334,00000100,false,Rx,0,8,71,00,00,00,D0,00,57,3A,
71419335,00000140,false,Rx,0,8,01,00,FF,FF,30,00,15,EE,
71420327,00000120,false,Rx,0,8,04,00,00,00,A0,00,79,9F,
71420329,00000110,false,Rx,0,8,62,00,00,00,F0,00,4C,59,
71421481,00000130,false,Rx,0,8,F8,FF,FF,FF,E0,00,48,53,
71421482,00000100,false,Rx,0,8,5A,00,00,00,E0,00,45,21,
71422458,00000120,false,Rx,0,8,04,00,00,00,B0,00,74,5F,
71422459,00000110,false,Rx,0,8,62,00,00,00,00,00,08,59,
71423457,00000130,false,Rx,0,8,18,00,00,00,F0,00,47,C3,
71423458,00000100,false,Rx,0,8,43,00,00,00,F0,00,4A,E8,
71423459,00000120,false,Rx,0,8,04,00,00,00,C0,00,51,9F,
71424707,00000110,false,Rx,0,8,90,00,00,00,10,00,10,8B,
71424708,00000050,false,Rx,0,6,41,5C,FF,FB,5F,FF,00,00,
71424709,00000130,false,Rx,0,8,EB,95,FF,FF,03,80,1A,69,
71425709,00000100,false,Rx,0,8,43,00,00,00,00,00,0E,E8,
71425710,00000120,false,Rx,0,8,20,00,00,00,D0,00,5A,BB,
71426709,00000110,false,Rx,0,8,90,00,00,00,20,00,04,8B,
71426710,00000130,false,Rx,0,8,76,00,00,00,10,00,06,8D,
71427859,00000100,false,Rx,0,8,71,00,00,00,10,00,07,3A,
71427861,00000120,false,Rx,0,8,20,00,00,00,E0,00,4E,BB,
71428833,00000110,false,Rx,0,8,62,00,00,00,30,00,1C,59,
71428835,00000130,false,Rx,0,8,F8,FF,FF,FF,20,00,18,53,
71429847,00000100,false,Rx,0,8,5A,00,00,00,20,00,15,21,
71429848,00000120,false,Rx,0,8,E7,FF,FF,FF,F0,00,47,FC,
71430981,00000110,false,Rx,0,8,62,00,00,00,40,00,39,99,
71430982,00000130,false,Rx,0,8,D9,FF,FF,FF,30,00,13,22,
71431981,00000100,false,Rx,0,8,88,00,00,00,30,00,0A,93,
71431983,00000120,false,Rx,0,8,E7,FF,FF,FF,00,00,03,FC,
71432959,00000110,false,Rx,0,8,34,00,00,00,50,00,38,6F,
71432961,00000130,false,Rx,0,8,18,00,00,00,40,00,32,03,
71433958,00000100,false,Rx,0,8,B6,00,00,00,40,00,2B,8D,
71433960,00000120,false,Rx,0,8,CB,FF,FF,FF,10,00,09,90,
71434947,00000110,false,Rx,0,8,34,00,00,00,60,00,2C,6F,
71434948,00000130,false,Rx,0,8,F8,FF,FF,FF,50,00,3D,93,
71436105,00000100,false,Rx,0,8,9F,00,00,00,50,00,21,B4,
71436107,00000120,false,Rx,0,8,CB,FF,FF,FF,20,00,1D,90,
71437106,00000110,false,Rx,0,8,4B,00,00,00,70,00,2A,60,
71437107,00000130,false,Rx,0,8,F8,FF,FF,FF,60,00,29,93,
71438074,00000100,false,Rx,0,8,71,00,00,00,60,00,22,FA,
71438076,00000120,false,Rx,0,8,04,00,00,00,30,00,15,9F,
71439070,00000110,false,Rx,0,8,4B,00,00,00,80,00,6E,60,
71439072,00000130,false,Rx,0,8,D9,FF,FF,FF,70,00,22,E2,
71440200,00000100,false,Rx,0,8,71,00,00,00,70,00,2F,3A,
71440202,00000140,false,Rx,0,8,01,00,FF,FF,40,00,30,2E,
71440202,00000120,false,Rx,0,8,04,00,00,00,40,00,30,5F,
71441207,00000110,false,Rx,0,8,62,00,00,00,90,00,64,59,
71441209,00000130,false,Rx,0,8,99,FF,FF,FF,80,00,68,22,
71442209,00000100,false,Rx,0,8,5A,00,00,00,80,00,6D,21,
71442210,00000120,false,Rx,0,8,3D,00,00,00,50,00,38,F6,
71443199,00000110,false,Rx,0,8,62,00,00,00,A0,00,70,59,
71443201,00000130,false,Rx,0,8,18,00,00,00,90,00,6F,C3,
71444207,00000100,false,Rx,0,8,43,00,00,00,90,00,62,E8,
71444208,00000120,false,Rx,0,8,3D,00,00,00,60,00,2C,F6,
71444209,00000110,false,Rx,0,8,90,00,00,00,B0,00,68,8B,
71445457,00000050,false,Rx,0,6,41,5C,FF,FB,5F,FF,00,00,
71445459,00000130,false,Rx,0,8,4C,BA,F5,FF,A3,80,AD,60,
71445459,00000100,false,Rx,0,8,5A,00,00,00,A0,00,74,E1,
71447100,00000120,false,Rx,0,8,04,00,00,00,70,00,24,5F,
71447101,00000110,false,Rx,0,8,90,00,00,00,C0,00,4D,4B,
71448103,00000130,false,Rx,0,8,95,00,00,00,B0,00,68,DE,
71448104,00000100,false,Rx,0,8,71,00,00,00,B0,00,7F,3A,
71449229,00000120,false,Rx,0,8,04,00,00,00,80,00,60,5F,
71449231,00000110,false,Rx,0,8,79,00,00,00,D0,00,56,72,
71449231,00000170,false,Rx,0,8,00,00,00,53,50,81,05,6A,
71450205,00000130,false,Rx,0,8,F8,FF,FF,FF,C0,00,51,93,
71450207,00000100,false,Rx,0,8,71,00,00,00,C0,00,5A,FA,
71451200,00000120,false,Rx,0,8,E7,FF,FF,FF,90,00,6F,FC,
71451202,00000110,false,Rx,0,8,79,00,00,00,E0,00,42,72,
71452206,00000130,false,Rx,0,8,F8,FF,FF,FF,D0,00,5C,53,
71452208,00000100,false,Rx,0,8,88,00,00,00,D0,00,43,53,
71453301,00000120,false,Rx,0,8,E7,FF,FF,FF,A0,00,7B,FC,
71453302,00000110,false,Rx,0,8,34,00,00,00,F0,00,40,6F,
71454333,00000130,false,Rx,0,8,F8,FF,FF,FF,E0,00,48,53,
71454334,00000100,false,Rx,0,8,B6,00,00,00,E0,00,53,8D,
71455333,00000120,false,Rx,0,8,04,00,00,00,B0,00,74,5F,
71455335,00000110,false,Rx,0,8,34,00,00,00,00,00,04,6F,
71456323,00000130,false,Rx,0,8,F8,FF,FF,FF,F0,00,45,93,
71456325,00000100,false,Rx,0,8,88,00,00,00,F0,00,5A,93,
71457482,00000120,false,Rx,0,8,04,00,00,00,C0,00,51,9F,
71457483,00000110,false,Rx,0,8,62,00,00,00,10,00,05,99,
71458476,00000130,false,Rx,0,8,18,00,00,00,00,00,03,C3,
71458477,00000100,false,Rx,0,8,5A,00,00,00,00,00,0C,E1,
71459452,00000120,false,Rx,0,8,04,00,00,00,D0,00,5C,5F,
71459454,00000110,false,Rx,0,8,62,00,00,00,20,00,11,99,
71460456,00000130,false,Rx,0,8,F8,FF,FF,FF,10,00,0C,53,
71460457,00000100,false,Rx,0,8,71,00,00,00,10,00,07,3A,
71460458,00000140,false,Rx,0,8,01,00,FF,FF,50,00,3D,EE,
71461603,00000120,false,Rx,0,8,04,00,00,00,E0,00,48,5F,
71461604,00000110,false,Rx,0,8,79,00,00,00,30,00,1F,B2,
71462604,00000130,false,Rx,0,8,18,00,00,00,20,00,1A,03,
71462605,00000100,false,Rx,0,8,5A,00,00,00,20,00,15,21,
71463580,00000120,false,Rx,0,8,3D,00,00,00,F0,00,40,F6,
71463581,00000110,false,Rx,0,8,79,00,00,00,40,00,3A,72,
71464582,00000130,false,Rx,0,8,18,00,00,00,30,00,17,C3,
71464583,00000100,false,Rx,0,8,43,00,00,00,30,00,1A,E8,
71464583,00000120,false,Rx,0,8,3D,00,00,00,00,00,04,F6,
71465853,00000110,false,Rx,0,8,A7,00,00,00,50,00,25,0C,
71465855,00000050,false,Rx,0,6,41,5C,FF,FB,5F,FF,00,00,
71465856,00000130,false,Rx,0,8,4D,21,00,00,43,80,83,51,
71466833,00000100,false,Rx,0,8,5A,00,00,00,40,00,3D,21,
71466834,00000120,false,Rx,0,8,04,00,00,00,10,00,0C,5F,
71467822,00000110,false,Rx,0,8,A7,00,00,00,60,00,31,0C,
71467824,00000130,false,Rx,0,8,F8,FF,FF,FF,50,00,3D,93,
71468975,00000100,false,Rx,0,8,71,00,00,00,50,00,36,FA,
71468976,00000120,false,Rx,0,8,04,00,00,00,20,00,18,5F,
71469954,00000110,false,Rx,0,8,62,00,00,00,70,00,2D,99,
71469956,00000130,false,Rx,0,8,D9,FF,FF,FF,60,00,2F,22,
71470956,00000100,false,Rx,0,8,71,00,00,00,60,00,22,FA,
71470958,00000120,false,Rx,0,8,E7,FF,FF,FF,30,00,17,FC,
71472106,00000110,false,Rx,0,8,62,00,00,00,80,00,69,99,
71472108,00000130,false,Rx,0,8,F8,FF,FF,FF,70,00,24,53,
71473050,00000100,false,Rx,0,8,9F,00,00,00,70,00,38,74,
71473052,00000120,false,Rx,0,8,E7,FF,FF,FF,40,00,32,3C,
71474048,00000110,false,Rx,0,8,1D,00,00,00,90,00,6F,96,
71474049,00000130,false,Rx,0,8,B9,FF,FF,FF,80,00,6F,42,
71475045,00000100,false,Rx,0,8,88,00,00,00,80,00,7F,53,
71475046,00000120,false,Rx,0,8,E7,FF,FF,FF,50,00,3F,FC,
71476171,00000110,false,Rx,0,8,1D,00,00,00,A0,00,7B,96,
71476172,00000130,false,Rx,0,8,37,00,00,00,90,00,68,5C,
71477169,00000100,false,Rx,0,8,88,00,00,00,90,00,72,93,
71477170,00000120,false,Rx,0,8,E7,FF,FF,FF,60,00,2B,FC,
71478169,00000110,false,Rx,0,8,62,00,00,00,B0,00,7D,99,
71478170,00000130,false,Rx,0,8,37,00,00,00,A0,00,7C,5C,
71479169,00000100,false,Rx,0,8,71,00,00,00,A0,00,72,FA,
71479170,00000120,false,Rx,0,8,04,00,00,00,70,00,24,5F,
71480168,00000110,false,Rx,0,8,62,00,00,00,C0,00,58,59,
71480169,00000130,false,Rx,0,8,F8,FF,FF,FF,B0,00,74,53,
71481296,00000100,false,Rx,0,8,5A,00,00,00,B0,00,79,21,
71481296,00000140,false,Rx,0,8,01,00,FF,FF,60,00,29,EE,
71481297,00000120,false,Rx,0,8,04,00,00,00,80,00,60,5F,
71482297,00000110,false,Rx,0,8,79,00,00,00,D0,00,56,72,
71482298,00000130,false,Rx,0,8,F8,FF,FF,FF,C0,00,51,93,
71483296,00000100,false,Rx,0,8,2C,00,00,00,C0,00,57,B7,
71483297,00000120,false,Rx,0,8,20,00,00,00,90,00,6B,7B,
71484295,00000110,false,Rx,0,8,79,00,00,00,E0,00,42,72,
71484296,00000130,false,Rx,0,8,F8,FF,FF,FF,D0,00,5C,53,
71485296,00000100,false,Rx,0,8,43,00,00,00,D0,00,53,28,
71485296,00000120,false,Rx,0,8,20,00,00,00,A0,00,7F,7B,
71485297,00000110,false,Rx,0,8,A7,00,00,00,F0,00,5D,0C,
71486545,00000050,false,Rx,0,6,41,5C,FF,FB,5F,FF,00,00,
71486546,00000130,false,Rx,0,8,F8,34,03,00,E3,80,EC,B3,
71486547,00000100,false,Rx,0,8,5A,00,00,00,E0,00,45,21,
71488170,00000120,false,Rx,0,8,04,00,00,00,B0,00,74,5F,
71488171,00000110,false,Rx,0,8,A7,00,00,00,00,00,19,0C,
71489171,00000130,false,Rx,0,8,D9,FF,FF,FF,F0,00,43,22,
71489171,00000100,false,Rx,0,8,71,00,00,00,F0,00,4E,FA,
71490295,00000120,false,Rx,0,8,04,00,00,00,C0,00,51,9F,
71490296,00000110,false,Rx,0,8,62,00,00,00,10,00,05,99,
71491295,00000130,false,Rx,0,8,F8,FF,FF,FF,00,00,01,93,
71491296,00000100,false,Rx,0,8,88,00,00,00,00,00,1E,93,
71492295,00000120,false,Rx,0,8,E7,FF,FF,FF,D0,00,5E,3C,
71492296,00000110,false,Rx,0,8,62,00,00,00,20,00,11,99,
71493295,00000130,false,Rx,0,8,F8,FF,FF,FF,10,00,0C,53,
71493296,00000100,false,Rx,0,8,9F,00,00,00,10,00,10,74,
71494420,00000120,false,Rx,0,8,E7,FF,FF,FF,E0,00,4A,3C,
71494421,00000110,false,Rx,0,8,1D,00,00,00,30,00,17,96,
71495420,00000130,false,Rx,0,8,F8,FF,FF,FF,20,00,18,53,
71495421,00000100,false,Rx,0,8,88,00,00,00,20,00,07,53,
71496420,00000120,false,Rx,0,8,E7,FF,FF,FF,F0,00,47,FC,
71496421,00000110,false,Rx,0,8,1D,00,00,00,40,00,32,56,
71497420,00000130,false,Rx,0,8,D9,FF,FF,FF,30,00,13,22,
71497421,00000100,false,Rx,0,8,71,00,00,00,30,00,1E,FA,
71498545,00000120,false,Rx,0,8,E7,FF,FF,FF,00,00,03,FC,
71498546,00000110,false,Rx,0,8,62,00,00,00,50,00,34,59,
71499545,00000130,false,Rx,0,8,F8,FF,FF,FF,40,00,30,53,
71499546,00000100,false,Rx,0,8,71,00,00,00,40,00,3B,3A,
71500545,00000120,false,Rx,0,8,04,00,00,00,10,00,0C,5F,
71500546,00000110,false,Rx,0,8,62,00,00,00,60,00,20,59,
71501544,00000130,false,Rx,0,8,F8,FF,FF,FF,50,00,3D,93,
71501545,00000100,false,Rx,0,8,5A,00,00,00,50,00,30,E1,
71501546,00000140,false,Rx,0,8,01,00,FF,FF,70,00,24,2E,
71502670,00000120,false,Rx,0,8,04,00,00,00,20,00,18,5F,
71502670,00000110,false,Rx,0,8,79,00,00,00,70,00,2E,72,
71503670,00000130,false,Rx,0,8,F8,FF,FF,FF,60,00,29,93,
71503670,00000100,false,Rx,0,8,43,00,00,00,60,00,26,E8,
71504670,00000120,false,Rx,0,8,20,00,00,00,30,00,13,7B,
71504670,00000110,false,Rx,0,8,79,00,00,00,80,00,6A,72,
71505669,00000130,false,Rx,0,8,F8,FF,FF,FF,70,00,24,53,
71505670,00000100,false,Rx,0,8,5A,00,00,00,70,00,29,21,
71505671,00000120,false,Rx,0,8,20,00,00,00,40,00,36,BB,
71506920,00000110,false,Rx,0,8,79,00,00,00,90,00,67,B2,
71506920,00000050,false,Rx,0,6,41,5C,FF,FB,5F,FF,00,00,
71506921,00000130,false,Rx,0,8,EB,95,FF,FF,83,80,7B,A9,
71507919,00000100,false,Rx,0,8,5A,00,00,00,80,00,6D,21,
71507920,00000120,false,Rx,0,8,04,00,00,00,50,00,3D,9F,
71508919,00000110,false,Rx,0,8,79,00,00,00,A0,00,73,B2,
71508921,00000130,false,Rx,0,8,95,00,00,00,90,00,71,1E,
71510044,00000100,false,Rx,0,8,71,00,00,00,90,00,66,FA,
71510045,00000120,false,Rx,0,8,04,00,00,00,60,00,29,9F,
71511045,00000110,false,Rx,0,8,4B,00,00,00,B0,00,7A,60,
71511046,00000130,false,Rx,0,8,D9,FF,FF,FF,A0,00,7F,22,
71512169,00000100,false,Rx,0,8,88,00,00,00,A0,00,66,93,
71512170,00000120,false,Rx,0,8,AE,FF,FF,FF,70,00,28,65,
71513169,00000110,false,Rx,0,8,4B,00,00,00,C0,00,5F,A0,
71513170,00000130,false,Rx,0,8,37,00,00,00,B0,00,71,9C,
71514169,00000100,false,Rx,0,8,B6,00,00,00,B0,00,6F,8D,
71514170,00000120,false,Rx,0,8,AE,FF,FF,FF,80,00,6C,65,
71515170,00000110,false,Rx,0,8,4B,00,00,00,D0,00,52,60,
71515170,00000130,false,Rx,0,8,18,00,00,00,C0,00,53,C3,
71516170,00000100,false,Rx,0,8,71,00,00,00,C0,00,5A,FA,
71516171,00000120,false,Rx,0,8,04,00,00,00,90,00,6D,9F,
71517295,00000110,false,Rx,0,8,4B,00,00,00,E0,00,46,60,
71517295,00000130,false,Rx,0,8,F8,FF,FF,FF,D0,00,5C,53,
71518293,00000100,false,Rx,0,8,71,00,00,00,D0,00,57,3A,
71518293,00000120,false,Rx,0,8,04,00,00,00,A0,00,79,9F,
71519333,00000110,false,Rx,0,8,4B,00,00,00,F0,00,4B,A0,
71519334,00000130,false,Rx,0,8,F8,FF,FF,FF,E0,00,48,53,
71520335,00000100,false,Rx,0,8,71,00,00,00,E0,00,43,3A,
71520336,00000120,false,Rx,0,8,04,00,00,00,B0,00,74,5F,
71521459,00000110,false,Rx,0,8,4B,00,00,00,00,00,0F,A0,
71521461,00000130,false,Rx,0,8,F8,FF,FF,FF,F0,00,45,93,
71522450,00000100,false,Rx,0,8,5A,00,00,00,F0,00,48,E1,
71522452,00000140,false,Rx,0,8,01,00,FF,FF,80,00,60,2E,
71522453,00000120,false,Rx,0,8,04,00,00,00,C0,00,51,9F,
71523451,00000110,false,Rx,0,8,A7,00,00,00,10,00,14,CC,
71523452,00000130,false,Rx,0,8,F8,FF,FF,FF,00,00,01,93,
71524425,00000100,false,Rx,0,8,43,00,00,00,00,00,0E,E8,
71524426,00000120,false,Rx,0,8,20,00,00,00,D0,00,5A,BB,
71525421,00000110,false,Rx,0,8,A7,00,00,00,20,00,00,CC,
71525422,00000130,false,Rx,0,8,F8,FF,FF,FF,10,00,0C,53,
71526547,00000100,false,Rx,0,8,5A,00,00,00,10,00,01,21,
71526548,00000120,false,Rx,0,8,20,00,00,00,E0,00,4E,BB,
71526549,00000110,false,Rx,0,8,62,00,00,00,30,00,1C,59,
71527671,00000050,false,Rx,0,6,41,5C,FF,FB,5F,FF,00,00,
71527672,00000130,false,Rx,0,8,4C,BA,F5,FF,23,80,CC,A0,
71527672,00000100,false,Rx,0,8,5A,00,00,00,20,00,15,21,
71529297,00000120,false,Rx,0,8,20,00,00,00,F0,00,43,7B,
71529297,00000110,false,Rx,0,8,62,00,00,00,40,00,39,99,
71530295,00000130,false,Rx,0,8,95,00,00,00,30,00,09,1E,
71530296,00000100,false,Rx,0,8,71,00,00,00,30,00,1E,FA,
71531421,00000120,false,Rx,0,8,20,00,00,00,00,00,07,7B,
71531422,00000110,false,Rx,0,8,4B,00,00,00,50,00,33,A0,
71532420,00000130,false,Rx,0,8,18,00,00,00,40,00,32,03,
71532421,00000100,false,Rx,0,8,88,00,00,00,40,00,2F,53,
71533421,00000120,false,Rx,0,8,E7,FF,FF,FF,10,00,0E,3C,
71533421,00000110,false,Rx,0,8,4B,00,00,00,60,00,27,A0,
71534419,00000130,false,Rx,0,8,18,00,00,00,50,00,3F,C3,
71534420,00000100,false,Rx,0,8,88,00,00,00,50,00,22,93,
71535545,00000120,false,Rx,0,8,E7,FF,FF,FF,20,00,1A,3C,
71535546,00000110,false,Rx,0,8,62,00,00,00,70,00,2D,99,
71536544,00000130,false,Rx,0,8,F8,FF,FF,FF,60,00,29,93,
71536545,00000100,false,Rx,0,8,71,00,00,00,60,00,22,FA,
71537545,00000120,false,Rx,0,8,E7,FF,FF,FF,30,00,17,FC,
71537546,00000110,false,Rx,0,8,62,00,00,00,80,00,69,99,
71538544,00000130,false,Rx,0,8,B9,FF,FF,FF,70,00,2B,42,
71538545,00000100,false,Rx,0,8,71,00,00,00,70,00,2F,3A,
71539668,00000120,false,Rx,0,8,E7,FF,FF,FF,40,00,32,3C,
71539669,00000110,false,Rx,0,8,79,00,00,00,90,00,67,B2,
71540669,00000130,false,Rx,0,8,F8,FF,FF,FF,80,00,60,53,
71540669,00000100,false,Rx,0,8,5A,00,00,00,80,00,6D,21,
71541669,00000120,false,Rx,0,8,04,00,00,00,50,00,3D,9F,
71541669,00000110,false,Rx,0,8,79,00,00,00,A0,00,73,B2,
71542669,00000130,false,Rx,0,8,18,00,00,00,90,00,6F,C3,
71542670,00000100,false,Rx,0,8,43,00,00,00,90,00,62,E8,
71542670,00000140,false,Rx,0,8,01,00,FF,FF,90,00,6D,EE,
71543669,00000120,false,Rx,0,8,04,00,00,00,60,00,29,9F,
71543669,00000110,false,Rx,0,8,A7,00,00,00,B0,00,6C,CC,
71544794,00000130,false,Rx,0,8,18,00,00,00,A0,00,7B,C3,
71544794,00000100,false,Rx,0,8,43,00,00,00,A0,00,76,E8,
71545793,00000120,false,Rx,0,8,04,00,00,00,70,00,24,5F,
71545794,00000110,false,Rx,0,8,A7,00,00,00,C0,00,49,0C,
71546794,00000130,false,Rx,0,8,18,00,00,00,B0,00,76,03,
71546795,00000100,false,Rx,0,8,71,00,00,00,B0,00,7F,3A,
71546795,00000120,false,Rx,0,8,04,00,00,00,80,00,60,5F,
71548043,00000110,false,Rx,0,8,A7,00,00,00,D0,00,44,CC,
71548044,00000050,false,Rx,0,6,41,5C,FF,FB,5F,FF,00,00,
71548045,00000130,false,Rx,0,8,4D,21,00,00,C3,80,E2,91,
71549043,00000100,false,Rx,0,8,5A,00,00,00,C0,00,5C,E1,
71549044,00000120,false,Rx,0,8,20,00,00,00,90,00,6B,7B,
71550043,00000110,false,Rx,0,8,A7,00,00,00,E0,00,50,CC,
71550044,00000130,false,Rx,0,8,D9,FF,FF,FF,D0,00,5A,E2,
71551168,00000100,false,Rx,0,8,71,00,00,00,D0,00,57,3A,
71551169,00000120,false,Rx,0,8,20,00,00,00,A0,00,7F,7B,
71552168,00000110,false,Rx,0,8,4B,00,00,00,F0,00,4B,A0,
71552169,00000170,false,Rx,0,8,00,00,00,54,50,81,05,9E,
71552169,00000130,false,Rx,0,8,D9,FF,FF,FF,E0,00,4E,E2,
71553168,00000100,false,Rx,0,8,9F,00,00,00,E0,00,54,74,
71553169,00000120,false,Rx,0,8,CB,FF,FF,FF,B0,00,71,90,
71554293,00000110,false,Rx,0,8,4B,00,00,00,00,00,0F,A0,
71554294,00000130,false,Rx,0,8,F8,FF,FF,FF,F0,00,45,93,
71555293,00000100,false,Rx,0,8,88,00,00,00,F0,00,5A,93,
71555294,00000120,false,Rx,0,8,CB,FF,FF,FF,C0,00,54,50,
71556292,00000110,false,Rx,0,8,4B,00,00,00,10,00,02,60,
71556293,00000130,false,Rx,0,8,99,FF,FF,FF,00,00,09,E2,
71557292,00000100,false,Rx,0,8,71,00,00,00,00,00,0A,FA,
71557293,00000120,false,Rx,0,8,E7,FF,FF,FF,D0,00,5E,3C,
71558417,00000110,false,Rx,0,8,4B,00,00,00,20,00,16,60,
71558417,00000130,false,Rx,0,8,18,00,00,00,10,00,0E,03,
71559417,00000100,false,Rx,0,8,71,00,00,00,10,00,07,3A,
71559417,00000120,false,Rx,0,8,E7,FF,FF,FF,E0,00,4A,3C,
71560450,00000110,false,Rx,0,8,62,00,00,00,30,00,1C,59,
71560451,00000130,false,Rx,0,8,F8,FF,FF,FF,20,00,18,53,
71561421,00000100,false,Rx,0,8,5A,00,00,00,20,00,15,21,
71561422,00000120,false,Rx,0,8,20,00,00,00,F0,00,43,7B,
71562449,00000110,false,Rx,0,8,62,00,00,00,40,00,39,99,
71562450,00000130,false,Rx,0,8,B9,FF,FF,FF,30,00,1A,82,
71563574,00000100,false,Rx,0,8,2C,00,00,00,30,00,13,B7,
71563576,00000140,false,Rx,0,8,01,00,FF,FF,A0,00,79,EE,
71563578,00000120,false,Rx,0,8,20,00,00,00,00,00,07,7B,
71564574,00000110,false,Rx,0,8,90,00,00,00,50,00,21,4B,
71564575,00000130,false,Rx,0,8,F8,FF,FF,FF,40,00,30,53,
71565573,00000100,false,Rx,0,8,5A,00,00,00,40,00,3D,21,
71565574,00000120,false,Rx,0,8,04,00,00,00,10,00,0C,5F,
71566575,00000110,false,Rx,0,8,90,00,00,00,60,00,35,4B,
71566577,00000130,false,Rx,0,8,18,00,00,00,50,00,3F,C3,
71567697,00000100,false,Rx,0,8,5A,00,00,00,50,00,30,E1,
71567698,00000120,false,Rx,0,8,04,00,00,00,20,00,18,5F,
71567699,00000110,false,Rx,0,8,90,00,00,00,70,00,38,8B,
71568823,00000050,false,Rx,0,6,41,5C,FF,FB,5F,FF,00,00,
71568825,00000130,false,Rx,0,8,99,34,03,00,63,80,85,02,
71568825,00000100,false,Rx,0,8,71,00,00,00,60,00,22,FA,
71570482,00000120,false,Rx,0,8,E7,FF,FF,FF,30,00,17,FC,
71570484,00000110,false,Rx,0,8,90,00,00,00,80,00,7C,8B,
71571572,00000130,false,Rx,0,8,F8,FF,FF,FF,70,00,24,53,
71571574,00000100,false,Rx,0,8,88,00,00,00,70,00,3B,53,
71572572,00000120,false,Rx,0,8,E7,FF,FF,FF,40,00,32,3C,
71572573,00000110,false,Rx,0,8,34,00,00,00,90,00,68,6F,
71573626,00000130,false,Rx,0,8,18,00,00,00,80,00,62,03,
71573626,00000100,false,Rx,0,8,B6,00,00,00,80,00,7B,8D,
71574579,00000120,false,Rx,0,8,CB,FF,FF,FF,50,00,38,50,
71574580,00000110,false,Rx,0,8,34,00,00,00,A0,00,7C,6F,
71575572,00000130,false,Rx,0,8,F8,FF,FF,FF,90,00,6D,93,
71575573,00000100,false,Rx,0,8,88,00,00,00,90,00,72,93,
71576703,00000120,false,Rx,0,8,CB,FF,FF,FF,60,00,2C,50,
71576704,00000110,false,Rx,0,8,4B,00,00,00,B0,00,7A,60,
71577689,00000130,false,Rx,0,8,F8,FF,FF,FF,A0,00,79,93,
71577691,00000100,false,Rx,0,8,71,00,00,00,A0,00,72,FA,
71578703,00000120,false,Rx,0,8,E7,FF,FF,FF,70,00,26,3C,
71578704,00000110,false,Rx,0,8,4B,00,00,00,C0,00,5F,A0,
71579848,00000130,false,Rx,0,8,18,00,00,00,B0,00,76,03,
71579849,00000100,false,Rx,0,8,5A,00,00,00,B0,00,79,21,
71580821,00000120,false,Rx,0,8,E7,FF,FF,FF,80,00,62,3C,
71580822,00000110,false,Rx,0,8,79,00,00,00,D0,00,56,72,
71581815,00000130,false,Rx,0,8,37,00,00,00,C0,00,54,5C,
71581816,00000100,false,Rx,0,8,71,00,00,00,C0,00,5A,FA,
71582828,00000120,false,Rx,0,8,3D,00,00,00,90,00,68,F6,
71582829,00000110,false,Rx,0,8,79,00,00,00,E0,00,42,72,
71583841,00000130,false,Rx,0,8,F8,FF,FF,FF,D0,00,5C,53,
71583843,00000100,false,Rx,0,8,2C,00,00,00,D0,00,5A,77,
71583843,00000140,false,Rx,0,8,01,00,FF,FF,B0,00,74,2E,
71584976,00000120,false,Rx,0,8,3D,00,00,00,A0,00,7C,F6,
71584977,00000110,false,Rx,0,8,A7,00,00,00,F0,00,5D,0C,
71585973,00000130,false,Rx,0,8,18,00,00,00,E0,00,4A,03,
71585975,00000100,false,Rx,0,8,5A,00,00,00,E0,00,45,21,
71586956,00000120,false,Rx,0,8,04,00,00,00,B0,00,74,5F,
71586957,00000110,false,Rx,0,8,A7,00,00,00,00,00,19,0C,
71587958,00000130,false,Rx,0,8,D9,FF,FF,FF,F0,00,43,22,
71587959,00000100,false,Rx,0,8,71,00,00,00,F0,00,4E,FA,
71587960,00000120,false,Rx,0,8,04,00,00,00,C0,00,51,9F,
71589204,00000110,false,Rx,0,8,62,00,00,00,10,00,05,99,
71589206,00000050,false,Rx,0,6,41,5C,FF,FB,5F,FF,00,00,
71589206,00000130,false,Rx,0,8,EB,95,FF,FF,03,80,1A,69,
71590193,00000100,false,Rx,0,8,71,00,00,00,00,00,0A,FA,
71590194,00000120,false,Rx,0,8,04,00,00,00,D0,00,5C,5F,
71591354,00000110,false,Rx,0,8,62,00,00,00,20,00,11,99,
71591355,00000130,false,Rx,0,8,95,00,00,00,10,00,10,DE,
71592330,00000100,false,Rx,0,8,9F,00,00,00,10,00,10,74,
71592332,00000120,false,Rx,0,8,04,00,00,00,E0,00,48,5F,
71593327,00000110,false,Rx,0,8,1D,00,00,00,30,00,17,96,
71593328,00000130,false,Rx,0,8,F8,FF,FF,FF,20,00,18,53,
71594325,00000100,false,Rx,0,8,9F,00,00,00,20,00,04,74,
71594326,00000120,false,Rx,0,8,E7,FF,FF,FF,F0,00,47,FC,
71595478,00000110,false,Rx,0,8,1D,00,00,00,40,00,32,56,
71595479,00000130,false,Rx,0,8,56,00,00,00,30,00,18,2D,
71596453,00000100,false,Rx,0,8,88,00,00,00,30,00,0A,93,
71596454,00000120,false,Rx,0,8,E7,FF,FF,FF,00,00,03,FC,
71597463,00000110,false,Rx,0,8,62,00,00,00,50,00,34,59,
71597464,00000130,false,Rx,0,8,F8,FF,FF,FF,40,00,30,53,
71598585,00000100,false,Rx,0,8,71,00,00,00,40,00,3B,3A,
71598586,00000120,false,Rx,0,8,E7,FF,FF,FF,10,00,0E,3C,
71599579,00000110,false,Rx,0,8,62,00,00,00,60,00,20,59,
71599580,00000130,false,Rx,0,8,18,00,00,00,50,00,3F,C3,
71600572,00000100,false,Rx,0,8,5A,00,00,00,50,00,30,E1,
71600574,00000120,false,Rx,0,8,E7,FF,FF,FF,20,00,1A,3C,
71601571,00000110,false,Rx,0,8,79,00,00,00,70,00,2E,72,
71601572,00000130,false,Rx,0,8,D9,FF,FF,FF,60,00,2F,22,
71602569,00000100,false,Rx,0,8,5A,00,00,00,60,00,24,E1,
71602570,00000120,false,Rx,0,8,3D,00,00,00,30,00,10,F6,
71603696,00000110,false,Rx,0,8,79,00,00,00,80,00,6A,72,
71603698,00000130,false,Rx,0,8,F8,FF,FF,FF,70,00,24,53,
71604713,00000100,false,Rx,0,8,43,00,00,00,70,00,2B,28,
71604714,00000140,false,Rx,0,8,01,00,FF,FF,C0,00,51,EE,
71604715,00000120,false,Rx,0,8,3D,00,00,00,40,00,35,36,
71605704,00000110,false,Rx,0,8,79,00,00,00,90,00,67,B2,
71605706,00000130,false,Rx,0,8,F8,FF,FF,FF,80,00,60,53,
71606703,00000100,false,Rx,0,8,5A,00,00,00,80,00,6D,21,
71606704,00000120,false,Rx,0,8,04,00,00,00,50,00,3D,9F,
71607851,00000110,false,Rx,0,8,79,00,00,00,A0,00,73,B2,
71607852,00000130,false,Rx,0,8,F8,FF,FF,FF,90,00,6D,93,
71608852,00000100,false,Rx,0,8,5A,00,00,00,90,00,60,E1,
71608853,00000120,false,Rx,0,8,04,00,00,00,60,00,29,9F,
71608854,00000110,false,Rx,0,8,62,00,00,00,B0,00,7D,99,
71609954,00000050,false,Rx,0,6,41,5C,FF,FB,5F,FF,00,00,
71609955,00000130,false,Rx,0,8,2C,BA,F5,FF,A3,80,A4,C0,
71609956,00000100,false,Rx,0,8,71,00,00,00,A0,00,72,FA,
71611577,00000120,false,Rx,0,8,E7,FF,FF,FF,70,00,26,3C,
71611579,00000110,false,Rx,0,8,62,00,00,00,C0,00,58,59,
71612703,00000130,false,Rx,0,8,B5,00,00,00,B0,00,6F,BE,
71612704,00000100,false,Rx,0,8,88,00,00,00,B0,00,6B,53,
71613691,00000120,false,Rx,0,8,E7,FF,FF,FF,80,00,62,3C,
71613693,00000110,false,Rx,0,8,34,00,00,00,D0,00,59,AF,
71614697,00000130,false,Rx,0,8,F8,FF,FF,FF,C0,00,51,93,
71614698,00000100,false,Rx,0,8,9F,00,00,00,C0,00,4D,B4,
71615694,00000120,false,Rx,0,8,E7,FF,FF,FF,90,00,6F,FC,
71615695,00000110,false,Rx,0,8,34,00,00,00,E0,00,4D,AF,
71616851,00000130,false,Rx,0,8,F8,FF,FF,FF,D0,00,5C,53,
71616852,00000100,false,Rx,0,8,71,00,00,00,D0,00,57,3A,
71617854,00000120,false,Rx,0,8,E7,FF,FF,FF,A0,00,7B,FC,
71617855,00000110,false,Rx,0,8,4B,00,00,00,F0,00,4B,A0,
71618831,00000130,false,Rx,0,8,F8,FF,FF,FF,E0,00,48,53,
71618832,00000100,false,Rx,0,8,71,00,00,00,E0,00,43,3A,
71619846,00000120,false,Rx,0,8,20,00,00,00,B0,00,72,BB,
71619847,00000110,false,Rx,0,8,4B,00,00,00,00,00,0F,A0,
71620824,00000130,false,Rx,0,8,F8,FF,FF,FF,F0,00,45,93,
71620825,00000100,false,Rx,0,8,5A,00,00,00,F0,00,48,E1,
71621978,00000120,false,Rx,0,8,20,00,00,00,C0,00,57,7B,
71621979,00000110,false,Rx,0,8,79,00,00,00,10,00,06,72,
71622953,00000130,false,Rx,0,8,18,00,00,00,00,00,03,C3,
71622955,00000100,false,Rx,0,8,5A,00,00,00,00,00,0C,E1,
71623955,00000120,false,Rx,0,8,3D,00,00,00,D0,00,59,36,
71623956,00000110,false,Rx,0,8,79,00,00,00,20,00,12,72,
71624944,00000130,false,Rx,0,8,18,00,00,00,10,00,0E,03,
71624945,00000100,false,Rx,0,8,5A,00,00,00,10,00,01,21,
71624945,00000140,false,Rx,0,8,01,00,FF,FF,D0,00,5C,2E,
71626102,00000120,false,Rx,0,8,3D,00,00,00,E0,00,4D,36,
71626103,00000110,false,Rx,0,8,79,00,00,00,30,00,1F,B2,
71627102,00000130,false,Rx,0,8,D9,FF,FF,FF,20,00,1E,E2,
71627103,00000100,false,Rx,0,8,5A,00,00,00,20,00,15,21,
71628078,00000120,false,Rx,0,8,04,00,00,00,F0,00,45,9F,
71628079,00000110,false,Rx,0,8,79,00,00,00,40,00,3A,72,
71629078,00000130,false,Rx,0,8,F8,FF,FF,FF,30,00,15,93,
71629079,00000100,false,Rx,0,8,5A,00,00,00,30,00,18,E1,
71629080,00000120,false,Rx,0,8,04,00,00,00,00,00,01,9F,
71630328,00000110,false,Rx,0,8,90,00,00,00,50,00,21,4B,
71630329,00000050,false,Rx,0,6,41,5C,FF,FB,5F,FF,00,00,
71630330,00000130,false,Rx,0,8,6C,21,00,00,43,80,85,E0,
71631345,00000100,false,Rx,0,8,71,00,00,00,40,00,3B,3A,
71631346,00000120,false,Rx,0,8,CB,FF,FF,FF,10,00,09,90,
71632475,00000110,false,Rx,0,8,90,00,00,00,60,00,35,4B,
71632476,00000130,false,Rx,0,8,D9,FF,FF,FF,50,00,3B,22,
71633452,00000100,false,Rx,0,8,9F,00,00,00,50,00,21,B4,
71633453,00000120,false,Rx,0,8,CB,FF,FF,FF,20,00,1D,90,
71634446,00000110,false,Rx,0,8,34,00,00,00,70,00,21,AF,
71634447,00000130,false,Rx,0,8,F8,FF,FF,FF,60,00,29,93,
71635569,00000100,false,Rx,0,8,88,00,00,00,60,00,36,93,
71635570,00000120,false,Rx,0,8,E7,FF,FF,FF,30,00,17,FC,
71636573,00000110,false,Rx,0,8,34,00,00,00,80,00,65,AF,
71636574,00000130,false,Rx,0,8,D9,FF,FF,FF,70,00,22,E2,
71637579,00000100,false,Rx,0,8,88,00,00,00,70,00,3B,53,
71637580,00000120,false,Rx,0,8,E7,FF,FF,FF,40,00,32,3C,
71638589,00000110,false,Rx,0,8,62,00,00,00,90,00,64,59,
71638599,00000130,false,Rx,0,8,18,00,00,00,80,00,62,03,
71639575,00000100,false,Rx,0,8,71,00,00,00,80,00,6B,3A,
71639576,00000120,false,Rx,0,8,20,00,00,00,50,00,3B,7B,
71640703,00000110,false,Rx,0,8,62,00,00,00,A0,00,70,59,
71640705,00000130,false,Rx,0,8,F8,FF,FF,FF,90,00,6D,93,
71641695,00000100,false,Rx,0,8,5A,00,00,00,90,00,60,E1,
71641696,00000120,false,Rx,0,8,20,00,00,00,60,00,2F,7B,
71642711,00000110,false,Rx,0,8,90,00,00,00,B0,00,68,8B,
71642712,00000130,false,Rx,0,8,18,00,00,00,A0,00,7B,C3,
71643700,00000100,false,Rx,0,8,43,00,00,00,A0,00,76,E8,
71643701,00000120,false,Rx,0,8,20,00,00,00,70,00,22,BB,
71644820,00000110,false,Rx,0,8,90,00,00,00,C0,00,4D,4B,
71644821,00000130,false,Rx,0,8,F8,FF,FF,FF,B0,00,74,53,
71645854,00000100,false,Rx,0,8,5A,00,00,00,B0,00,79,21,
71645856,00000140,false,Rx,0,8,01,00,FF,FF,E0,00,48,2E,
71645856,00000120,false,Rx,0,8,20,00,00,00,80,00,66,BB,
71646826,00000110,false,Rx,0,8,79,00,00,00,D0,00,56,72,
71646827,00000130,false,Rx,0,8,F8,FF,FF,FF,C0,00,51,93,
71647843,00000100,false,Rx,0,8,5A,00,00,00,C0,00,5C,E1,
71647844,00000120,false,Rx,0,8,04,00,00,00,90,00,6D,9F,
71648978,00000110,false,Rx,0,8,79,00,00,00,E0,00,42,72,
71648979,00000130,false,Rx,0,8,37,00,00,00,D0,00,59,9C,
71649977,00000100,false,Rx,0,8,5A,00,00,00,D0,00,51,21,
71649978,00000120,false,Rx,0,8,04,00,00,00,A0,00,79,9F,
71649979,00000110,false,Rx,0,8,79,00,00,00,F0,00,4F,B2,
71651085,00000050,false,Rx,0,6,41,5C,FF,FB,5F,FF,00,00,
71651087,00000130,false,Rx,0,8,99,34,03,00,E3,80,E4,C2,
71651087,00000100,false,Rx,0,8,71,00,00,00,E0,00,43,3A,
71652703,00000120,false,Rx,0,8,CB,FF,FF,FF,B0,00,71,90,
71652704,00000110,false,Rx,0,8,79,00,00,00,00,00,0B,B2,
71653849,00000130,false,Rx,0,8,B9,FF,FF,FF,F0,00,4A,82,
71653850,00000100,false,Rx,0,8,B6,00,00,00,F0,00,5E,4D,
71654853,00000120,false,Rx,0,8,CB,FF,FF,FF,C0,00,54,50,
71654854,00000110,false,Rx,0,8,34,00,00,00,10,00,09,AF,
71654854,00000170,false,Rx,0,8,00,00,00,55,50,81,05,03,
71655825,00000130,false,Rx,0,8,18,00,00,00,00,00,03,C3,
71655827,00000100,false,Rx,0,8,71,00,00,00,00,00,0A,FA,
71656827,00000120,false,Rx,0,8,04,00,00,00,D0,00,5C,5F,
71656829,00000110,false,Rx,0,8,34,00,00,00,20,00,1D,AF,
71657979,00000130,false,Rx,0,8,37,00,00,00,10,00,09,9C,
71657980,00000100,false,Rx,0,8,71,00,00,00,10,00,07,3A,
71658953,00000120,false,Rx,0,8,04,00,00,00,E0,00,48,5F,
71658955,00000110,false,Rx,0,8,62,00,00,00,30,00,1C,59,
71659953,00000130,false,Rx,0,8,18,00,00,00,20,00,1A,03,
71659955,00000100,false,Rx,0,8,71,00,00,00,20,00,13,3A,
71660967,00000120,false,Rx,0,8,04,00,00,00,F0,00,45,9F,
71660968,00000110,false,Rx,0,8,62,00,00,00,40,00,39,99,
71662103,00000130,false,Rx,0,8,F8,FF,FF,FF,30,00,15,93,
71662104,00000100,false,Rx,0,8,43,00,00,00,30,00,1A,E8,
71663098,00000120,false,Rx,0,8,04,00,00,00,00,00,01,9F,
71663099,00000110,false,Rx,0,8,90,00,00,00,50,00,21,4B,
71664102,00000130,false,Rx,0,8,F8,FF,FF,FF,40,00,30,53,
71664103,00000100,false,Rx,0,8,43,00,00,00,40,00,3F,28,
71665072,00000120,false,Rx,0,8,20,00,00,00,10,00,0A,BB,
71665073,00000110,false,Rx,0,8,90,00,00,00,60,00,35,4B,
71666095,00000130,false,Rx,0,8,F8,FF,FF,FF,50,00,3D,93,
71666097,00000100,false,Rx,0,8,71,00,00,00,50,00,36,FA,
71666097,00000140,false,Rx,0,8,01,00,FF,FF,F0,00,45,EE,
71667200,00000120,false,Rx,0,8,20,00,00,00,20,00,1E,BB,
71667202,00000110,false,Rx,0,8,62,00,00,00,70,00,2D,99,
71668204,00000130,false,Rx,0,8,D9,FF,FF,FF,60,00,2F,22,
71668205,00000100,false,Rx,0,8,71,00,00,00,60,00,22,FA,
71669216,00000120,false,Rx,0,8,04,00,00,00,30,00,15,9F,
71669217,00000110,false,Rx,0,8,62,00,00,00,80,00,69,99,
71670224,00000130,false,Rx,0,8,F8,FF,FF,FF,70,00,24,53,
71670226,00000100,false,Rx,0,8,71,00,00,00,70,00,2F,3A,
71670227,00000120,false,Rx,0,8,04,00,00,00,40,00,30,5F,
71671466,00000110,false,Rx,0,8,4B,00,00,00,90,00,63,A0,
71671467,00000050,false,Rx,0,6,41,5C,FF,FB,5F,FF,00,00,
71671468,00000130,false,Rx,0,8,EB,95,FF,FF,83,80,7B,A9,
71672445,00000100,false,Rx,0,8,88,00,00,00,80,00,7F,53,
71672446,00000120,false,Rx,0,8,CB,FF,FF,FF,50,00,38,50,
71673572,00000110,false,Rx,0,8,4B,00,00,00,A0,00,77,A0,
71673574,00000130,false,Rx,0,8,95,00,00,00,90,00,71,1E,
71674578,00000100,false,Rx,0,8,9F,00,00,00,90,00,71,B4,
71674580,00000120,false,Rx,0,8,CB,FF,FF,FF,60,00,2C,50,
71675573,00000110,false,Rx,0,8,4B,00,00,00,B0,00,7A,60,
71675574,00000130,false,Rx,0,8,F8,FF,FF,FF,A0,00,79,93,
71676728,00000100,false,Rx,0,8,88,00,00,00,A0,00,66,93,
71676729,00000120,false,Rx,0,8,20,00,00,00,70,00,22,BB,
71677728,00000110,false,Rx,0,8,4B,00,00,00,C0,00,5F,A0,
71677729,00000130,false,Rx,0,8,D9,FF,FF,FF,B0,00,72,E2,
71678703,00000100,false,Rx,0,8,71,00,00,00,B0,00,7F,3A,
71678704,00000120,false,Rx,0,8,20,00,00,00,80,00,66,BB,
71679711,00000110,false,Rx,0,8,62,00,00,00,D0,00,55,99,
71679713,00000130,false,Rx,0,8,18,00,00,00,C0,00,53,C3,
71680852,00000100,false,Rx,0,8,5A,00,00,00,C0,00,5C,E1,
71680853,00000120,false,Rx,0,8,3D,00,00,00,90,00,68,F6,
71681849,00000110,false,Rx,0,8,62,00,00,00,E0,00,41,99,
71681850,00000130,false,Rx,0,8,F8,FF,FF,FF,D0,00,5C,53,
71682829,00000100,false,Rx,0,8,5A,00,00,00,D0,00,51,21,
71682830,00000120,false,Rx,0,8,3D,00,00,00,A0,00,7C,F6,
71683827,00000110,false,Rx,0,8,A7,00,00,00,F0,00,5D,0C,
71683829,00000130,false,Rx,0,8,F8,FF,FF,FF,E0,00,48,53,
71684975,00000100,false,Rx,0,8,43,00,00,00,E0,00,47,28,
71684976,00000120,false,Rx,0,8,20,00,00,00,B0,00,72,BB,
71685970,00000110,false,Rx,0,8,A7,00,00,00,00,00,19,0C,
71685971,00000130,false,Rx,0,8,F8,FF,FF,FF,F0,00,45,93,
71686942,00000100,false,Rx,0,8,5A,00,00,00,F0,00,48,E1,
71686944,00000140,false,Rx,0,8,01,00,FF,FF,00,00,01,EE,
71686944,00000120,false,Rx,0,8,20,00,00,00,C0,00,57,7B,
71687928,00000110,false,Rx,0,8,79,00,00,00,10,00,06,72,
71687930,00000130,false,Rx,0,8,F8,FF,FF,FF,00,00,01,93,
71688945,00000100,false,Rx,0,8,71,00,00,00,00,00,0A,FA,
71688947,00000120,false,Rx,0,8,04,00,00,00,D0,00,5C,5F,
71690098,00000110,false,Rx,0,8,79,00,00,00,20,00,12,72,
71690100,00000130,false,Rx,0,8,18,00,00,00,10,00,0E,03,
71691078,00000100,false,Rx,0,8,88,00,00,00,10,00,13,53,
71691079,00000120,false,Rx,0,8,04,00,00,00,E0,00,48,5F,
71691080,00000110,false,Rx,0,8,4B,00,00,00,30,00,1B,A0,
71692195,00000050,false,Rx,0,6,41,5C,FF,FB,5F,FF,00,00,
71692196,00000130,false,Rx,0,8,8B,BA,F5,FF,23,80,DC,17,
71692197,00000100,false,Rx,0,8,9F,00,00,00,20,00,04,74,
71693831,00000120,false,Rx,0,8,AE,FF,FF,FF,F0,00,49,A5,
71693833,00000110,false,Rx,0,8,4B,00,00,00,40,00,3E,60,
71694974,00000130,false,Rx,0,8,76,00,00,00,30,00,1F,4D,
71694976,00000100,false,Rx,0,8,9F,00,00,00,30,00,09,B4,
71695978,00000120,false,Rx,0,8,AE,FF,FF,FF,00,00,0D,A5,
71695979,00000110,false,Rx,0,8,4B,00,00,00,50,00,33,A0,
71696952,00000130,false,Rx,0,8,F8,FF,FF,FF,40,00,30,53,
71696954,00000100,false,Rx,0,8,88,00,00,00,40,00,2F,53,
71698100,00000120,false,Rx,0,8,04,00,00,00,10,00,0C,5F,
71698101,00000110,false,Rx,0,8,4B,00,00,00,60,00,27,A0,
71699103,00000130,false,Rx,0,8,F8,FF,FF,FF,50,00,3D,93,
71699104,00000100,false,Rx,0,8,71,00,00,00,50,00,36,FA,
71700072,00000120,false,Rx,0,8,04,00,00,00,20,00,18,5F,
71700074,00000110,false,Rx,0,8,62,00,00,00,70,00,2D,99,
71701079,00000130,false,Rx,0,8,18,00,00,00,60,00,2B,C3,
71701080,00000100,false,Rx,0,8,5A,00,00,00,60,00,24,E1,
71702064,00000120,false,Rx,0,8,20,00,00,00,30,00,13,7B,
71702066,00000110,false,Rx,0,8,62,00,00,00,80,00,69,99,
71703225,00000130,false,Rx,0,8,B9,FF,FF,FF,70,00,2B,42,
71703226,00000100,false,Rx,0,8,43,00,00,00,70,00,2B,28,
71704204,00000120,false,Rx,0,8,20,00,00,00,40,00,36,BB,
71704205,00000110,false,Rx,0,8,90,00,00,00,90,00,71,4B,
71705201,00000130,false,Rx,0,8,F8,FF,FF,FF,80,00,60,53,
71705203,00000100,false,Rx,0,8,5A,00,00,00,80,00,6D,21,
71706194,00000120,false,Rx,0,8,20,00,00,00,50,00,3B,7B,
71706195,00000110,false,Rx,0,8,90,00,00,00,A0,00,65,4B,
71707350,00000130,false,Rx,0,8,37,00,00,00,90,00,68,5C,
71707352,00000100,false,Rx,0,8,5A,00,00,00,90,00,60,E1,
71707352,00000140,false,Rx,0,8,01,00,FF,FF,10,00,0C,2E,
71708326,00000120,false,Rx,0,8,20,00,00,00,60,00,2F,7B,
71708327,00000110,false,Rx,0,8,62,00,00,00,B0,00,7D,99,
71709327,00000130,false,Rx,0,8,18,00,00,00,A0,00,7B,C3,
71709329,00000100,false,Rx,0,8,71,00,00,00,A0,00,72,FA,
71710328,00000120,false,Rx,0,8,E7,FF,FF,FF,70,00,26,3C,
71710329,00000110,false,Rx,0,8,62,00,00,00,C0,00,58,59,
71711317,00000130,false,Rx,0,8,18,00,00,00,B0,00,76,03,
71711318,00000100,false,Rx,0,8,71,00,00,00,B0,00,7F,3A,
71711319,00000120,false,Rx,0,8,E7,FF,FF,FF,80,00,62,3C,
71712576,00000110,false,Rx,0,8,62,00,00,00,D0,00,55,99,
71712577,00000050,false,Rx,0,6,41,5C,FF,FB,5F,FF,00,00,
71712578,00000130,false,Rx,0,8,6C,21,00,00,C3,80,E4,20,
71713573,00000100,false,Rx,0,8,9F,00,00,00,C0,00,4D,B4,
71713575,00000120,false,Rx,0,8,CB,FF,FF,FF,90,00,68,50,
71714696,00000110,false,Rx,0,8,62,00,00,00,E0,00,41,99,
71714698,00000130,false,Rx,0,8,D9,FF,FF,FF,D0,00,5A,E2,
71715702,00000100,false,Rx,0,8,88,00,00,00,D0,00,43,53,
71715704,00000120,false,Rx,0,8,CB,FF,FF,FF,A0,00,7C,50,
71716851,00000110,false,Rx,0,8,62,00,00,00,F0,00,4C,59,
71716852,00000130,false,Rx,0,8,F8,FF,FF,FF,E0,00,48,53,
71717851,00000100,false,Rx,0,8,5A,00,00,00,E0,00,45,21,
71717853,00000120,false,Rx,0,8,04,00,00,00,B0,00,74,5F,
71718827,00000110,false,Rx,0,8,62,00,00,00,00,00,08,59,
71718828,00000130,false,Rx,0,8,F8,FF,FF,FF,F0,00,45,93,
71719829,00000100,false,Rx,0,8,71,00,00,00,F0,00,4E,FA,
71719830,00000120,false,Rx,0,8,04,00,00,00,C0,00,51,9F,
71720835,00000110,false,Rx,0,8,62,00,00,00,10,00,05,99,
71720836,00000130,false,Rx,0,8,F8,FF,FF,FF,00,00,01,93,
71721942,00000100,false,Rx,0,8,5A,00,00,00,00,00,0C,E1,
71721943,00000120,false,Rx,0,8,20,00,00,00,D0,00,5A,BB,
71722916,00000110,false,Rx,0,8,62,00,00,00,20,00,11,99,
71722916,00000130,false,Rx,0,8,F8,FF,FF,FF,10,00,0C,53,
71723921,00000100,false,Rx,0,8,43,00,00,00,10,00,03,28,
71723923,00000120,false,Rx,0,8,20,00,00,00,E0,00,4E,BB,
71724917,00000110,false,Rx,0,8,90,00,00,00,30,00,09,4B,
71724917,00000130,false,Rx,0,8,F8,FF,FF,FF,20,00,18,53,
71726042,00000100,false,Rx,0,8,71,00,00,00,20,00,13,3A,
71726043,00000120,false,Rx,0,8,04,00,00,00,F0,00,45,9F,
71727040,00000110,false,Rx,0,8,90,00,00,00,40,00,2C,8B,
71727041,00000130,false,Rx,0,8,F8,FF,FF,FF,30,00,15,93,
71728039,00000100,false,Rx,0,8,5A,00,00,00,30,00,18,E1,
71728039,00000140,false,Rx,0,8,01,00,FF,FF,20,00,18,2E,
71728040,00000120,false,Rx,0,8,04,00,00,00,00,00,01,9F,
71729039,00000110,false,Rx,0,8,62,00,00,00,50,00,34,59,
71729040,00000130,false,Rx,0,8,18,00,00,00,40,00,32,03,
71730164,00000100,false,Rx,0,8,71,00,00,00,40,00,3B,3A,
71730165,00000120,false,Rx,0,8,E7,FF,FF,FF,10,00,0E,3C,
71731166,00000110,false,Rx,0,8,62,00,00,00,60,00,20,59,
71731167,00000130,false,Rx,0,8,F8,FF,FF,FF,50,00,3D,93,
71732166,00000100,false,Rx,0,8,71,00,00,00,50,00,36,FA,
71732167,00000120,false,Rx,0,8,E7,FF,FF,FF,20,00,1A,3C,
71732168,00000110,false,Rx,0,8,4B,00,00,00,70,00,2A,60,
71733292,00000050,false,Rx,0,6,41,5C,FF,FB,5F,FF,00,00,
71733293,00000130,false,Rx,0,8,D8,34,03,00,63,80,8A,13,
71733293,00000100,false,Rx,0,8,9F,00,00,00,60,00,35,B4,
71734916,00000120,false,Rx,0,8,E7,FF,FF,FF,30,00,17,FC,
71734917,00000110,false,Rx,0,8,4B,00,00,00,80,00,6E,60,
71736041,00000130,false,Rx,0,8,D9,FF,FF,FF,70,00,22,E2,
71736042,00000100,false,Rx,0,8,88,00,00,00,70,00,3B,53,
71737041,00000120,false,Rx,0,8,E7,FF,FF,FF,40,00,32,3C,
71737042,00000110,false,Rx,0,8,4B,00,00,00,90,00,63,A0,
71738041,00000130,false,Rx,0,8,D9,FF,FF,FF,80,00,66,E2,
71738042,00000100,false,Rx,0,8,71,00,00,00,80,00,6B,3A,
71739166,00000120,false,Rx,0,8,04,00,00,00,50,00,3D,9F,
71739167,00000110,false,Rx,0,8,4B,00,00,00,A0,00,77,A0,
71740165,00000130,false,Rx,0,8,18,00,00,00,90,00,6F,C3,
71740166,00000100,false,Rx,0,8,71,00,00,00,90,00,66,FA,
71741165,00000120,false,Rx,0,8,04,00,00,00,60,00,29,9F,
71741166,00000110,false,Rx,0,8,79,00,00,00,B0,00,7E,72,
71742166,00000130,false,Rx,0,8,D9,FF,FF,FF,A0,00,7F,22,
71742166,00000100,false,Rx,0,8,5A,00,00,00,A0,00,74,E1,
71743166,00000120,false,Rx,0,8,3D,00,00,00,70,00,21,36,
71743167,00000110,false,Rx,0,8,79,00,00,00,C0,00,5B,B2,
71744291,00000130,false,Rx,0,8,18,00,00,00,B0,00,76,03,
71744292,00000100,false,Rx,0,8,2C,00,00,00,B0,00,72,77,
71745292,00000120,false,Rx,0,8,3D,00,00,00,80,00,65,36,
71745292,00000110,false,Rx,0,8,79,00,00,00,D0,00,56,72,
71746291,00000130,false,Rx,0,8,37,00,00,00,C0,00,54,5C,
71746292,00000100,false,Rx,0,8,5A,00,00,00,C0,00,5C,E1,
71747291,00000120,false,Rx,0,8,20,00,00,00,90,00,6B,7B,
71747291,00000110,false,Rx,0,8,79,00,00,00,E0,00,42,72,
71748291,00000130,false,Rx,0,8,D9,FF,FF,FF,D0,00,5A,E2,
71748292,00000100,false,Rx,0,8,71,00,00,00,D0,00,57,3A,
71748293,00000140,false,Rx,0,8,01,00,FF,FF,30,00,15,EE,
71749415,00000120,false,Rx,0,8,20,00,00,00,A0,00,7F,7B,
71749416,00000110,false,Rx,0,8,79,00,00,00,F0,00,4F,B2,
71750415,00000130,false,Rx,0,8,18,00,00,00,E0,00,4A,03,
71750416,00000100,false,Rx,0,8,5A,00,00,00,E0,00,45,21,
71751415,00000120,false,Rx,0,8,E7,FF,FF,FF,B0,00,76,3C,
71751416,00000110,false,Rx,0,8,79,00,00,00,00,00,0B,B2,
71752416,00000130,false,Rx,0,8,F8,FF,FF,FF,F0,00,45,93,
71752416,00000100,false,Rx,0,8,88,00,00,00,F0,00,5A,93,
71752417,00000120,false,Rx,0,8,E7,FF,FF,FF,C0,00,53,FC,
71753665,00000110,false,Rx,0,8,1D,00,00,00,10,00,0E,56,
71753666,00000050,false,Rx,0,6,41,5C,FF,FB,5F,FF,00,00,
71753667,00000130,false,Rx,0,8,EB,95,FF,FF,03,80,1A,69,
71754790,00000100,false,Rx,0,8,88,00,00,00,00,00,1E,93,
71754791,00000120,false,Rx,0,8,E7,FF,FF,FF,D0,00,5E,3C,
71755791,00000110,false,Rx,0,8,1D,00,00,00,20,00,1A,56,
71755793,00000130,false,Rx,0,8,76,00,00,00,10,00,06,8D,
71756790,00000100,false,Rx,0,8,71,00,00,00,10,00,07,3A,
71756791,00000120,false,Rx,0,8,E7,FF,FF,FF,E0,00,4A,3C,
71757790,00000110,false,Rx,0,8,62,00,00,00,30,00,1C,59,
71757791,00000170,false,Rx,0,8,00,00,00,56,50,81,05,B9,
71757792,00000130,false,Rx,0,8,18,00,00,00,20,00,1A,03,
71758915,00000100,false,Rx,0,8,71,00,00,00,20,00,13,3A,
71758916,00000120,false,Rx,0,8,04,00,00,00,F0,00,45,9F,
71759916,00000110,false,Rx,0,8,62,00,00,00,40,00,39,99,
71759917,00000130,false,Rx,0,8,F8,FF,FF,FF,30,00,15,93,
71760915,00000100,false,Rx,0,8,5A,00,00,00,30,00,18,E1,
71760916,00000120,false,Rx,0,8,04,00,00,00,00,00,01,9F,
71761915,00000110,false,Rx,0,8,90,00,00,00,50,00,21,4B,
71761916,00000130,false,Rx,0,8,F8,FF,FF,FF,40,00,30,53,
71763040,00000100,false,Rx,0,8,43,00,00,00,40,00,3F,28,
71763041,00000120,false,Rx,0,8,3D,00,00,00,10,00,09,36,
71764040,00000110,false,Rx,0,8,90,00,00,00,60,00,35,4B,
71764041,00000130,false,Rx,0,8,F8,FF,FF,FF,50,00,3D,93,
71764042,00000100,false,Rx,0,8,43,00,00,00,50,00,32,E8,
71765790,00000120,false,Rx,0,8,3D,00,00,00,20,00,1D,36,
71765791,00000110,false,Rx,0,8,62,00,00,00,70,00,2D,99,
71766915,00000130,false,Rx,0,8,F8,FF,FF,FF,60,00,29,93,
71766916,00000100,false,Rx,0,8,5A,00,00,00,60,00,24,E1,
71767914,00000120,false,Rx,0,8,04,00,00,00,30,00,15,9F,
71767915,00000110,false,Rx,0,8,62,00,00,00,80,00,69,99,
71768954,00000130,false,Rx,0,8,18,00,00,00,70,00,26,03,
71768955,00000100,false,Rx,0,8,71,00,00,00,70,00,2F,3A,
71768956,00000140,false,Rx,0,8,01,00,FF,FF,40,00,30,2E,
71769945,00000120,false,Rx,0,8,04,00,00,00,40,00,30,5F,
71769947,00000110,false,Rx,0,8,62,00,00,00,90,00,64,59,
71771073,00000130,false,Rx,0,8,F8,FF,FF,FF,80,00,60,53,
71771075,00000100,false,Rx,0,8,88,00,00,00,80,00,7F,53,
71772076,00000120,false,Rx,0,8,E7,FF,FF,FF,50,00,3F,FC,
71772078,00000110,false,Rx,0,8,62,00,00,00,A0,00,70,59,
71773069,00000130,false,Rx,0,8,D9,FF,FF,FF,90,00,6B,22,
71773080,00000100,false,Rx,0,8,9F,00,00,00,90,00,71,B4,
71773081,00000120,false,Rx,0,8,E7,FF,FF,FF,60,00,2B,FC,
71774319,00000110,false,Rx,0,8,1D,00,00,00,B0,00,76,56,
71774331,00000050,false,Rx,0,6,41,5C,FF,FB,5F,FF,00,00,
71774331,00000130,false,Rx,0,8,6B,BA,F5,FF,A3,80,AB,B7,
71775318,00000100,false,Rx,0,8,88,00,00,00,A0,00,66,93,
71775319,00000120,false,Rx,0,8,CB,FF,FF,FF,70,00,21,90,
71776318,00000110,false,Rx,0,8,1D,00,00,00,C0,00,53,96,
71776319,00000130,false,Rx,0,8,95,00,00,00,B0,00,68,DE,
71777417,00000100,false,Rx,0,8,88,00,00,00,B0,00,6B,53,
71777419,00000120,false,Rx,0,8,CB,FF,FF,FF,80,00,65,90,
71778428,00000110,false,Rx,0,8,62,00,00,00,D0,00,55,99,
71778429,00000130,false,Rx,0,8,D9,FF,FF,FF,C0,00,57,22,
71779441,00000100,false,Rx,0,8,71,00,00,00,C0,00,5A,FA,
71779443,00000120,false,Rx,0,8,04,00,00,00,90,00,6D,9F,
71780567,00000110,false,Rx,0,8,62,00,00,00,E0,00,41,99,
71780568,00000130,false,Rx,0,8,F8,FF,FF,FF,D0,00,5C,53,
71781567,00000100,false,Rx,0,8,71,00,00,00,D0,00,57,3A,
71781568,00000120,false,Rx,0,8,04,00,00,00,A0,00,79,9F,
71782567,00000110,false,Rx,0,8,79,00,00,00,F0,00,4F,B2,
71782568,00000130,false,Rx,0,8,F8,FF,FF,FF,E0,00,48,53,
71783568,00000100,false,Rx,0,8,43,00,00,00,E0,00,47,28,
71783570,00000120,false,Rx,0,8,3D,00,00,00,B0,00,71,36,
71784567,00000110,false,Rx,0,8,79,00,00,00,00,00,0B,B2,
71784568,00000130,false,Rx,0,8,37,00,00,00,F0,00,40,5C,
71785691,00000100,false,Rx,0,8,5A,00,00,00,F0,00,48,E1,
71785693,00000120,false,Rx,0,8,3D,00,00,00,C0,00,54,F6,
71786689,00000110,false,Rx,0,8,79,00,00,00,10,00,06,72,
71786690,00000130,false,Rx,0,8,18,00,00,00,00,00,03,C3,
71787694,00000100,false,Rx,0,8,5A,00,00,00,00,00,0C,E1,
71787695,00000120,false,Rx,0,8,04,00,00,00,D0,00,5C,5F,
71788691,00000110,false,Rx,0,8,79,00,00,00,20,00,12,72,
71788692,00000130,false,Rx,0,8,18,00,00,00,10,00,0E,03,
71789816,00000100,false,Rx,0,8,71,00,00,00,10,00,07,3A,
71789818,00000140,false,Rx,0,8,01,00,FF,FF,50,00,3D,EE,
71789818,00000120,false,Rx,0,8,04,00,00,00,E0,00,48,5F,
71790818,00000110,false,Rx,0,8,4B,00,00,00,30,00,1B,A0,
71790819,00000130,false,Rx,0,8,D9,FF,FF,FF,20,00,1E,E2,
71791791,00000100,false,Rx,0,8,71,00,00,00,20,00,13,3A,
71791791,00000120,false,Rx,0,8,CB,FF,FF,FF,F0,00,40,50,
71792802,00000110,false,Rx,0,8,4B,00,00,00,40,00,3E,60,
71792802,00000130,false,Rx,0,8,18,00,00,00,30,00,17,C3,
71793801,00000100,false,Rx,0,8,9F,00,00,00,30,00,09,B4,
71793802,00000120,false,Rx,0,8,CB,FF,FF,FF,00,00,04,50,
71793803,00000110,false,Rx,0,8,62,00,00,00,50,00,34,59,
71795037,00000050,false,Rx,0,6,41,5C,FF,FB,5F,FF,00,00,
71795039,00000130,false,Rx,0,8,4D,21,00,00,43,80,83,51,
71795040,00000100,false,Rx,0,8,9F,00,00,00,40,00,2C,74,
71796674,00000120,false,Rx,0,8,04,00,00,00,10,00,0C,5F,
71796675,00000110,false,Rx,0,8,62,00,00,00,60,00,20,59,
71797676,00000130,false,Rx,0,8,18,00,00,00,50,00,3F,C3,
71797676,00000100,false,Rx,0,8,71,00,00,00,50,00,36,FA,
71798801,00000120,false,Rx,0,8,04,00,00,00,20,00,18,5F,
71798802,00000110,false,Rx,0,8,62,00,00,00,70,00,2D,99,
71799802,00000130,false,Rx,0,8,18,00,00,00,60,00,2B,C3,
71799802,00000100,false,Rx,0,8,71,00,00,00,60,00,22,FA,
71800802,00000120,false,Rx,0,8,04,00,00,00,30,00,15,9F,
71800803,00000110,false,Rx,0,8,62,00,00,00,80,00,69,99,
71801800,00000130,false,Rx,0,8,F8,FF,FF,FF,70,00,24,53,
71801801,00000100,false,Rx,0,8,71,00,00,00,70,00,2F,3A,
71802924,00000120,false,Rx,0,8,04,00,00,00,40,00,30,5F,
71802925,00000110,false,Rx,0,8,90,00,00,00,90,00,71,4B,
71803926,00000130,false,Rx,0,8,F8,FF,FF,FF,80,00,60,53,
71803927,00000100,false,Rx,0,8,43,00,00,00,80,00,6F,28,
71804926,00000120,false,Rx,0,8,20,00,00,00,50,00,3B,7B,
71804926,00000110,false,Rx,0,8,90,00,00,00,A0,00,65,4B,
71805924,00000130,false,Rx,0,8,F8,FF,FF,FF,90,00,6D,93,
71805925,00000100,false,Rx,0,8,5A,00,00,00,90,00,60,E1,
71807050,00000120,false,Rx,0,8,20,00,00,00,60,00,2F,7B,
71807051,00000110,false,Rx,0,8,62,00,00,00,B0,00,7D,99,
71808048,00000130,false,Rx,0,8,F8,FF,FF,FF,A0,00,79,93,
71808049,00000100,false,Rx,0,8,5A,00,00,00,A0,00,74,E1,
71809050,00000120,false,Rx,0,8,04,00,00,00,70,00,24,5F,
71809051,00000110,false,Rx,0,8,62,00,00,00,C0,00,58,59,
71810038,00000130,false,Rx,0,8,F8,FF,FF,FF,B0,00,74,53,
71810039,00000100,false,Rx,0,8,71,00,00,00,B0,00,7F,3A,
71810039,00000140,false,Rx,0,8,01,00,FF,FF,60,00,29,EE,
71811042,00000120,false,Rx,0,8,04,00,00,00,80,00,60,5F,
71811043,00000110,false,Rx,0,8,62,00,00,00,D0,00,55,99,
71812165,00000130,false,Rx,0,8,18,00,00,00,C0,00,53,C3,
71812166,00000100,false,Rx,0,8,88,00,00,00,C0,00,4E,93,
71813176,00000120,false,Rx,0,8,CB,FF,FF,FF,90,00,68,50,
71813177,00000110,false,Rx,0,8,62,00,00,00,E0,00,41,99,
71813178,00000130,false,Rx,0,8,18,00,00,00,D0,00,5E,03,
71814426,00000100,false,Rx,0,8,9F,00,00,00,D0,00,40,74,
71814427,00000120,false,Rx,0,8,CB,FF,FF,FF,A0,00,7C,50,
71814427,00000110,false,Rx,0,8,62,00,00,00,F0,00,4C,59,
71815669,00000050,false,Rx,0,6,41,5C,FF,FB,5F,FF,00,00,
71815670,00000130,false,Rx,0,8,B8,34,03,00,E3,80,E2,73,
71815671,00000100,false,Rx,0,8,71,00,00,00,E0,00,43,3A,
71817175,00000120,false,Rx,0,8,04,00,00,00,B0,00,74,5F,
71817176,00000110,false,Rx,0,8,62,00,00,00,00,00,08,59,
71818292,00000130,false,Rx,0,8,D9,FF,FF,FF,F0,00,43,22,
71818293,00000100,false,Rx,0,8,71,00,00,00,F0,00,4E,FA,
71819296,00000120,false,Rx,0,8,04,00,00,00,C0,00,51,9F,
71819297,00000110,false,Rx,0,8,62,00,00,00,10,00,05,99,
71820348,00000130,false,Rx,0,8,F8,FF,FF,FF,00,00,01,93,
71820348,00000100,false,Rx,0,8,5A,00,00,00,00,00,0C,E1,
71821425,00000120,false,Rx,0,8,04,00,00,00,D0,00,5C,5F,
71821426,00000110,false,Rx,0,8,62,00,00,00,20,00,11,99,
71822427,00000130,false,Rx,0,8,D9,FF,FF,FF,10,00,0A,E2,
71822427,00000100,false,Rx,0,8,5A,00,00,00,10,00,01,21,
71823427,00000120,false,Rx,0,8,04,00,00,00,E0,00,48,5F,
71823427,00000110,false,Rx,0,8,90,00,00,00,30,00,09,4B,
71824431,00000130,false,Rx,0,8,18,00,00,00,20,00,1A,03,
71824432,00000100,false,Rx,0,8,43,00,00,00,20,00,17,28,
71825446,00000120,false,Rx,0,8,20,00,00,00,F0,00,43,7B,
71825446,00000110,false,Rx,0,8,90,00,00,00,40,00,2C,8B,
71826548,00000130,false,Rx,0,8,F8,FF,FF,FF,30,00,15,93,
71826549,00000100,false,Rx,0,8,5A,00,00,00,30,00,18,E1,
71827551,00000120,false,Rx,0,8,20,00,00,00,00,00,07,7B,
71827552,00000110,false,Rx,0,8,79,00,00,00,50,00,37,B2,
71828553,00000130,false,Rx,0,8,F8,FF,FF,FF,40,00,30,53,
71828554,00000100,false,Rx,0,8,5A,00,00,00,40,00,3D,21,
71829567,00000120,false,Rx,0,8,E7,FF,FF,FF,10,00,0E,3C,
71829568,00000110,false,Rx,0,8,79,00,00,00,60,00,23,B2,
71830794,00000130,false,Rx,0,8,F8,FF,FF,FF,50,00,3D,93,
71830795,00000100,false,Rx,0,8,88,00,00,00,50,00,22,93,
71830796,00000140,false,Rx,0,8,01,00,FF,FF,70,00,24,2E,
71831705,00000120,false,Rx,0,8,E7,FF,FF,FF,20,00,1A,3C,
71831706,00000110,false,Rx,0,8,4B,00,00,00,70,00,2A,60,
71832669,00000130,false,Rx,0,8,F8,FF,FF,FF,60,00,29,93,
71832670,00000100,false,Rx,0,8,88,00,00,00,60,00,36,93,
71833680,00000120,false,Rx,0,8,CB,FF,FF,FF,30,00,10,50,
71833681,00000110,false,Rx,0,8,4B,00,00,00,80,00,6E,60,
71833681,00000130,false,Rx,0,8,F8,FF,FF,FF,70,00,24,53,
71834958,00000100,false,Rx,0,8,9F,00,00,00,70,00,38,74,
71834959,00000120,false,Rx,0,8,CB,FF,FF,FF,40,00,35,90,
71834960,00000110,false,Rx,0,8,4B,00,00,00,90,00,63,A0,
71836177,00000050,false,Rx,0,6,41,5C,FF,FB,5F,FF,00,00,
71836177,00000130,false,Rx,0,8,EB,95,FF,FF,83,80,7B,A9,
71836178,00000100,false,Rx,0,8,88,00,00,00,80,00,7F,53,
71837835,00000120,false,Rx,0,8,04,00,00,00,50,00,3D,9F,
71837836,00000110,false,Rx,0,8,4B,00,00,00,A0,00,77,A0,
71838815,00000130,false,Rx,0,8,B5,00,00,00,90,00,76,7E,
71838816,00000100,false,Rx,0,8,71,00,00,00,90,00,66,FA,
71839969,00000120,false,Rx,0,8,04,00,00,00,60,00,29,9F,
71839970,00000110,false,Rx,0,8,79,00,00,00,B0,00,7E,72,
71840950,00000130,false,Rx,0,8,B9,FF,FF,FF,A0,00,76,82,
71840952,00000100,false,Rx,0,8,71,00,00,00,A0,00,72,FA,
71841948,00000120,false,Rx,0,8,20,00,00,00,70,00,22,BB,
71841950,00000110,false,Rx,0,8,79,00,00,00,C0,00,5B,B2,
71842940,00000130,false,Rx,0,8,18,00,00,00,B0,00,76,03,
71842942,00000100,false,Rx,0,8,43,00,00,00,B0,00,7B,28,
71844098,00000120,false,Rx,0,8,20,00,00,00,80,00,66,BB,
71844100,00000110,false,Rx,0,8,90,00,00,00,D0,00,40,8B,
71845067,00000130,false,Rx,0,8,18,00,00,00,C0,00,53,C3,
71845068,00000100,false,Rx,0,8,43,00,00,00,C0,00,5E,E8,
71846060,00000120,false,Rx,0,8,04,00,00,00,90,00,6D,9F,
71846062,00000110,false,Rx,0,8,90,00,00,00,E0,00,54,8B,
71847134,00000130,false,Rx,0,8,18,00,00,00,D0,00,5E,03,
71847135,00000100,false,Rx,0,8,5A,00,00,00,D0,00,51,21,
71848074,00000120,false,Rx,0,8,04,00,00,00,A0,00,79,9F,
71848076,00000110,false,Rx,0,8,79,00,00,00,F0,00,4F,B2,
71849202,00000130,false,Rx,0,8,18,00,00,00,E0,00,4A,03,
71849204,00000100,false,Rx,0,8,71,00,00,00,E0,00,43,3A,
71850219,00000135,false,Rx,0,8,A5,00,00,00,60,00,30,EE,
71850220,00000110,false,Rx,0,8,79,00,00,00,00,00,0B,B2,
71851199,00000130,false,Rx,0,8,D9,FF,FF,FF,F0,00,43,22,
71851200,00000100,false,Rx,0,8,88,00,00,00,F0,00,5A,93,
71851200,00000140,false,Rx,0,8,01,00,FF,FF,80,00,60,2E,
71852347,00000120,false,Rx,0,8,04,00,00,00,B0,00,74,5F,
71852348,00000110,false,Rx,0,8,34,00,00,00,10,00,09,AF,
71853349,00000130,false,Rx,0,8,18,00,00,00,00,00,03,C3,
71853350,00000100,false,Rx,0,8,9F,00,00,00,00,00,1D,B4,
71854326,00000120,false,Rx,0,8,CB,FF,FF,FF,C0,00,54,50,
71854327,00000110,false,Rx,0,8,34,00,00,00,20,00,1D,AF,
71855326,00000130,false,Rx,0,8,18,00,00,00,10,00,0E,03,
71855327,00000100,false,Rx,0,8,88,00,00,00,10,00,13,53,
71855328,00000120,false,Rx,0,8,CB,FF,FF,FF,D0,00,59,90,
71856576,00000110,false,Rx,0,8,4B,00,00,00,30,00,1B,A0,
71856578,00000050,false,Rx,0,6,41,5C,FF,FB,5F,FF,00,00,
71856578,00000130,false,Rx,0,8,2C,BA,F5,FF,23,80,C5,00,
71857572,00000100,false,Rx,0,8,71,00,00,00,20,00,13,3A,
71857574,00000120,false,Rx,0,8,04,00,00,00,E0,00,48,5F,
71858569,00000110,false,Rx,0,8,4B,00,00,00,40,00,3E,60,
71858570,00000130,false,Rx,0,8,95,00,00,00,30,00,09,1E,
71859707,00000100,false,Rx,0,8,5A,00,00,00,30,00,18,E1,
71859708,00000120,false,Rx,0,8,04,00,00,00,F0,00,45,9F,
71860705,00000110,false,Rx,0,8,79,00,00,00,50,00,37,B2,
71860707,00000170,false,Rx,0,8,00,00,00,57,50,81,05,24,
71860707,00000130,false,Rx,0,8,37,00,00,00,40,00,35,9C,
71861707,00000100,false,Rx,0,8,5A,00,00,00,40,00,3D,21,
71861708,00000120,false,Rx,0,8,20,00,00,00,00,00,07,7B,
71862846,00000110,false,Rx,0,8,79,00,00,00,60,00,23,B2,
71862847,00000130,false,Rx,0,8,18,00,00,00,50,00,3F,C3,
71863851,00000100,false,Rx,0,8,43,00,00,00,50,00,32,E8,
71863852,00000120,false,Rx,0,8,20,00,00,00,10,00,0A,BB,
71864825,00000110,false,Rx,0,8,A7,00,00,00,70,00,3C,CC,
71864826,00000130,false,Rx,0,8,18,00,00,00,60,00,2B,C3,
71865843,00000100,false,Rx,0,8,5A,00,00,00,60,00,24,E1,
71865845,00000120,false,Rx,0,8,04,00,00,00,20,00,18,5F,
71866971,00000110,false,Rx,0,8,A7,00,00,00,80,00,78,CC,
71866973,00000130,false,Rx,0,8,F8,FF,FF,FF,70,00,24,53,
71867971,00000100,false,Rx,0,8,5A,00,00,00,70,00,29,21,
71867973,00000120,false,Rx,0,8,04,00,00,00,30,00,15,9F,
71868952,00000110,false,Rx,0,8,79,00,00,00,90,00,67,B2,
71868953,00000130,false,Rx,0,8,F8,FF,FF,FF,80,00,60,53,
71869949,00000100,false,Rx,0,8,71,00,00,00,80,00,6B,3A,
71869950,00000120,false,Rx,0,8,04,00,00,00,40,00,30,5F,
71871095,00000110,false,Rx,0,8,79,00,00,00,A0,00,73,B2,
71871096,00000130,false,Rx,0,8,18,00,00,00,90,00,6F,C3,
71872101,00000100,false,Rx,0,8,9F,00,00,00,90,00,71,B4,
71872102,00000140,false,Rx,0,8,01,00,FF,FF,90,00,6D,EE,
71872103,00000120,false,Rx,0,8,04,00,00,00,50,00,3D,9F,
71873098,00000110,false,Rx,0,8,1D,00,00,00,B0,00,76,56,
71873099,00000130,false,Rx,0,8,F8,FF,FF,FF,A0,00,79,93,
71874073,00000100,false,Rx,0,8,B6,00,00,00,A0,00,62,4D,
71874075,00000120,false,Rx,0,8,CB,FF,FF,FF,60,00,2C,50,
71875065,00000110,false,Rx,0,8,1D,00,00,00,C0,00,53,96,
71875066,00000130,false,Rx,0,8,18,00,00,00,B0,00,76,03,
71876191,00000100,false,Rx,0,8,88,00,00,00,B0,00,6B,53,
71876192,00000120,false,Rx,0,8,CB,FF,FF,FF,70,00,21,90,
71876193,00000110,false,Rx,0,8,90,00,00,00,D0,00,40,8B,
71877330,00000050,false,Rx,0,6,41,5C,FF,FB,5F,FF,00,00,
71877332,00000130,false,Rx,0,8,6C,21,00,00,C3,80,E4,20,
71877332,00000100,false,Rx,0,8,71,00,00,00,C0,00,5A,FA,
71878949,00000120,false,Rx,0,8,04,00,00,00,80,00,60,5F,
71878951,00000110,false,Rx,0,8,90,00,00,00,E0,00,54,8B,
71879941,00000130,false,Rx,0,8,B9,FF,FF,FF,D0,00,53,42,
71879942,00000100,false,Rx,0,8,71,00,00,00,D0,00,57,3A,
71881095,00000120,false,Rx,0,8,04,00,00,00,90,00,6D,9F,
71881097,00000110,false,Rx,0,8,79,00,00,00,F0,00,4F,B2,
71882096,00000130,false,Rx,0,8,F8,FF,FF,FF,E0,00,48,53,
71882097,00000100,false,Rx,0,8,71,00,00,00,E0,00,43,3A,
71883088,00000120,false,Rx,0,8,3D,00,00,00,A0,00,7C,F6,
71883089,00000110,false,Rx,0,8,79,00,00,00,00,00,0B,B2,
71884066,00000130,false,Rx,0,8,18,00,00,00,F0,00,47,C3,
71884068,00000100,false,Rx,0,8,43,00,00,00,F0,00,4A,E8,
71885216,00000120,false,Rx,0,8,3D,00,00,00,B0,00,71,36,
71885217,00000110,false,Rx,0,8,79,00,00,00,10,00,06,72,
71886219,00000130,false,Rx,0,8,18,00,00,00,00,00,03,C3,
71886220,00000100,false,Rx,0,8,5A,00,00,00,00,00,0C,E1,
71887200,00000120,false,Rx,0,8,20,00,00,00,C0,00,57,7B,
71887202,00000110,false,Rx,0,8,79,00,00,00,20,00,12,72,
71888219,00000130,false,Rx,0,8,F8,FF,FF,FF,10,00,0C,53,
71888220,00000100,false,Rx,0,8,5A,00,00,00,10,00,01,21,
71889343,00000120,false,Rx,0,8,20,00,00,00,D0,00,5A,BB,
71889344,00000110,false,Rx,0,8,62,00,00,00,30,00,1C,59,
71890346,00000130,false,Rx,0,8,D9,FF,FF,FF,20,00,1E,E2,
71890348,00000100,false,Rx,0,8,71,00,00,00,20,00,13,3A,
71891313,00000120,false,Rx,0,8,CB,FF,FF,FF,E0,00,4D,90,
71891314,00000110,false,Rx,0,8,62,00,00,00,40,00,39,99,
71892337,00000130,false,Rx,0,8,18,00,00,00,30,00,17,C3,
71892338,00000100,false,Rx,0,8,88,00,00,00,30,00,0A,93,
71892339,00000140,false,Rx,0,8,01,00,FF,FF,A0,00,79,EE,
71893439,00000120,false,Rx,0,8,CB,FF,FF,FF,F0,00,40,50,
71893441,00000110,false,Rx,0,8,1D,00,00,00,50,00,3F,96,
71894452,00000130,false,Rx,0,8,18,00,00,00,40,00,32,03,
71894453,00000100,false,Rx,0,8,9F,00,00,00,40,00,2C,74,
71895449,00000120,false,Rx,0,8,E7,FF,FF,FF,00,00,03,FC,
71895450,00000110,false,Rx,0,8,1D,00,00,00,60,00,2B,96,
71896450,00000130,false,Rx,0,8,18,00,00,00,50,00,3F,C3,
71896452,00000100,false,Rx,0,8,71,00,00,00,50,00,36,FA,
71896452,00000120,false,Rx,0,8,E7,FF,FF,FF,10,00,0E,3C,
71897691,00000110,false,Rx,0,8,90,00,00,00,70,00,38,8B,
71897692,00000050,false,Rx,0,6,41,5C,FF,FB,5F,FF,00,00,
71897693,00000130,false,Rx,0,8,B8,34,03,00,63,80,83,B3,
71898692,00000100,false,Rx,0,8,5A,00,00,00,60,00,24,E1,
71898693,00000120,false,Rx,0,8,04,00,00,00,20,00,18,5F,
71899693,00000110,false,Rx,0,8,90,00,00,00,80,00,7C,8B,
71899694,00000130,false,Rx,0,8,18,00,00,00,70,00,26,03,
71900817,00000100,false,Rx,0,8,71,00,00,00,70,00,2F,3A,
71900818,00000120,false,Rx,0,8,04,00,00,00,30,00,15,9F,
71901826,00000110,false,Rx,0,8,79,00,00,00,90,00,67,B2,
71901828,00000130,false,Rx,0,8,D9,FF,FF,FF,80,00,66,E2,
71902975,00000100,false,Rx,0,8,5A,00,00,00,80,00,6D,21,
71902976,00000120,false,Rx,0,8,20,00,00,00,40,00,36,BB,
71903975,00000110,false,Rx,0,8,79,00,00,00,A0,00,73,B2,
71903976,00000130,false,Rx,0,8,F8,FF,FF,FF,90,00,6D,93,
71904977,00000100,false,Rx,0,8,43,00,00,00,90,00,62,E8,
71904978,00000120,false,Rx,0,8,20,00,00,00,50,00,3B,7B,
71905949,00000110,false,Rx,0,8,79,00,00,00,B0,00,7E,72,
71905950,00000130,false,Rx,0,8,37,00,00,00,A0,00,7C,5C,
71907097,00000100,false,Rx,0,8,5A,00,00,00,A0,00,74,E1,
71907098,00000120,false,Rx,0,8,04,00,00,00,60,00,29,9F,
71908100,00000110,false,Rx,0,8,79,00,00,00,C0,00,5B,B2,
71908101,00000130,false,Rx,0,8,F8,FF,FF,FF,B0,00,74,53,
71909098,00000100,false,Rx,0,8,71,00,00,00,B0,00,7F,3A,
71909099,00000120,false,Rx,0,8,04,00,00,00,70,00,24,5F,
71910098,00000110,false,Rx,0,8,62,00,00,00,D0,00,55,99,
71910100,00000130,false,Rx,0,8,18,00,00,00,C0,00,53,C3,
71911084,00000100,false,Rx,0,8,71,00,00,00,C0,00,5A,FA,
71911085,00000120,false,Rx,0,8,E7,FF,FF,FF,80,00,62,3C,
71912072,00000110,false,Rx,0,8,62,00,00,00,E0,00,41,99,
71912073,00000130,false,Rx,0,8,18,00,00,00,D0,00,5E,03,
71913221,00000100,false,Rx,0,8,9F,00,00,00,D0,00,40,74,
71913223,00000140,false,Rx,0,8,01,00,FF,FF,B0,00,74,2E,
71913223,00000120,false,Rx,0,8,E7,FF,FF,FF,90,00,6F,FC,
71914193,00000110,false,Rx,0,8,1D,00,00,00,F0,00,47,96,
71914194,00000130,false,Rx,0,8,18,00,00,00,E0,00,4A,03,
71915202,00000100,false,Rx,0,8,9F,00,00,00,E0,00,54,74,
71915204,00000120,false,Rx,0,8,E7,FF,FF,FF,A0,00,7B,FC,
71916218,00000110,false,Rx,0,8,1D,00,00,00,00,00,03,96,
71916220,00000130,false,Rx,0,8,F8,FF,FF,FF,F0,00,45,93,
71917350,00000100,false,Rx,0,8,71,00,00,00,F0,00,4E,FA,
71917351,00000120,false,Rx,0,8,E7,FF,FF,FF,B0,00,76,3C,
71917352,00000110,false,Rx,0,8,4B,00,00,00,10,00,02,60,
71918450,00000050,false,Rx,0,6,41,5C,FF,FB,5F,FF,00,00,
71918451,00000130,false,Rx,0,8,EB,95,FF,FF,03,80,1A,69,
71918451,00000100,false,Rx,0,8,71,00,00,00,00,00,0A,FA,
71920074,00000120,false,Rx,0,8,04,00,00,00,C0,00,51,9F,
71920075,00000110,false,Rx,0,8,4B,00,00,00,20,00,16,60,
71921069,00000130,false,Rx,0,8,95,00,00,00,10,00,10,DE,
71921070,00000100,false,Rx,0,8,71,00,00,00,10,00,07,3A,
71922222,00000120,false,Rx,0,8,04,00,00,00,D0,00,5C,5F,
71922223,00000110,false,Rx,0,8,79,00,00,00,30,00,1F,B2,
71923199,00000130,false,Rx,0,8,D9,FF,FF,FF,20,00,1E,E2,
71923201,00000100,false,Rx,0,8,43,00,00,00,20,00,17,28,
71924210,00000120,false,Rx,0,8,20,00,00,00,E0,00,4E,BB,
71924212,00000110,false,Rx,0,8,79,00,00,00,40,00,3A,72,
71925206,00000130,false,Rx,0,8,D9,FF,FF,FF,30,00,13,22,
71925208,00000100,false,Rx,0,8,5A,00,00,00,30,00,18,E1,
71926341,00000120,false,Rx,0,8,20,00,00,00,F0,00,43,7B,
71926343,00000110,false,Rx,0,8,79,00,00,00,50,00,37,B2,
71927314,00000130,false,Rx,0,8,18,00,00,00,40,00,32,03,
71927316,00000100,false,Rx,0,8,5A,00,00,00,40,00,3D,21,
71928324,00000120,false,Rx,0,8,04,00,00,00,00,00,01,9F,
71928326,00000110,false,Rx,0,8,79,00,00,00,60,00,23,B2,
71929313,00000130,false,Rx,0,8,B9,FF,FF,FF,50,00,32,82,
71929314,00000100,false,Rx,0,8,71,00,00,00,50,00,36,FA,
71930473,00000120,false,Rx,0,8,04,00,00,00,10,00,0C,5F,
71930474,00000110,false,Rx,0,8,62,00,00,00,70,00,2D,99,
71931470,00000130,false,Rx,0,8,F8,FF,FF,FF,60,00,29,93,
71931472,00000100,false,Rx,0,8,71,00,00,00,60,00,22,FA,
71932449,00000120,false,Rx,0,8,E7,FF,FF,FF,20,00,1A,3C,
71932450,00000110,false,Rx,0,8,62,00,00,00,80,00,69,99,
71933457,00000130,false,Rx,0,8,F8,FF,FF,FF,70,00,24,53,
71933458,00000100,false,Rx,0,8,9F,00,00,00,70,00,38,74,
71933459,00000140,false,Rx,0,8,01,00,FF,FF,C0,00,51,EE,
71934573,00000120,false,Rx,0,8,E7,FF,FF,FF,30,00,17,FC,
71934574,00000110,false,Rx,0,8,34,00,00,00,90,00,68,6F,
71935596,00000130,false,Rx,0,8,18,00,00,00,80,00,62,03,
71935597,00000100,false,Rx,0,8,88,00,00,00,80,00,7F,53,
71936572,00000120,false,Rx,0,8,E7,FF,FF,FF,40,00,32,3C,
71936574,00000110,false,Rx,0,8,34,00,00,00,A0,00,7C,6F,
71937573,00000130,false,Rx,0,8,F8,FF,FF,FF,90,00,6D,93,
71937574,00000100,false,Rx,0,8,71,00,00,00,90,00,66,FA,
71937575,00000120,false,Rx,0,8,E7,FF,FF,FF,50,00,3F,FC,
71938858,00000110,false,Rx,0,8,62,00,00,00,B0,00,7D,99,
71938859,00000050,false,Rx,0,6,41,5C,FF,FB,5F,FF,00,00,
71938860,00000130,false,Rx,0,8,4C,BA,F5,FF,A3,80,AD,60,
71939826,00000100,false,Rx,0,8,71,00,00,00,A0,00,72,FA,
71939828,00000120,false,Rx,0,8,20,00,00,00,60,00,2F,7B,
71940972,00000110,false,Rx,0,8,62,00,00,00,C0,00,58,59,
71940973,00000130,false,Rx,0,8,B5,00,00,00,B0,00,6F,BE,
71941949,00000100,false,Rx,0,8,5A,00,00,00,B0,00,79,21,
71941950,00000120,false,Rx,0,8,20,00,00,00,70,00,22,BB,
71942962,00000110,false,Rx,0,8,90,00,00,00,D0,00,40,8B,
71942964,00000130,false,Rx,0,8,18,00,00,00,C0,00,53,C3,
71943943,00000100,false,Rx,0,8,43,00,00,00,C0,00,5E,E8,
71943945,00000120,false,Rx,0,8,20,00,00,00,80,00,66,BB,
71945095,00000110,false,Rx,0,8,90,00,00,00,E0,00,54,8B,
71945097,00000130,false,Rx,0,8,F8,FF,FF,FF,D0,00,5C,53,
71946096,00000100,false,Rx,0,8,5A,00,00,00,D0,00,51,21,
71946097,00000120,false,Rx,0,8,20,00,00,00,90,00,6B,7B,
71947071,00000110,false,Rx,0,8,62,00,00,00,F0,00,4C,59,
71947072,00000130,false,Rx,0,8,F8,FF,FF,FF,E0,00,48,53,
71948065,00000100,false,Rx,0,8,5A,00,00,00,E0,00,45,21,
71948066,00000120,false,Rx,0,8,04,00,00,00,A0,00,79,9F,
71949191,00000110,false,Rx,0,8,62,00,00,00,00,00,08,59,
71949192,00000130,false,Rx,0,8,F8,FF,FF,FF,F0,00,45,93,
71950197,00000100,false,Rx,0,8,71,00,00,00,F0,00,4E,FA,
71950198,00000120,false,Rx,0,8,04,00,00,00,B0,00,74,5F,
71951197,00000110,false,Rx,0,8,4B,00,00,00,10,00,02,60,
71951199,00000130,false,Rx,0,8,F8,FF,FF,FF,00,00,01,93,
71952196,00000100,false,Rx,0,8,88,00,00,00,00,00,1E,93,
71952197,00000120,false,Rx,0,8,AE,FF,FF,FF,C0,00,5D,A5,
71953195,00000110,false,Rx,0,8,4B,00,00,00,20,00,16,60,
71953196,00000130,false,Rx,0,8,F8,FF,FF,FF,10,00,0C,53,
71954347,00000100,false,Rx,0,8,9F,00,00,00,10,00,10,74,
71954348,00000140,false,Rx,0,8,01,00,FF,FF,D0,00,5C,2E,
71954349,00000120,false,Rx,0,8,AE,FF,FF,FF,D0,00,50,65,
71955323,00000110,false,Rx,0,8,4B,00,00,00,30,00,1B,A0,
71955324,00000130,false,Rx,0,8,F8,FF,FF,FF,20,00,18,53,
71956335,00000100,false,Rx,0,8,88,00,00,00,20,00,07,53,
71956336,00000120,false,Rx,0,8,04,00,00,00,E0,00,48,5F,
71957312,00000110,false,Rx,0,8,4B,00,00,00,40,00,3E,60,
71957314,00000130,false,Rx,0,8,F8,FF,FF,FF,30,00,15,93,
71958471,00000100,false,Rx,0,8,71,00,00,00,30,00,1E,FA,
71958472,00000120,false,Rx,0,8,04,00,00,00,F0,00,45,9F,
71958473,00000110,false,Rx,0,8,90,00,00,00,50,00,21,4B,
71959570,00000050,false,Rx,0,6,41,5C,FF,FB,5F,FF,00,00,
71959571,00000130,false,Rx,0,8,4D,21,00,00,43,80,83,51,
71959571,00000100,false,Rx,0,8,5A,00,00,00,40,00,3D,21,
71961189,00000120,false,Rx,0,8,20,00,00,00,00,00,07,7B,
71961190,00000110,false,Rx,0,8,90,00,00,00,60,00,35,4B,
71962315,00000130,false,Rx,0,8,F8,FF,FF,FF,50,00,3D,93,
71962316,00000100,false,Rx,0,8,5A,00,00,00,50,00,30,E1,
71963330,00000120,false,Rx,0,8,20,00,00,00,10,00,0A,BB,
71963331,00000110,false,Rx,0,8,A7,00,00,00,70,00,3C,CC,
71963332,00000170,false,Rx,0,8,00,00,00,58,50,81,05,4C,
71964323,00000130,false,Rx,0,8,F8,FF,FF,FF,60,00,29,93,
71964324,00000100,false,Rx,0,8,43,00,00,00,60,00,26,E8,
71965313,00000120,false,Rx,0,8,20,00,00,00,20,00,1E,BB,
71965314,00000110,false,Rx,0,8,A7,00,00,00,80,00,78,CC,
71966474,00000130,false,Rx,0,8,F8,FF,FF,FF,70,00,24,53,
71966475,00000100,false,Rx,0,8,71,00,00,00,70,00,2F,3A,
71967450,00000120,false,Rx,0,8,20,00,00,00,30,00,13,7B,
71967451,00000110,false,Rx,0,8,62,00,00,00,90,00,64,59,
71968468,00000130,false,Rx,0,8,18,00,00,00,80,00,62,03,
71968470,00000100,false,Rx,0,8,71,00,00,00,80,00,6B,3A,
71969447,00000120,false,Rx,0,8,04,00,00,00,40,00,30,5F,
71969449,00000110,false,Rx,0,8,62,00,00,00,A0,00,70,59,
71970439,00000130,false,Rx,0,8,D9,FF,FF,FF,90,00,6B,22,
71970441,00000100,false,Rx,0,8,5A,00,00,00,90,00,60,E1,
71971573,00000120,false,Rx,0,8,04,00,00,00,50,00,3D,9F,
71971574,00000110,false,Rx,0,8,4B,00,00,00,B0,00,7A,60,
71972566,00000130,false,Rx,0,8,18,00,00,00,A0,00,7B,C3,
71972567,00000100,false,Rx,0,8,88,00,00,00,A0,00,66,93,
71973573,00000120,false,Rx,0,8,AE,FF,FF,FF,60,00,25,A5,
71973574,00000110,false,Rx,0,8,4B,00,00,00,C0,00,5F,A0,
71974564,00000130,false,Rx,0,8,F8,FF,FF,FF,B0,00,74,53,
71974565,00000100,false,Rx,0,8,88,00,00,00,B0,00,6B,53,
71974566,00000140,false,Rx,0,8,01,00,FF,FF,E0,00,48,2E,
71975566,00000120,false,Rx,0,8,AE,FF,FF,FF,70,00,28,65,
71975567,00000110,false,Rx,0,8,62,00,00,00,D0,00,55,99,
71976691,00000130,false,Rx,0,8,D9,FF,FF,FF,C0,00,57,22,
71976693,00000100,false,Rx,0,8,71,00,00,00,C0,00,5A,FA,
71977687,00000120,false,Rx,0,8,E7,FF,FF,FF,80,00,62,3C,
71977689,00000110,false,Rx,0,8,62,00,00,00,E0,00,41,99,
71978689,00000130,false,Rx,0,8,D9,FF,FF,FF,D0,00,5A,E2,
71978690,00000100,false,Rx,0,8,5A,00,00,00,D0,00,51,21,
71978691,00000120,false,Rx,0,8,E7,FF,FF,FF,90,00,6F,FC,
71979942,00000110,false,Rx,0,8,90,00,00,00,F0,00,59,4B,
71979944,00000050,false,Rx,0,6,41,5C,FF,FB,5F,FF,00,00,
71979945,00000130,false,Rx,0,8,B8,34,03,00,E3,80,E2,73,
71980939,00000100,false,Rx,0,8,5A,00,00,00,E0,00,45,21,
71980941,00000120,false,Rx,0,8,20,00,00,00,A0,00,7F,7B,
71982072,00000110,false,Rx,0,8,90,00,00,00,00,00,1D,4B,
71982073,00000130,false,Rx,0,8,F8,FF,FF,FF,F0,00,45,93,
71983067,00000100,false,Rx,0,8,43,00,00,00,F0,00,4A,E8,
71983068,00000120,false,Rx,0,8,20,00,00,00,B0,00,72,BB,
71984065,00000110,false,Rx,0,8,A7,00,00,00,10,00,14,CC,
71984066,00000130,false,Rx,0,8,F8,FF,FF,FF,00,00,01,93,
71985190,00000100,false,Rx,0,8,43,00,00,00,00,00,0E,E8,
71985191,00000120,false,Rx,0,8,04,00,00,00,C0,00,51,9F,
71986190,00000110,false,Rx,0,8,A7,00,00,00,20,00,00,CC,
71986191,00000130,false,Rx,0,8,F8,FF,FF,FF,10,00,0C,53,
71987190,00000100,false,Rx,0,8,5A,00,00,00,10,00,01,21,
71987191,00000120,false,Rx,0,8,04,00,00,00,D0,00,5C,5F,
71988190,00000110,false,Rx,0,8,62,00,00,00,30,00,1C,59,
71988191,00000130,false,Rx,0,8,F8,FF,FF,FF,20,00,18,53,
71989190,00000100,false,Rx,0,8,71,00,00,00,20,00,13,3A,
71989192,00000120,false,Rx,0,8,04,00,00,00,E0,00,48,5F,
71990316,00000110,false,Rx,0,8,62,00,00,00,40,00,39,99,
71990318,00000130,false,Rx,0,8,37,00,00,00,30,00,10,5C,
71991315,00000100,false,Rx,0,8,71,00,00,00,30,00,1E,FA,
71991317,00000120,false,Rx,0,8,04,00,00,00,F0,00,45,9F,
71992315,00000110,false,Rx,0,8,34,00,00,00,50,00,38,6F,
71992316,00000130,false,Rx,0,8,F8,FF,FF,FF,40,00,30,53,
71993296,00000100,false,Rx,0,8,9F,00,00,00,40,00,2C,74,
71993297,00000120,false,Rx,0,8,AE,FF,FF,FF,00,00,0D,A5,
71994423,00000110,false,Rx,0,8,34,00,00,00,60,00,2C,6F,
71994424,00000130,false,Rx,0,8,F8,FF,FF,FF,50,00,3D,93,
71995421,00000100,false,Rx,0,8,9F,00,00,00,50,00,21,B4,
71995422,00000140,false,Rx,0,8,01,00,FF,FF,F0,00,45,EE,
71995423,00000120,false,Rx,0,8,AE,FF,FF,FF,10,00,00,65,
71996424,00000110,false,Rx,0,8,62,00,00,00,70,00,2D,99,
71996425,00000130,false,Rx,0,8,F8,FF,FF,FF,60,00,29,93,
71997422,00000100,false,Rx,0,8,71,00,00,00,60,00,22,FA,
71997423,00000120,false,Rx,0,8,04,00,00,00,20,00,18,5F,
71998423,00000110,false,Rx,0,8,62,00,00,00,80,00,69,99,
71998425,00000130,false,Rx,0,8,F8,FF,FF,FF,70,00,24,53,
71999548,00000100,false,Rx,0,8,71,00,00,00,70,00,2F,3A,
71999549,00000120,false,Rx,0,8,04,00,00,00,30,00,15,9F,
71999549,00000110,false,Rx,0,8,79,00,00,00,90,00,67,B2,
72000674,00000050,false,Rx,0,6,41,5C,FF,FB,5F,FF,00,00,
72000675,00000130,false,Rx,0,8,EB,95,FF,FF,83,80,7B,A9,
72000675,00000100,false,Rx,0,8,5A,00,00,00,80,00,6D,21,
72002297,00000120,false,Rx,0,8,20,00,00,00,40,00,36,BB,
72002298,00000110,false,Rx,0,8,79,00,00,00,A0,00,73,B2,
72003420,00000130,false,Rx,0,8,B5,00,00,00,90,00,76,7E,
72003420,00000100,false,Rx,0,8,2C,00,00,00,90,00,6B,B7,
72004423,00000120,false,Rx,0,8,20,00,00,00,50,00,3B,7B,
72004424,00000110,false,Rx,0,8,90,00,00,00,B0,00,68,8B,
72005423,00000130,false,Rx,0,8,F8,FF,FF,FF,A0,00,79,93,
72005424,00000100,false,Rx,0,8,5A,00,00,00,A0,00,74,E1,
72006423,00000120,false,Rx,0,8,04,00,00,00,60,00,29,9F,
72006424,00000110,false,Rx,0,8,90,00,00,00,C0,00,4D,4B,
72007547,00000130,false,Rx,0,8,D9,FF,FF,FF,B0,00,72,E2,
72007548,00000100,false,Rx,0,8,5A,00,00,00,B0,00,79,21,
72008546,00000120,false,Rx,0,8,04,00,00,00,70,00,24,5F,
72008547,00000110,false,Rx,0,8,62,00,00,00,D0,00,55,99,
72009549,00000130,false,Rx,0,8,F8,FF,FF,FF,C0,00,51,93,
72009550,00000100,false,Rx,0,8,71,00,00,00,C0,00,5A,FA,
72010548,00000120,false,Rx,0,8,04,00,00,00,80,00,60,5F,
72010549,00000110,false,Rx,0,8,62,00,00,00,E0,00,41,99,
72011548,00000130,false,Rx,0,8,37,00,00,00,D0,00,59,9C,
72011549,00000100,false,Rx,0,8,88,00,00,00,D0,00,43,53,
72012670,00000120,false,Rx,0,8,04,00,00,00,90,00,6D,9F,
72012670,00000110,false,Rx,0,8,34,00,00,00,F0,00,40,6F,
72013675,00000130,false,Rx,0,8,18,00,00,00,E0,00,4A,03,
72013675,00000100,false,Rx,0,8,9F,00,00,00,E0,00,54,74,
72014670,00000120,false,Rx,0,8,E7,FF,FF,FF,A0,00,7B,FC,
72014671,00000110,false,Rx,0,8,34,00,00,00,00,00,04,6F,
72015673,00000130,false,Rx,0,8,D9,FF,FF,FF,F0,00,43,22,
72015674,00000100,false,Rx,0,8,88,00,00,00,F0,00,5A,93,
72015674,00000140,false,Rx,0,8,01,00,FF,FF,00,00,01,EE,
72016797,00000120,false,Rx,0,8,E7,FF,FF,FF,B0,00,76,3C,
72016797,00000110,false,Rx,0,8,62,00,00,00,10,00,05,99,
72017798,00000130,false,Rx,0,8,F8,FF,FF,FF,00,00,01,93,
72017799,00000100,false,Rx,0,8,71,00,00,00,00,00,0A,FA,
72018800,00000120,false,Rx,0,8,E7,FF,FF,FF,C0,00,53,FC,
72018801,00000110,false,Rx,0,8,62,00,00,00,20,00,11,99,
72019789,00000130,false,Rx,0,8,18,00,00,00,10,00,0E,03,
72019789,00000100,false,Rx,0,8,71,00,00,00,10,00,07,3A,
72019790,00000120,false,Rx,0,8,E7,FF,FF,FF,D0,00,5E,3C,
72021050,00000110,false,Rx,0,8,62,00,00,00,30,00,1C,59,
72021051,00000050,false,Rx,0,6,41,5C,FF,FB,5F,FF,00,00,
72021052,00000130,false,Rx,0,8,2C,BA,F5,FF,23,80,C5,00,
72022050,00000100,false,Rx,0,8,5A,00,00,00,20,00,15,21,
72022051,00000120,false,Rx,0,8,3D,00,00,00,E0,00,4D,36,
72023175,00000110,false,Rx,0,8,62,00,00,00,40,00,39,99,
72023176,00000130,false,Rx,0,8,76,00,00,00,30,00,1F,4D,
72024173,00000100,false,Rx,0,8,43,00,00,00,30,00,1A,E8,
72024174,00000120,false,Rx,0,8,3D,00,00,00,F0,00,40,F6,
72025163,00000110,false,Rx,0,8,79,00,00,00,50,00,37,B2,
72025164,00000130,false,Rx,0,8,B9,FF,FF,FF,40,00,3F,42,
72026294,00000100,false,Rx,0,8,71,00,00,00,40,00,3B,3A,
72026295,00000120,false,Rx,0,8,20,00,00,00,00,00,07,7B,
72027306,00000110,false,Rx,0,8,79,00,00,00,60,00,23,B2,
72027307,00000130,false,Rx,0,8,18,00,00,00,50,00,3F,C3,
72028285,00000100,false,Rx,0,8,71,00,00,00,50,00,36,FA,
72028285,00000120,false,Rx,0,8,20,00,00,00,10,00,0A,BB,
72029283,00000110,false,Rx,0,8,62,00,00,00,70,00,2D,99,
72029283,00000130,false,Rx,0,8,18,00,00,00,60,00,2B,C3,
72030407,00000100,false,Rx,0,8,71,00,00,00,60,00,22,FA,
72030408,00000120,false,Rx,0,8,E7,FF,FF,FF,20,00,1A,3C,
72031407,00000110,false,Rx,0,8,62,00,00,00,80,00,69,99,
72031408,00000130,false,Rx,0,8,F8,FF,FF,FF,70,00,24,53,
72032406,00000100,false,Rx,0,8,71,00,00,00,70,00,2F,3A,
72032407,00000120,false,Rx,0,8,E7,FF,FF,FF,30,00,17,FC,
72033407,00000110,false,Rx,0,8,1D,00,00,00,90,00,6F,96,
72033408,00000130,false,Rx,0,8,F8,FF,FF,FF,80,00,60,53,
72034408,00000100,false,Rx,0,8,B6,00,00,00,80,00,7B,8D,
72034409,00000120,false,Rx,0,8,E7,FF,FF,FF,40,00,32,3C,
72035534,00000110,false,Rx,0,8,1D,00,00,00,A0,00,7B,96,
72035534,00000130,false,Rx,0,8,F8,FF,FF,FF,90,00,6D,93,
72036531,00000100,false,Rx,0,8,88,00,00,00,90,00,72,93,
72036532,00000140,false,Rx,0,8,01,00,FF,FF,10,00,0C,2E,
72036533,00000120,false,Rx,0,8,E7,FF,FF,FF,50,00,3F,FC,
72037533,00000110,false,Rx,0,8,62,00,00,00,B0,00,7D,99,
72037534,00000130,false,Rx,0,8,F8,FF,FF,FF,A0,00,79,93,
72038531,00000100,false,Rx,0,8,71,00,00,00,A0,00,72,FA,
72038532,00000120,false,Rx,0,8,04,00,00,00,60,00,29,9F,
72039657,00000110,false,Rx,0,8,62,00,00,00,C0,00,58,59,
72039658,00000130,false,Rx,0,8,18,00,00,00,B0,00,76,03,
72040660,00000100,false,Rx,0,8,71,00,00,00,B0,00,7F,3A,
72040661,00000120,false,Rx,0,8,04,00,00,00,70,00,24,5F,
72040662,00000110,false,Rx,0,8,A7,00,00,00,D0,00,44,CC,
72041814,00000050,false,Rx,0,6,41,5C,FF,FB,5F,FF,00,00,
72041815,00000130,false,Rx,0,8,4D,21,00,00,C3,80,E2,91,
72041816,00000100,false,Rx,0,8,5A,00,00,00,C0,00,5C,E1,
72043420,00000120,false,Rx,0,8,3D,00,00,00,80,00,65,36,
72043421,00000110,false,Rx,0,8,A7,00,00,00,E0,00,50,CC,
72044563,00000130,false,Rx,0,8,D9,FF,FF,FF,D0,00,5A,E2,
72044564,00000100,false,Rx,0,8,43,00,00,00,D0,00,53,28,
72045563,00000120,false,Rx,0,8,3D,00,00,00,90,00,68,F6,
72045564,00000110,false,Rx,0,8,79,00,00,00,F0,00,4F,B2,
72046563,00000130,false,Rx,0,8,F8,FF,FF,FF,E0,00,48,53,
72046565,00000100,false,Rx,0,8,5A,00,00,00,E0,00,45,21,
72047560,00000120,false,Rx,0,8,E7,FF,FF,FF,A0,00,7B,FC,
72047561,00000110,false,Rx,0,8,79,00,00,00,00,00,0B,B2,
72048688,00000130,false,Rx,0,8,F8,FF,FF,FF,F0,00,45,93,
72048689,00000100,false,Rx,0,8,5A,00,00,00,F0,00,48,E1,
72049684,00000120,false,Rx,0,8,E7,FF,FF,FF,B0,00,76,3C,
72049685,00000110,false,Rx,0,8,62,00,00,00,10,00,05,99,
72050683,00000130,false,Rx,0,8,18,00,00,00,00,00,03,C3,
72050684,00000100,false,Rx,0,8,71,00,00,00,00,00,0A,FA,
72051686,00000120,false,Rx,0,8,E7,FF,FF,FF,C0,00,53,FC,
72051687,00000110,false,Rx,0,8,62,00,00,00,20,00,11,99,
72052811,00000130,false,Rx,0,8,F8,FF,FF,FF,10,00,0C,53,
72052812,00000100,false,Rx,0,8,88,00,00,00,10,00,13,53,
72053809,00000120,false,Rx,0,8,E7,FF,FF,FF,D0,00,5E,3C,
72053810,00000110,false,Rx,0,8,1D,00,00,00,30,00,17,96,
72054809,00000130,false,Rx,0,8,F8,FF,FF,FF,20,00,18,53,
72054810,00000100,false,Rx,0,8,9F,00,00,00,20,00,04,74,
72055811,00000120,false,Rx,0,8,E7,FF,FF,FF,E0,00,4A,3C,
72055812,00000110,false,Rx,0,8,1D,00,00,00,40,00,32,56,
72056812,00000130,false,Rx,0,8,18,00,00,00,30,00,17,C3,
72056813,00000100,false,Rx,0,8,71,00,00,00,30,00,1E,FA,
72056813,00000140,false,Rx,0,8,01,00,FF,FF,20,00,18,2E,
72057913,00000120,false,Rx,0,8,E7,FF,FF,FF,F0,00,47,FC,
72057914,00000110,false,Rx,0,8,4B,00,00,00,50,00,33,A0,
72058908,00000130,false,Rx,0,8,F8,FF,FF,FF,40,00,30,53,
72058909,00000100,false,Rx,0,8,71,00,00,00,40,00,3B,3A,
72059935,00000120,false,Rx,0,8,04,00,00,00,00,00,01,9F,
72059936,00000110,false,Rx,0,8,4B,00,00,00,60,00,27,A0,
72060940,00000130,false,Rx,0,8,18,00,00,00,50,00,3F,C3,
72060941,00000100,false,Rx,0,8,5A,00,00,00,50,00,30,E1,
72060942,00000120,false,Rx,0,8,04,00,00,00,10,00,0C,5F,
72062192,00000110,false,Rx,0,8,90,00,00,00,70,00,38,8B,
72062194,00000050,false,Rx,0,6,41,5C,FF,FB,5F,FF,00,00,
72062194,00000130,false,Rx,0,8,99,34,03,00,63,80,85,02,
72063189,00000100,false,Rx,0,8,2C,00,00,00,60,00,2F,B7,
72063190,00000120,false,Rx,0,8,3D,00,00,00,20,00,1D,36,
72064319,00000110,false,Rx,0,8,90,00,00,00,80,00,7C,8B,
72064321,00000130,false,Rx,0,8,D9,FF,FF,FF,70,00,22,E2,
72065335,00000100,false,Rx,0,8,43,00,00,00,70,00,2B,28,
72065336,00000120,false,Rx,0,8,3D,00,00,00,30,00,10,F6,
72066287,00000110,false,Rx,0,8,79,00,00,00,90,00,67,B2,
72066288,00000170,false,Rx,0,8,00,00,00,59,50,81,05,D1,
72066289,00000130,false,Rx,0,8,F8,FF,FF,FF,80,00,60,53,
72067451,00000100,false,Rx,0,8,5A,00,00,00,80,00,6D,21,
72067453,00000120,false,Rx,0,8,04,00,00,00,40,00,30,5F,
72068440,00000110,false,Rx,0,8,79,00,00,00,A0,00,73,B2,
72068441,00000130,false,Rx,0,8,F8,FF,FF,FF,90,00,6D,93,
72069436,00000100,false,Rx,0,8,71,00,00,00,90,00,66,FA,
72069437,00000120,false,Rx,0,8,04,00,00,00,50,00,3D,9F,
72070437,00000110,false,Rx,0,8,62,00,00,00,B0,00,7D,99,
72070438,00000130,false,Rx,0,8,F8,FF,FF,FF,A0,00,79,93,
72071447,00000100,false,Rx,0,8,71,00,00,00,A0,00,72,FA,
72071448,00000120,false,Rx,0,8,E7,FF,FF,FF,60,00,2B,FC,
72072565,00000110,false,Rx,0,8,62,00,00,00,C0,00,58,59,
72072566,00000130,false,Rx,0,8,F8,FF,FF,FF,B0,00,74,53,
72073610,00000100,false,Rx,0,8,B6,00,00,00,B0,00,6F,8D,
72073611,00000120,false,Rx,0,8,E7,FF,FF,FF,70,00,26,3C,
72074569,00000110,false,Rx,0,8,34,00,00,00,D0,00,59,AF,
72074570,00000130,false,Rx,0,8,D9,FF,FF,FF,C0,00,57,22,
72075563,00000100,false,Rx,0,8,88,00,00,00,C0,00,4E,93,
72075564,00000120,false,Rx,0,8,E7,FF,FF,FF,80,00,62,3C,
72076686,00000110,false,Rx,0,8,34,00,00,00,E0,00,4D,AF,
72076688,00000130,false,Rx,0,8,D9,FF,FF,FF,D0,00,5A,E2,
72077693,00000100,false,Rx,0,8,71,00,00,00,D0,00,57,3A,
72077695,00000140,false,Rx,0,8,01,00,FF,FF,30,00,15,EE,
72077696,00000120,false,Rx,0,8,E7,FF,FF,FF,90,00,6F,FC,
72078690,00000110,false,Rx,0,8,62,00,00,00,F0,00,4C,59,
72078691,00000130,false,Rx,0,8,F8,FF,FF,FF,E0,00,48,53,
72079698,00000100,false,Rx,0,8,71,00,00,00,E0,00,43,3A,
72079699,00000120,false,Rx,0,8,04,00,00,00,A0,00,79,9F,
72080846,00000110,false,Rx,0,8,62,00,00,00,00,00,08,59,
72080847,00000130,false,Rx,0,8,18,00,00,00,F0,00,47,C3,
72081839,00000100,false,Rx,0,8,5A,00,00,00,F0,00,48,E1,
72081841,00000120,false,Rx,0,8,04,00,00,00,B0,00,74,5F,
72081841,00000110,false,Rx,0,8,79,00,00,00,10,00,06,72,
72082959,00000050,false,Rx,0,6,41,5C,FF,FB,5F,FF,00,00,
72082961,00000130,false,Rx,0,8,EB,95,FF,FF,03,80,1A,69,
72082961,00000100,false,Rx,0,8,2C,00,00,00,00,00,07,B7,
72084568,00000120,false,Rx,0,8,20,00,00,00,C0,00,57,7B,
72084570,00000110,false,Rx,0,8,79,00,00,00,20,00,12,72,
72085690,00000130,false,Rx,0,8,B5,00,00,00,10,00,17,BE,
72085692,00000100,false,Rx,0,8,71,00,00,00,10,00,07,3A,
72086698,00000120,false,Rx,0,8,20,00,00,00,D0,00,5A,BB,
72086699,00000110,false,Rx,0,8,79,00,00,00,30,00,1F,B2,
72087690,00000130,false,Rx,0,8,F8,FF,FF,FF,20,00,18,53,
72087691,00000100,false,Rx,0,8,5A,00,00,00,20,00,15,21,
72088690,00000120,false,Rx,0,8,20,00,00,00,E0,00,4E,BB,
72088692,00000110,false,Rx,0,8,79,00,00,00,40,00,3A,72,
72089842,00000130,false,Rx,0,8,F8,FF,FF,FF,30,00,15,93,
72089843,00000100,false,Rx,0,8,71,00,00,00,30,00,1E,FA,
72090844,00000120,false,Rx,0,8,20,00,00,00,F0,00,43,7B,
72090845,00000110,false,Rx,0,8,62,00,00,00,50,00,34,59,
72091821,00000130,false,Rx,0,8,F8,FF,FF,FF,40,00,30,53,
72091822,00000100,false,Rx,0,8,88,00,00,00,40,00,2F,53,
72092810,00000120,false,Rx,0,8,CB,FF,FF,FF,00,00,04,50,
72092812,00000110,false,Rx,0,8,62,00,00,00,60,00,20,59,
72093970,00000130,false,Rx,0,8,F8,FF,FF,FF,50,00,3D,93,
72093972,00000100,false,Rx,0,8,9F,00,00,00,50,00,21,B4,
72094947,00000120,false,Rx,0,8,CB,FF,FF,FF,10,00,09,90,
72094948,00000110,false,Rx,0,8,34,00,00,00,70,00,21,AF,
72095915,00000130,false,Rx,0,8,F8,FF,FF,FF,60,00,29,93,
72095917,00000100,false,Rx,0,8,88,00,00,00,60,00,36,93,
72096938,00000120,false,Rx,0,8,04,00,00,00,20,00,18,5F,
72096939,00000110,false,Rx,0,8,34,00,00,00,80,00,65,AF,
72097913,00000130,false,Rx,0,8,F8,FF,FF,FF,70,00,24,53,
72097914,00000100,false,Rx,0,8,71,00,00,00,70,00,2F,3A,
72097914,00000140,false,Rx,0,8,01,00,FF,FF,40,00,30,2E,
72099039,00000120,false,Rx,0,8,04,00,00,00,30,00,15,9F,
72099040,00000110,false,Rx,0,8,62,00,00,00,90,00,64,59,
72100039,00000130,false,Rx,0,8,B9,FF,FF,FF,80,00,6F,42,
72100040,00000100,false,Rx,0,8,71,00,00,00,80,00,6B,3A,
72101042,00000120,false,Rx,0,8,04,00,00,00,40,00,30,5F,
72101043,00000110,false,Rx,0,8,62,00,00,00,A0,00,70,59,
72102049,00000130,false,Rx,0,8,B9,FF,FF,FF,90,00,62,82,
72102050,00000100,false,Rx,0,8,5A,00,00,00,90,00,60,E1,
72102050,00000120,false,Rx,0,8,04,00,00,00,50,00,3D,9F,
72103303,00000110,false,Rx,0,8,90,00,00,00,B0,00,68,8B,
72103303,00000050,false,Rx,0,6,41,5C,FF,FB,5F,FF,00,00,
72103304,00000130,false,Rx,0,8,6B,BA,F5,FF,A3,80,AB,B7,
72104310,00000100,false,Rx,0,8,43,00,00,00,A0,00,76,E8,
72104312,00000120,false,Rx,0,8,04,00,00,00,60,00,29,9F,
72105467,00000110,false,Rx,0,8,90,00,00,00,C0,00,4D,4B,
72105468,00000130,false,Rx,0,8,B5,00,00,00,B0,00,6F,BE,
72106441,00000100,false,Rx,0,8,43,00,00,00,B0,00,7B,28,
72106442,00000120,false,Rx,0,8,04,00,00,00,70,00,24,5F,
72107436,00000110,false,Rx,0,8,79,00,00,00,D0,00,56,72,
72107438,00000130,false,Rx,0,8,F8,FF,FF,FF,C0,00,51,93,
72108598,00000100,false,Rx,0,8,71,00,00,00,C0,00,5A,FA,
72108600,00000120,false,Rx,0,8,04,00,00,00,80,00,60,5F,
72109561,00000110,false,Rx,0,8,79,00,00,00,E0,00,42,72,
72109562,00000130,false,Rx,0,8,18,00,00,00,D0,00,5E,03,
72110562,00000100,false,Rx,0,8,5A,00,00,00,D0,00,51,21,
72110563,00000120,false,Rx,0,8,04,00,00,00,90,00,6D,9F,
72111587,00000110,false,Rx,0,8,4B,00,00,00,F0,00,4B,A0,
72111588,00000130,false,Rx,0,8,D9,FF,FF,FF,E0,00,4E,E2,
72112690,00000100,false,Rx,0,8,88,00,00,00,E0,00,57,53,
72112691,00000120,false,Rx,0,8,CB,FF,FF,FF,A0,00,7C,50,
72113688,00000110,false,Rx,0,8,4B,00,00,00,00,00,0F,A0,
72113689,00000130,false,Rx,0,8,D9,FF,FF,FF,F0,00,43,22,
72114687,00000100,false,Rx,0,8,9F,00,00,00,F0,00,59,B4,
72114689,00000120,false,Rx,0,8,CB,FF,FF,FF,B0,00,71,90,
72115688,00000110,false,Rx,0,8,4B,00,00,00,10,00,02,60,
72115689,00000130,false,Rx,0,8,D9,FF,FF,FF,00,00,07,22,
72116696,00000100,false,Rx,0,8,71,00,00,00,00,00,0A,FA,
72116697,00000120,false,Rx,0,8,E7,FF,FF,FF,C0,00,53,FC,
72117842,00000110,false,Rx,0,8,4B,00,00,00,20,00,16,60,
72117843,00000130,false,Rx,0,8,37,00,00,00,10,00,09,9C,
72118812,00000100,false,Rx,0,8,71,00,00,00,10,00,07,3A,
72118814,00000140,false,Rx,0,8,01,00,FF,FF,50,00,3D,EE,
72118814,00000120,false,Rx,0,8,E7,FF,FF,FF,D0,00,5E,3C,
72119821,00000110,false,Rx,0,8,62,00,00,00,30,00,1C,59,
72119822,00000130,false,Rx,0,8,D9,FF,FF,FF,20,00,1E,E2,
72120810,00000100,false,Rx,0,8,71,00,00,00,20,00,13,3A,
72120811,00000120,false,Rx,0,8,20,00,00,00,E0,00,4E,BB,
72121966,00000110,false,Rx,0,8,62,00,00,00,40,00,39,99,
72121968,00000130,false,Rx,0,8,56,00,00,00,30,00,18,2D,
72122966,00000100,false,Rx,0,8,43,00,00,00,30,00,1A,E8,
72122967,00000120,false,Rx,0,8,20,00,00,00,F0,00,43,7B,
72122968,00000110,false,Rx,0,8,D5,00,00,00,50,00,2F,DE,
72124084,00000050,false,Rx,0,6,41,5C,FF,FB,5F,FF,00,00,
72124086,00000130,false,Rx,0,8,4D,21,00,00,43,80,83,51,
72124087,00000100,false,Rx,0,8,43,00,00,00,40,00,3F,28,
72125658,00000120,false,Rx,0,8,04,00,00,00,00,00,01,9F,
72125659,00000110,false,Rx,0,8,D5,00,00,00,60,00,3B,DE,
72126781,00000130,false,Rx,0,8,18,00,00,00,50,00,3F,C3,
72126781,00000100,false,Rx,0,8,71,00,00,00,50,00,36,FA,
72127782,00000120,false,Rx,0,8,04,00,00,00,10,00,0C,5F,
72127782,00000110,false,Rx,0,8,62,00,00,00,70,00,2D,99,
72128782,00000130,false,Rx,0,8,F8,FF,FF,FF,60,00,29,93,
72128783,00000100,false,Rx,0,8,71,00,00,00,60,00,22,FA,
72129938,00000120,false,Rx,0,8,04,00,00,00,20,00,18,5F,
72129939,00000110,false,Rx,0,8,62,00,00,00,80,00,69,99,
72130945,00000130,false,Rx,0,8,D9,FF,FF,FF,70,00,22,E2,
72130947,00000100,false,Rx,0,8,71,00,00,00,70,00,2F,3A,
72131937,00000120,false,Rx,0,8,04,00,00,00,30,00,15,9F,
72131939,00000110,false,Rx,0,8,4B,00,00,00,90,00,63,A0,
72132948,00000130,false,Rx,0,8,18,00,00,00,80,00,62,03,
72132950,00000100,false,Rx,0,8,9F,00,00,00,80,00,7C,74,
72133938,00000120,false,Rx,0,8,CB,FF,FF,FF,40,00,35,90,
72133939,00000110,false,Rx,0,8,4B,00,00,00,A0,00,77,A0,
72135091,00000130,false,Rx,0,8,18,00,00,00,90,00,6F,C3,
72135093,00000100,false,Rx,0,8,88,00,00,00,90,00,72,93,
72136091,00000120,false,Rx,0,8,CB,FF,FF,FF,50,00,38,50,
72136092,00000110,false,Rx,0,8,62,00,00,00,B0,00,7D,99,
72137095,00000130,false,Rx,0,8,18,00,00,00,A0,00,7B,C3,
72137096,00000100,false,Rx,0,8,71,00,00,00,A0,00,72,FA,
72138060,00000120,false,Rx,0,8,04,00,00,00,60,00,29,9F,
72138061,00000110,false,Rx,0,8,62,00,00,00,C0,00,58,59,
72139217,00000130,false,Rx,0,8,18,00,00,00,B0,00,76,03,
72139219,00000100,false,Rx,0,8,71,00,00,00,B0,00,7F,3A,
72139219,00000140,false,Rx,0,8,01,00,FF,FF,60,00,29,EE,
72140189,00000120,false,Rx,0,8,04,00,00,00,70,00,24,5F,
72140190,00000110,false,Rx,0,8,62,00,00,00,D0,00,55,99,
72141196,00000130,false,Rx,0,8,18,00,00,00,C0,00,53,C3,
72141197,00000100,false,Rx,0,8,5A,00,00,00,C0,00,5C,E1,
72142195,00000120,false,Rx,0,8,20,00,00,00,80,00,66,BB,
72142196,00000110,false,Rx,0,8,62,00,00,00,E0,00,41,99,
72143211,00000130,false,Rx,0,8,18,00,00,00,D0,00,5E,03,
72143212,00000100,false,Rx,0,8,2C,00,00,00,D0,00,5A,77,
72143213,00000120,false,Rx,0,8,20,00,00,00,90,00,6B,7B,
72144446,00000110,false,Rx,0,8,BE,00,00,00,F0,00,5F,05,
72144447,00000050,false,Rx,0,6,41,5C,FF,FB,5F,FF,00,00,
72144448,00000130,false,Rx,0,8,D8,34,03,00,E3,80,EB,D3,
72145422,00000100,false,Rx,0,8,43,00,00,00,E0,00,47,28,
72145423,00000120,false,Rx,0,8,04,00,00,00,A0,00,79,9F,
72146552,00000110,false,Rx,0,8,BE,00,00,00,00,00,1B,05,
72146553,00000130,false,Rx,0,8,18,00,00,00,F0,00,47,C3,
72147557,00000100,false,Rx,0,8,5A,00,00,00,F0,00,48,E1,
72147558,00000120,false,Rx,0,8,04,00,00,00,B0,00,74,5F,
72148542,00000110,false,Rx,0,8,62,00,00,00,10,00,05,99,
72148543,00000130,false,Rx,0,8,D9,FF,FF,FF,00,00,07,22,
72149670,00000100,false,Rx,0,8,71,00,00,00,00,00,0A,FA,
72149672,00000120,false,Rx,0,8,04,00,00,00,C0,00,51,9F,
72150688,00000110,false,Rx,0,8,62,00,00,00,20,00,11,99,
72150688,00000130,false,Rx,0,8,F8,FF,FF,FF,10,00,0C,53,
72151681,00000100,false,Rx,0,8,88,00,00,00,10,00,13,53,
72151682,00000120,false,Rx,0,8,04,00,00,00,D0,00,5C,5F,
72152677,00000110,false,Rx,0,8,4B,00,00,00,30,00,1B,A0,
72152677,00000130,false,Rx,0,8,18,00,00,00,20,00,1A,03,
72153823,00000100,false,Rx,0,8,9F,00,00,00,20,00,04,74,
72153825,00000120,false,Rx,0,8,CB,FF,FF,FF,E0,00,4D,90,
72154802,00000110,false,Rx,0,8,4B,00,00,00,40,00,3E,60,
72154803,00000130,false,Rx,0,8,18,00,00,00,30,00,17,C3,
72155782,00000100,false,Rx,0,8,88,00,00,00,30,00,0A,93,
72155783,00000120,false,Rx,0,8,CB,FF,FF,FF,F0,00,40,50,
72156790,00000110,false,Rx,0,8,4B,00,00,00,50,00,33,A0,
72156791,00000130,false,Rx,0,8,F8,FF,FF,FF,40,00,30,53,
72157928,00000100,false,Rx,0,8,71,00,00,00,40,00,3B,3A,
72157929,00000120,false,Rx,0,8,04,00,00,00,00,00,01,9F,
72158949,00000110,false,Rx,0,8,4B,00,00,00,60,00,27,A0,
72158950,00000130,false,Rx,0,8,18,00,00,00,50,00,3F,C3,
72159950,00000100,false,Rx,0,8,71,00,00,00,50,00,36,FA,
72159950,00000140,false,Rx,0,8,01,00,FF,FF,70,00,24,2E,
72159951,00000120,false,Rx,0,8,04,00,00,00,10,00,0C,5F,
72160927,00000110,false,Rx,0,8,62,00,00,00,70,00,2D,99,
72160927,00000130,false,Rx,0,8,F8,FF,FF,FF,60,00,29,93,
72161920,00000100,false,Rx,0,8,5A,00,00,00,60,00,24,E1,
72161920,00000120,false,Rx,0,8,3D,00,00,00,20,00,1D,36,
72163073,00000110,false,Rx,0,8,62,00,00,00,80,00,69,99,
72163074,00000130,false,Rx,0,8,F8,FF,FF,FF,70,00,24,53,
72164071,00000100,false,Rx,0,8,43,00,00,00,70,00,2B,28,
72164072,00000120,false,Rx,0,8,3D,00,00,00,30,00,10,F6,
72164073,00000110,false,Rx,0,8,90,00,00,00,90,00,71,4B,
72165166,00000050,false,Rx,0,6,41,5C,FF,FB,5F,FF,00,00,
72165167,00000130,false,Rx,0,8,EB,95,FF,FF,83,80,7B,A9,
72165168,00000100,false,Rx,0,8,5A,00,00,00,80,00,6D,21,
72166815,00000120,false,Rx,0,8,20,00,00,00,40,00,36,BB,
72166815,00000110,false,Rx,0,8,90,00,00,00,A0,00,65,4B,
72167949,00000130,false,Rx,0,8,95,00,00,00,90,00,71,1E,
72167950,00000100,false,Rx,0,8,71,00,00,00,90,00,66,FA,
72168927,00000120,false,Rx,0,8,20,00,00,00,50,00,3B,7B,
72168928,00000110,false,Rx,0,8,79,00,00,00,B0,00,7E,72,
72168928,00000170,false,Rx,0,8,00,00,00,5A,50,81,05,6B,
72169927,00000130,false,Rx,0,8,F8,FF,FF,FF,A0,00,79,93,
72169928,00000100,false,Rx,0,8,71,00,00,00,A0,00,72,FA,
72171072,00000120,false,Rx,0,8,E7,FF,FF,FF,60,00,2B,FC,
72171073,00000110,false,Rx,0,8,79,00,00,00,C0,00,5B,B2,
72172073,00000130,false,Rx,0,8,F8,FF,FF,FF,B0,00,74,53,
72172074,00000100,false,Rx,0,8,9F,00,00,00,B0,00,68,74,
72173051,00000120,false,Rx,0,8,E7,FF,FF,FF,70,00,26,3C,
72173052,00000110,false,Rx,0,8,34,00,00,00,D0,00,59,AF,
72174058,00000130,false,Rx,0,8,37,00,00,00,C0,00,54,5C,
72174058,00000100,false,Rx,0,8,B6,00,00,00,C0,00,4A,4D,
72175043,00000120,false,Rx,0,8,CB,FF,FF,FF,80,00,65,90,
72175043,00000110,false,Rx,0,8,34,00,00,00,E0,00,4D,AF,
72176177,00000130,false,Rx,0,8,D9,FF,FF,FF,D0,00,5A,E2,
72176178,00000100,false,Rx,0,8,71,00,00,00,D0,00,57,3A,
72177197,00000120,false,Rx,0,8,CB,FF,FF,FF,90,00,68,50,
72177198,00000110,false,Rx,0,8,62,00,00,00,F0,00,4C,59,
72178177,00000130,false,Rx,0,8,D9,FF,FF,FF,E0,00,4E,E2,
72178178,00000100,false,Rx,0,8,71,00,00,00,E0,00,43,3A,
72179169,00000120,false,Rx,0,8,04,00,00,00,A0,00,79,9F,
72179170,00000110,false,Rx,0,8,62,00,00,00,00,00,08,59,
72180178,00000130,false,Rx,0,8,37,00,00,00,F0,00,40,5C,
72180179,00000100,false,Rx,0,8,71,00,00,00,F0,00,4E,FA,
72180179,00000140,false,Rx,0,8,01,00,FF,FF,80,00,60,2E,
72181302,00000120,false,Rx,0,8,04,00,00,00,B0,00,74,5F,
72181302,00000110,false,Rx,0,8,79,00,00,00,10,00,06,72,
72182303,00000130,false,Rx,0,8,18,00,00,00,00,00,03,C3,
72182304,00000100,false,Rx,0,8,5A,00,00,00,00,00,0C,E1,
72183311,00000120,false,Rx,0,8,3D,00,00,00,C0,00,54,F6,
72183311,00000110,false,Rx,0,8,79,00,00,00,20,00,12,72,
72184302,00000130,false,Rx,0,8,F8,FF,FF,FF,10,00,0C,53,
72184303,00000100,false,Rx,0,8,2C,00,00,00,10,00,0A,77,
72184303,00000120,false,Rx,0,8,3D,00,00,00,D0,00,59,36,
72185550,00000110,false,Rx,0,8,79,00,00,00,30,00,1F,B2,
72185551,00000050,false,Rx,0,6,41,5C,FF,FB,5F,FF,00,00,
72185552,00000130,false,Rx,0,8,4C,BA,F5,FF,23,80,CC,A0,
72186543,00000100,false,Rx,0,8,71,00,00,00,20,00,13,3A,
72186543,00000120,false,Rx,0,8,04,00,00,00,E0,00,48,5F,
72187688,00000110,false,Rx,0,8,79,00,00,00,40,00,3A,72,
72187689,00000130,false,Rx,0,8,B5,00,00,00,30,00,0E,7E,
72188688,00000100,false,Rx,0,8,71,00,00,00,30,00,1E,FA,
72188689,00000120,false,Rx,0,8,04,00,00,00,F0,00,45,9F,
72189687,00000110,false,Rx,0,8,62,00,00,00,50,00,34,59,
72189687,00000130,false,Rx,0,8,F8,FF,FF,FF,40,00,30,53,
72190824,00000100,false,Rx,0,8,71,00,00,00,40,00,3B,3A,
72190825,00000120,false,Rx,0,8,CB,FF,FF,FF,00,00,04,50,
72191820,00000110,false,Rx,0,8,62,00,00,00,60,00,20,59,
72191820,00000130,false,Rx,0,8,F8,FF,FF,FF,50,00,3D,93,
72192808,00000100,false,Rx,0,8,88,00,00,00,50,00,22,93,
72192809,00000120,false,Rx,0,8,CB,FF,FF,FF,10,00,09,90,
72193791,00000110,false,Rx,0,8,1D,00,00,00,70,00,26,56,
72193792,00000130,false,Rx,0,8,F8,FF,FF,FF,60,00,29,93,
72194949,00000100,false,Rx,0,8,9F,00,00,00,60,00,35,B4,
72194950,00000120,false,Rx,0,8,E7,FF,FF,FF,20,00,1A,3C,
72195928,00000110,false,Rx,0,8,1D,00,00,00,80,00,62,56,
72195929,00000130,false,Rx,0,8,D9,FF,FF,FF,70,00,22,E2,
72196929,00000100,false,Rx,0,8,88,00,00,00,70,00,3B,53,
72196930,00000120,false,Rx,0,8,E7,FF,FF,FF,30,00,17,FC,
72197925,00000110,false,Rx,0,8,62,00,00,00,90,00,64,59,
72197926,00000130,false,Rx,0,8,D9,FF,FF,FF,80,00,66,E2,
72199075,00000100,false,Rx,0,8,71,00,00,00,80,00,6B,3A,
72199075,00000120,false,Rx,0,8,04,00,00,00,40,00,30,5F,
72200082,00000110,false,Rx,0,8,62,00,00,00,A0,00,70,59,
72200082,00000130,false,Rx,0,8,D9,FF,FF,FF,90,00,6B,22,
72201033,00000100,false,Rx,0,8,71,00,00,00,90,00,66,FA,
72201033,00000140,false,Rx,0,8,01,00,FF,FF,90,00,6D,EE,
72201034,00000120,false,Rx,0,8,04,00,00,00,50,00,3D,9F,
72202042,00000110,false,Rx,0,8,79,00,00,00,B0,00,7E,72,
72202043,00000130,false,Rx,0,8,18,00,00,00,A0,00,7B,C3,
72203158,00000100,false,Rx,0,8,43,00,00,00,A0,00,76,E8,
72203159,00000120,false,Rx,0,8,20,00,00,00,60,00,2F,7B,
72204195,00000110,false,Rx,0,8,79,00,00,00,C0,00,5B,B2,
72204196,00000130,false,Rx,0,8,37,00,00,00,B0,00,71,9C,
72204197,00000100,false,Rx,0,8,5A,00,00,00,B0,00,79,21,
72205927,00000120,false,Rx,0,8,20,00,00,00,70,00,22,BB,
72205928,00000110,false,Rx,0,8,A7,00,00,00,D0,00,44,CC,
72205928,00000050,false,Rx,0,6,41,5C,FF,FB,5F,FF,00,00,
72206928,00000130,false,Rx,0,8,4D,21,00,00,C3,80,E2,91,
72206928,00000100,false,Rx,0,8,5A,00,00,00,C0,00,5C,E1,
72207917,00000120,false,Rx,0,8,04,00,00,00,80,00,60,5F,
72207918,00000110,false,Rx,0,8,A7,00,00,00,E0,00,50,CC,
72209073,00000130,false,Rx,0,8,D9,FF,FF,FF,D0,00,5A,E2,
72209074,00000100,false,Rx,0,8,5A,00,00,00,D0,00,51,21,
72210052,00000120,false,Rx,0,8,04,00,00,00,90,00,6D,9F,
72210053,00000110,false,Rx,0,8,62,00,00,00,F0,00,4C,59,
72211044,00000130,false,Rx,0,8,18,00,00,00,E0,00,4A,03,
72211045,00000100,false,Rx,0,8,88,00,00,00,E0,00,57,53,
72212205,00000120,false,Rx,0,8,CB,FF,FF,FF,A0,00,7C,50,
72212205,00000110,false,Rx,0,8,62,00,00,00,00,00,08,59,
72213168,00000130,false,Rx,0,8,F8,FF,FF,FF,F0,00,45,93,
72213169,00000100,false,Rx,0,8,9F,00,00,00,F0,00,59,B4,
72214197,00000120,false,Rx,0,8,CB,FF,FF,FF,B0,00,71,90,
72214198,00000110,false,Rx,0,8,34,00,00,00,10,00,09,AF,
72215176,00000130,false,Rx,0,8,D9,FF,FF,FF,00,00,07,22,
72215177,00000100,false,Rx,0,8,88,00,00,00,00,00,1E,93,
72216176,00000120,false,Rx,0,8,04,00,00,00,C0,00,51,9F,
72216177,00000110,false,Rx,0,8,34,00,00,00,20,00,1D,AF,
72217300,00000130,false,Rx,0,8,18,00,00,00,10,00,0E,03,
72217301,00000100,false,Rx,0,8,71,00,00,00,10,00,07,3A,
72218281,00000120,false,Rx,0,8,04,00,00,00,D0,00,5C,5F,
72218282,00000110,false,Rx,0,8,4B,00,00,00,30,00,1B,A0,
72219300,00000130,false,Rx,0,8,18,00,00,00,20,00,1A,03,
72219301,00000100,false,Rx,0,8,71,00,00,00,20,00,13,3A,
72220325,00000120,false,Rx,0,8,04,00,00,00,E0,00,48,5F,
72220326,00000110,false,Rx,0,8,4B,00,00,00,40,00,3E,60,
72221448,00000130,false,Rx,0,8,D9,FF,FF,FF,30,00,13,22,
72221449,00000100,false,Rx,0,8,5A,00,00,00,30,00,18,E1,
72221449,00000140,false,Rx,0,8,01,00,FF,FF,A0,00,79,EE,
72222407,00000120,false,Rx,0,8,04,00,00,00,F0,00,45,9F,
72222408,00000110,false,Rx,0,8,90,00,00,00,50,00,21,4B,
72223418,00000130,false,Rx,0,8,37,00,00,00,40,00,35,9C,
72223419,00000100,false,Rx,0,8,2C,00,00,00,40,00,36,77,
72224420,00000120,false,Rx,0,8,20,00,00,00,00,00,07,7B,
72224421,00000110,false,Rx,0,8,90,00,00,00,60,00,35,4B,
72225545,00000130,false,Rx,0,8,18,00,00,00,50,00,3F,C3,
72225546,00000100,false,Rx,0,8,43,00,00,00,50,00,32,E8,
72225546,00000120,false,Rx,0,8,20,00,00,00,10,00,0A,BB,
72226656,00000110,false,Rx,0,8,A7,00,00,00,70,00,3C,CC,
72226656,00000050,false,Rx,0,6,41,5C,FF,FB,5F,FF,00,00,
72226657,00000130,false,Rx,0,8,B8,34,03,00,63,80,83,B3,
72227781,00000100,false,Rx,0,8,5A,00,00,00,60,00,24,E1,
72227781,00000120,false,Rx,0,8,04,00,00,00,20,00,18,5F,
72228793,00000110,false,Rx,0,8,A7,00,00,00,80,00,78,CC,
72228794,00000130,false,Rx,0,8,D9,FF,FF,FF,70,00,22,E2,
72229796,00000100,false,Rx,0,8,71,00,00,00,70,00,2F,3A,
72229796,00000120,false,Rx,0,8,04,00,00,00,30,00,15,9F,
72230907,00000110,false,Rx,0,8,62,00,00,00,90,00,64,59,
72230908,00000130,false,Rx,0,8,D9,FF,FF,FF,80,00,66,E2,
72231906,00000100,false,Rx,0,8,71,00,00,00,80,00,6B,3A,
72231907,00000120,false,Rx,0,8,CB,FF,FF,FF,40,00,35,90,
72232921,00000110,false,Rx,0,8,62,00,00,00,A0,00,70,59,
72232922,00000130,false,Rx,0,8,D9,FF,FF,FF,90,00,6B,22,
72233919,00000100,false,Rx,0,8,9F,00,00,00,90,00,71,B4,
72233920,00000120,false,Rx,0,8,CB,FF,FF,FF,50,00,38,50,
72234919,00000110,false,Rx,0,8,34,00,00,00,B0,00,71,AF,
72234920,00000130,false,Rx,0,8,18,00,00,00,A0,00,7B,C3,
72236045,00000100,false,Rx,0,8,88,00,00,00,A0,00,66,93,
72236046,00000120,false,Rx,0,8,E7,FF,FF,FF,60,00,2B,FC,
72237043,00000110,false,Rx,0,8,34,00,00,00,C0,00,54,6F,
72237044,00000130,false,Rx,0,8,18,00,00,00,B0,00,76,03,
72238044,00000100,false,Rx,0,8,71,00,00,00,B0,00,7F,3A,
72238044,00000120,false,Rx,0,8,E7,FF,FF,FF,70,00,26,3C,
72239044,00000110,false,Rx,0,8,62,00,00,00,D0,00,55,99,
72239045,00000130,false,Rx,0,8,18,00,00,00,C0,00,53,C3,
72240169,00000100,false,Rx,0,8,71,00,00,00,C0,00,5A,FA,
72240170,00000120,false,Rx,0,8,20,00,00,00,80,00,66,BB,
72241169,00000110,false,Rx,0,8,62,00,00,00,E0,00,41,99,
72241170,00000130,false,Rx,0,8,18,00,00,00,D0,00,5E,03,
72242169,00000100,false,Rx,0,8,5A,00,00,00,D0,00,51,21,
72242170,00000140,false,Rx,0,8,01,00,FF,FF,B0,00,74,2E,
72242170,00000120,false,Rx,0,8,20,00,00,00,90,00,6B,7B,
72243169,00000110,false,Rx,0,8,A7,00,00,00,F0,00,5D,0C,
72243170,00000130,false,Rx,0,8,18,00,00,00,E0,00,4A,03,
72244169,00000100,false,Rx,0,8,2C,00,00,00,E0,00,4E,77,
72244170,00000120,false,Rx,0,8,20,00,00,00,A0,00,7F,7B,
72245295,00000110,false,Rx,0,8,A7,00,00,00,00,00,19,0C,
72245296,00000130,false,Rx,0,8,D9,FF,FF,FF,F0,00,43,22,
72246296,00000100,false,Rx,0,8,5A,00,00,00,F0,00,48,E1,
72246297,00000120,false,Rx,0,8,20,00,00,00,B0,00,72,BB,
72246297,00000110,false,Rx,0,8,62,00,00,00,10,00,05,99,
72247418,00000050,false,Rx,0,6,41,5C,FF,FB,5F,FF,00,00,
72247419,00000130,false,Rx,0,8,EB,95,FF,FF,03,80,1A,69,
72247419,00000100,false,Rx,0,8,71,00,00,00,00,00,0A,FA,
72249046,00000120,false,Rx,0,8,20,00,00,00,C0,00,57,7B,
72249047,00000110,false,Rx,0,8,62,00,00,00,20,00,11,99,
72250170,00000130,false,Rx,0,8,95,00,00,00,10,00,10,DE,
72250171,00000100,false,Rx,0,8,71,00,00,00,10,00,07,3A,
72251170,00000120,false,Rx,0,8,20,00,00,00,D0,00,5A,BB,
72251171,00000110,false,Rx,0,8,4B,00,00,00,30,00,1B,A0,
72252171,00000130,false,Rx,0,8,D9,FF,FF,FF,20,00,1E,E2,
72252171,00000100,false,Rx,0,8,88,00,00,00,20,00,07,53,
72253294,00000120,false,Rx,0,8,AE,FF,FF,FF,E0,00,44,65,
72253295,00000110,false,Rx,0,8,4B,00,00,00,40,00,3E,60,
72254295,00000130,false,Rx,0,8,F8,FF,FF,FF,30,00,15,93,
72254295,00000100,false,Rx,0,8,9F,00,00,00,30,00,09,B4,
72255295,00000120,false,Rx,0,8,AE,FF,FF,FF,F0,00,49,A5,
72255296,00000110,false,Rx,0,8,4B,00,00,00,50,00,33,A0,
72256294,00000130,false,Rx,0,8,D9,FF,FF,FF,40,00,36,E2,
72256295,00000100,false,Rx,0,8,71,00,00,00,40,00,3B,3A,
72257420,00000120,false,Rx,0,8,E7,FF,FF,FF,00,00,03,FC,
72257421,00000110,false,Rx,0,8,4B,00,00,00,60,00,27,A0,
72258420,00000130,false,Rx,0,8,F8,FF,FF,FF,50,00,3D,93,
72258421,00000100,false,Rx,0,8,71,00,00,00,50,00,36,FA,
72259418,00000120,false,Rx,0,8,E7,FF,FF,FF,10,00,0E,3C,
72259419,00000110,false,Rx,0,8,62,00,00,00,70,00,2D,99,
72260419,00000130,false,Rx,0,8,F8,FF,FF,FF,60,00,29,93,
72260419,00000100,false,Rx,0,8,5A,00,00,00,60,00,24,E1,
72261419,00000120,false,Rx,0,8,20,00,00,00,20,00,1E,BB,
72261420,00000110,false,Rx,0,8,62,00,00,00,80,00,69,99,
72262543,00000130,false,Rx,0,8,37,00,00,00,70,00,21,9C,
72262544,00000100,false,Rx,0,8,5A,00,00,00,70,00,29,21,
72262544,00000140,false,Rx,0,8,01,00,FF,FF,C0,00,51,EE,
72263544,00000120,false,Rx,0,8,20,00,00,00,30,00,13,7B,
72263545,00000110,false,Rx,0,8,90,00,00,00,90,00,71,4B,
72264543,00000130,false,Rx,0,8,D9,FF,FF,FF,80,00,66,E2,
72264544,00000100,false,Rx,0,8,43,00,00,00,80,00,6F,28,
72265530,00000120,false,Rx,0,8,04,00,00,00,40,00,30,5F,
72265531,00000110,false,Rx,0,8,90,00,00,00,A0,00,65,4B,
72266670,00000130,false,Rx,0,8,37,00,00,00,90,00,68,5C,
72266671,00000100,false,Rx,0,8,5A,00,00,00,90,00,60,E1,
72266671,00000120,false,Rx,0,8,04,00,00,00,50,00,3D,9F,
72267796,00000110,false,Rx,0,8,62,00,00,00,B0,00,7D,99,
72267797,00000050,false,Rx,0,6,41,5C,FF,FB,5F,FF,00,00,
72267798,00000130,false,Rx,0,8,4C,BA,F5,FF,A3,80,AD,60,
72268922,00000100,false,Rx,0,8,5A,00,00,00,A0,00,74,E1,
72268922,00000120,false,Rx,0,8,E7,FF,FF,FF,60,00,2B,FC,
72269917,00000110,false,Rx,0,8,62,00,00,00,C0,00,58,59,
72269917,00000130,false,Rx,0,8,76,00,00,00,B0,00,7E,8D,
72270918,00000100,false,Rx,0,8,71,00,00,00,B0,00,7F,3A,
72270919,00000120,false,Rx,0,8,E7,FF,FF,FF,70,00,26,3C,
72271910,00000110,false,Rx,0,8,4B,00,00,00,D0,00,52,60,
72271910,00000170,false,Rx,0,8,00,00,00,5B,50,81,05,F6,
72271911,00000130,false,Rx,0,8,18,00,00,00,C0,00,53,C3,
72273034,00000100,false,Rx,0,8,9F,00,00,00,C0,00,4D,B4,
72273035,00000120,false,Rx,0,8,AE,FF,FF,FF,80,00,6C,65,
72274044,00000110,false,Rx,0,8,4B,00,00,00,E0,00,46,60,
72274045,00000130,false,Rx,0,8,F8,FF,FF,FF,D0,00,5C,53,
72275033,00000100,false,Rx,0,8,9F,00,00,00,D0,00,40,74,
72275034,00000120,false,Rx,0,8,AE,FF,FF,FF,90,00,61,A5,
72276171,00000110,false,Rx,0,8,4B,00,00,00,F0,00,4B,A0,
72276172,00000130,false,Rx,0,8,F8,FF,FF,FF,E0,00,48,53,
72277168,00000100,false,Rx,0,8,71,00,00,00,E0,00,43,3A,
72277169,00000120,false,Rx,0,8,E7,FF,FF,FF,A0,00,7B,FC,
72278166,00000110,false,Rx,0,8,4B,00,00,00,00,00,0F,A0,
72278166,00000130,false,Rx,0,8,F8,FF,FF,FF,F0,00,45,93,
72279167,00000100,false,Rx,0,8,71,00,00,00,F0,00,4E,FA,
72279168,00000120,false,Rx,0,8,E7,FF,FF,FF,B0,00,76,3C,
72280166,00000110,false,Rx,0,8,62,00,00,00,10,00,05,99,
72280167,00000130,false,Rx,0,8,D9,FF,FF,FF,00,00,07,22,
72281292,00000100,false,Rx,0,8,71,00,00,00,00,00,0A,FA,
72281292,00000120,false,Rx,0,8,E7,FF,FF,FF,C0,00,53,FC,
72282290,00000110,false,Rx,0,8,62,00,00,00,20,00,11,99,
72282292,00000130,false,Rx,0,8,F8,FF,FF,FF,10,00,0C,53,
72283291,00000100,false,Rx,0,8,43,00,00,00,10,00,03,28,
72283292,00000140,false,Rx,0,8,01,00,FF,FF,D0,00,5C,2E,
72283292,00000120,false,Rx,0,8,E7,FF,FF,FF,D0,00,5E,3C,
72284294,00000110,false,Rx,0,8,A7,00,00,00,30,00,0D,0C,
72284294,00000130,false,Rx,0,8,F8,FF,FF,FF,20,00,18,53,
72285290,00000100,false,Rx,0,8,5A,00,00,00,20,00,15,21,
72285290,00000120,false,Rx,0,8,04,00,00,00,E0,00,48,5F,
72286417,00000110,false,Rx,0,8,A7,00,00,00,40,00,28,CC,
72286418,00000130,false,Rx,0,8,37,00,00,00,30,00,10,5C,
72287418,00000100,false,Rx,0,8,71,00,00,00,30,00,1E,FA,
72287419,00000120,false,Rx,0,8,04,00,00,00,F0,00,45,9F,
72287419,00000110,false,Rx,0,8,90,00,00,00,50,00,21,4B,
72288540,00000050,false,Rx,0,6,41,5C,FF,FB,5F,FF,00,00,
72288540,00000130,false,Rx,0,8,6C,21,00,00,43,80,85,E0,
72288541,00000100,false,Rx,0,8,71,00,00,00,40,00,3B,3A,
72290266,00000120,false,Rx,0,8,04,00,00,00,00,00,01,9F,
72290267,00000110,false,Rx,0,8,90,00,00,00,60,00,35,4B,
72291294,00000130,false,Rx,0,8,D9,FF,FF,FF,50,00,3B,22,
72291295,00000100,false,Rx,0,8,71,00,00,00,50,00,36,FA,
72292291,00000120,false,Rx,0,8,04,00,00,00,10,00,0C,5F,
72292291,00000110,false,Rx,0,8,4B,00,00,00,70,00,2A,60,
72293293,00000130,false,Rx,0,8,18,00,00,00,60,00,2B,C3,
72293293,00000100,false,Rx,0,8,9F,00,00,00,60,00,35,B4,
72294417,00000120,false,Rx,0,8,CB,FF,FF,FF,20,00,1D,90,
72294418,00000110,false,Rx,0,8,4B,00,00,00,80,00,6E,60,
72295417,00000130,false,Rx,0,8,18,00,00,00,70,00,26,03,
72295418,00000100,false,Rx,0,8,71,00,00,00,70,00,2F,3A,
72296416,00000120,false,Rx,0,8,CB,FF,FF,FF,30,00,10,50,
72296417,00000110,false,Rx,0,8,4B,00,00,00,90,00,63,A0,
72297413,00000130,false,Rx,0,8,F8,FF,FF,FF,80,00,60,53,
72297414,00000100,false,Rx,0,8,71,00,00,00,80,00,6B,3A,
72298540,00000120,false,Rx,0,8,04,00,00,00,40,00,30,5F,
72298541,00000110,false,Rx,0,8,4B,00,00,00,A0,00,77,A0,
72299540,00000130,false,Rx,0,8,18,00,00,00,90,00,6F,C3,
72299541,00000100,false,Rx,0,8,71,00,00,00,90,00,66,FA,
72300541,00000120,false,Rx,0,8,04,00,00,00,50,00,3D,9F,
72300541,00000110,false,Rx,0,8,62,00,00,00,B0,00,7D,99,
72301541,00000130,false,Rx,0,8,18,00,00,00,A0,00,7B,C3,
72301541,00000100,false,Rx,0,8,5A,00,00,00,A0,00,74,E1,
72302539,00000120,false,Rx,0,8,20,00,00,00,60,00,2F,7B,
72302540,00000110,false,Rx,0,8,62,00,00,00,C0,00,58,59,
72303667,00000130,false,Rx,0,8,F8,FF,FF,FF,B0,00,74,53,
72303668,00000100,false,Rx,0,8,2C,00,00,00,B0,00,72,77,
72303668,00000140,false,Rx,0,8,01,00,FF,FF,E0,00,48,2E,
72304675,00000120,false,Rx,0,8,20,00,00,00,70,00,22,BB,
72304675,00000110,false,Rx,0,8,90,00,00,00,D0,00,40,8B,
72305656,00000130,false,Rx,0,8,18,00,00,00,C0,00,53,C3,
72305657,00000100,false,Rx,0,8,5A,00,00,00,C0,00,5C,E1,
72306670,00000120,false,Rx,0,8,04,00,00,00,80,00,60,5F,
72306671,00000110,false,Rx,0,8,90,00,00,00,E0,00,54,8B,
72307672,00000130,false,Rx,0,8,D9,FF,FF,FF,D0,00,5A,E2,
72307673,00000100,false,Rx,0,8,5A,00,00,00,D0,00,51,21,
72307674,00000120,false,Rx,0,8,04,00,00,00,90,00,6D,9F,
72308918,00000110,false,Rx,0,8,90,00,00,00,F0,00,59,4B,
72308919,00000050,false,Rx,0,6,41,5C,FF,FB,5F,FF,00,00,
72308921,00000130,false,Rx,0,8,79,34,03,00,E3,80,F2,A2,
72309918,00000100,false,Rx,0,8,71,00,00,00,E0,00,43,3A,
72309919,00000120,false,Rx,0,8,E7,FF,FF,FF,A0,00,7B,FC,
72311031,00000110,false,Rx,0,8,90,00,00,00,00,00,1D,4B,
72311032,00000130,false,Rx,0,8,D9,FF,FF,FF,F0,00,43,22,
72312057,00000100,false,Rx,0,8,88,00,00,00,F0,00,5A,93,
72312058,00000120,false,Rx,0,8,E7,FF,FF,FF,B0,00,76,3C,
72313156,00000110,false,Rx,0,8,34,00,00,00,10,00,09,AF,
72313157,00000130,false,Rx,0,8,F8,FF,FF,FF,00,00,01,93,
72314158,00000100,false,Rx,0,8,B6,00,00,00,00,00,1A,4D,
72314159,00000120,false,Rx,0,8,E7,FF,FF,FF,C0,00,53,FC,
72315175,00000110,false,Rx,0,8,34,00,00,00,20,00,1D,AF,
72315175,00000130,false,Rx,0,8,18,00,00,00,10,00,0E,03,
72316167,00000100,false,Rx,0,8,88,00,00,00,10,00,13,53,
72316168,00000120,false,Rx,0,8,E7,FF,FF,FF,D0,00,5E,3C,
72317170,00000110,false,Rx,0,8,62,00,00,00,30,00,1C,59,
72317171,00000130,false,Rx,0,8,F8,FF,FF,FF,20,00,18,53,
72318299,00000100,false,Rx,0,8,71,00,00,00,20,00,13,3A,
72318299,00000120,false,Rx,0,8,04,00,00,00,E0,00,48,5F,
72319292,00000110,false,Rx,0,8,62,00,00,00,40,00,39,99,
72319293,00000130,false,Rx,0,8,F8,FF,FF,FF,30,00,15,93,
72320292,00000100,false,Rx,0,8,71,00,00,00,30,00,1E,FA,
72320293,00000120,false,Rx,0,8,04,00,00,00,F0,00,45,9F,
72321293,00000110,false,Rx,0,8,79,00,00,00,50,00,37,B2,
72321294,00000130,false,Rx,0,8,D9,FF,FF,FF,40,00,36,E2,
72322418,00000100,false,Rx,0,8,5A,00,00,00,40,00,3D,21,
72322419,00000120,false,Rx,0,8,59,00,00,00,00,00,0C,D2,
72323417,00000110,false,Rx,0,8,79,00,00,00,60,00,23,B2,
72323418,00000130,false,Rx,0,8,18,00,00,00,50,00,3F,C3,
72324421,00000100,false,Rx,0,8,43,00,00,00,50,00,32,E8,
72324421,00000140,false,Rx,0,8,01,00,FF,FF,F0,00,45,EE,
72324422,00000120,false,Rx,0,8,59,00,00,00,10,00,01,12,
72325437,00000110,false,Rx,0,8,79,00,00,00,70,00,2E,72,
72325438,00000130,false,Rx,0,8,F8,FF,FF,FF,60,00,29,93,
72326542,00000100,false,Rx,0,8,5A,00,00,00,60,00,24,E1,
72326543,00000120,false,Rx,0,8,04,00,00,00,20,00,18,5F,
72327540,00000110,false,Rx,0,8,79,00,00,00,80,00,6A,72,
72327541,00000130,false,Rx,0,8,F8,FF,FF,FF,70,00,24,53,
72328546,00000100,false,Rx,0,8,5A,00,00,00,70,00,29,21,
72328547,00000120,false,Rx,0,8,04,00,00,00,30,00,15,9F,
72328548,00000110,false,Rx,0,8,62,00,00,00,90,00,64,59,
72329821,00000050,false,Rx,0,6,41,5C,FF,FB,5F,FF,00,00,
72329822,00000130,false,Rx,0,8,EB,95,FF,FF,83,80,7B,A9,
72329822,00000100,false,Rx,0,8,71,00,00,00,80,00,6B,3A,
72331298,00000120,false,Rx,0,8,E7,FF,FF,FF,40,00,32,3C,
72331299,00000110,false,Rx,0,8,62,00,00,00,A0,00,70,59,
72332445,00000130,false,Rx,0,8,95,00,00,00,90,00,71,1E,
72332446,00000100,false,Rx,0,8,88,00,00,00,90,00,72,93,
72333422,00000120,false,Rx,0,8,E7,FF,FF,FF,50,00,3F,FC,
72333423,00000110,false,Rx,0,8,1D,00,00,00,B0,00,76,56,
72334594,00000130,false,Rx,0,8,F8,FF,FF,FF,A0,00,79,93,
72334595,00000100,false,Rx,0,8,9F,00,00,00,A0,00,65,B4,
72335557,00000120,false,Rx,0,8,CB,FF,FF,FF,60,00,2C,50,
72335558,00000110,false,Rx,0,8,1D,00,00,00,C0,00,53,96,
72336566,00000130,false,Rx,0,8,18,00,00,00,B0,00,76,03,
72336567,00000100,false,Rx,0,8,88,00,00,00,B0,00,6B,53,
72337566,00000120,false,Rx,0,8,CB,FF,FF,FF,70,00,21,90,
72337568,00000110,false,Rx,0,8,4B,00,00,00,D0,00,52,60,
72338581,00000130,false,Rx,0,8,F8,FF,FF,FF,C0,00,51,93,
72338583,00000100,false,Rx,0,8,71,00,00,00,C0,00,5A,FA,
72339686,00000120,false,Rx,0,8,04,00,00,00,80,00,60,5F,
72339687,00000110,false,Rx,0,8,4B,00,00,00,E0,00,46,60,
72340665,00000130,false,Rx,0,8,F8,FF,FF,FF,D0,00,5C,53,
72340666,00000100,false,Rx,0,8,5A,00,00,00,D0,00,51,21,
72341697,00000120,false,Rx,0,8,04,00,00,00,90,00,6D,9F,
72341698,00000110,false,Rx,0,8,62,00,00,00,F0,00,4C,59,
72342706,00000130,false,Rx,0,8,B9,FF,FF,FF,E0,00,47,42,
72342707,00000100,false,Rx,0,8,43,00,00,00,E0,00,47,28,
72343838,00000120,false,Rx,0,8,3D,00,00,00,A0,00,7C,F6,
72343839,00000110,false,Rx,0,8,62,00,00,00,00,00,08,59,
72344839,00000130,false,Rx,0,8,18,00,00,00,F0,00,47,C3,
72344841,00000100,false,Rx,0,8,5A,00,00,00,F0,00,48,E1,
72344841,00000140,false,Rx,0,8,01,00,FF,FF,00,00,01,EE,
72345840,00000120,false,Rx,0,8,3D,00,00,00,B0,00,71,36,
72345841,00000110,false,Rx,0,8,79,00,00,00,10,00,06,72,
72346817,00000130,false,Rx,0,8,18,00,00,00,00,00,03,C3,
72346818,00000100,false,Rx,0,8,71,00,00,00,00,00,0A,FA,
72347837,00000120,false,Rx,0,8,04,00,00,00,C0,00,51,9F,
72347839,00000110,false,Rx,0,8,79,00,00,00,20,00,12,72,
72348964,00000130,false,Rx,0,8,18,00,00,00,10,00,0E,03,
72348965,00000100,false,Rx,0,8,5A,00,00,00,10,00,01,21,
72348966,00000120,false,Rx,0,8,04,00,00,00,D0,00,5C,5F,
72350058,00000110,false,Rx,0,8,62,00,00,00,30,00,1C,59,
72350059,00000050,false,Rx,0,6,41,5C,FF,FB,5F,FF,00,00,
72350061,00000130,false,Rx,0,8,6B,BA,F5,FF,23,80,CA,77,
72351212,00000100,false,Rx,0,8,71,00,00,00,20,00,13,3A,
72351213,00000120,false,Rx,0,8,E7,FF,FF,FF,E0,00,4A,3C,
72352216,00000110,false,Rx,0,8,62,00,00,00,40,00,39,99,
72352217,00000210,false,Rx,0,8,75,69,00,05,06,5F,01,03,
72352217,00000130,false,Rx,0,8,95,00,00,00,30,00,09,1E,
72353180,00000100,false,Rx,0,8,9F,00,00,00,30,00,09,B4,
72353181,00000120,false,Rx,0,8,E7,FF,FF,FF,F0,00,47,FC,
72354339,00000110,false,Rx,0,8,1D,00,00,00,50,00,3F,96,
72354340,00000130,false,Rx,0,8,18,00,00,00,40,00,32,03,
72355338,00000100,false,Rx,0,8,88,00,00,00,40,00,2F,53,
72355339,00000120,false,Rx,0,8,E7,FF,FF,FF,00,00,03,FC,
72356314,00000110,false,Rx,0,8,1D,00,00,00,60,00,2B,96,
72356315,00000130,false,Rx,0,8,F8,FF,FF,FF,50,00,3D,93,
72357307,00000100,false,Rx,0,8,88,00,00,00,50,00,22,93,
72357308,00000120,false,Rx,0,8,E7,FF,FF,FF,10,00,0E,3C,
72358464,00000110,false,Rx,0,8,62,00,00,00,70,00,2D,99,
72358466,00000130,false,Rx,0,8,F8,FF,FF,FF,60,00,29,93,
72359467,00000100,false,Rx,0,8,71,00,00,00,60,00,22,FA,
72359469,00000120,false,Rx,0,8,04,00,00,00,20,00,18,5F,
72360432,00000110,false,Rx,0,8,62,00,00,00,80,00,69,99,
72360434,00000130,false,Rx,0,8,D9,FF,FF,FF,70,00,22,E2,
72361443,00000100,false,Rx,0,8,5A,00,00,00,70,00,29,21,
72361445,00000120,false,Rx,0,8,04,00,00,00,30,00,15,9F,
72362560,00000110,false,Rx,0,8,90,00,00,00,90,00,71,4B,
72362561,00000130,false,Rx,0,8,18,00,00,00,80,00,62,03,
72363567,00000100,false,Rx,0,8,43,00,00,00,80,00,6F,28,
72363568,00000120,false,Rx,0,8,20,00,00,00,40,00,36,BB,
72364567,00000110,false,Rx,0,8,90,00,00,00,A0,00,65,4B,
72364568,00000130,false,Rx,0,8,F8,FF,FF,FF,90,00,6D,93,
72365565,00000100,false,Rx,0,8,43,00,00,00,90,00,62,E8,
72365566,00000140,false,Rx,0,8,01,00,FF,FF,10,00,0C,2E,
72365566,00000120,false,Rx,0,8,20,00,00,00,50,00,3B,7B,
72366558,00000110,false,Rx,0,8,79,00,00,00,B0,00,7E,72,
72366559,00000130,false,Rx,0,8,18,00,00,00,A0,00,7B,C3,
72367684,00000100,false,Rx,0,8,5A,00,00,00,A0,00,74,E1,
72367686,00000120,false,Rx,0,8,20,00,00,00,60,00,2F,7B,
72368689,00000110,false,Rx,0,8,79,00,00,00,C0,00,5B,B2,
72368690,00000130,false,Rx,0,8,18,00,00,00,B0,00,76,03,
72369689,00000100,false,Rx,0,8,71,00,00,00,B0,00,7F,3A,
72369691,00000120,false,Rx,0,8,20,00,00,00,70,00,22,BB,
72369691,00000110,false,Rx,0,8,79,00,00,00,D0,00,56,72,
72370964,00000050,false,Rx,0,6,41,5C,FF,FB,5F,FF,00,00,
72370965,00000130,false,Rx,0,8,6C,21,00,00,C3,80,E4,20,
72370966,00000100,false,Rx,0,8,71,00,00,00,C0,00,5A,FA,
72372433,00000120,false,Rx,0,8,E7,FF,FF,FF,80,00,62,3C,
72372435,00000110,false,Rx,0,8,79,00,00,00,E0,00,42,72,
72373557,00000130,false,Rx,0,8,F8,FF,FF,FF,D0,00,5C,53,
72373559,00000100,false,Rx,0,8,9F,00,00,00,D0,00,40,74,
72374585,00000120,false,Rx,0,8,E7,FF,FF,FF,90,00,6F,FC,
72374586,00000110,false,Rx,0,8,34,00,00,00,F0,00,40,6F,
72374586,00000170,false,Rx,0,8,00,00,00,5C,50,81,05,02,
72375556,00000130,false,Rx,0,8,F8,FF,FF,FF,E0,00,48,53,
72375557,00000100,false,Rx,0,8,88,00,00,00,E0,00,57,53,
72376717,00000120,false,Rx,0,8,E7,FF,FF,FF,A0,00,7B,FC,
72376718,00000110,false,Rx,0,8,34,00,00,00,00,00,04,6F,
72377685,00000130,false,Rx,0,8,F8,FF,FF,FF,F0,00,45,93,
72377686,00000100,false,Rx,0,8,71,00,00,00,F0,00,4E,FA,
72378693,00000120,false,Rx,0,8,E7,FF,FF,FF,B0,00,76,3C,
72378694,00000110,false,Rx,0,8,62,00,00,00,10,00,05,99,
72379681,00000130,false,Rx,0,8,F8,FF,FF,FF,00,00,01,93,
72379682,00000100,false,Rx,0,8,71,00,00,00,00,00,0A,FA,
72380843,00000120,false,Rx,0,8,04,00,00,00,C0,00,51,9F,
72380844,00000110,false,Rx,0,8,62,00,00,00,20,00,11,99,
72381850,00000130,false,Rx,0,8,18,00,00,00,10,00,0E,03,
72381851,00000100,false,Rx,0,8,5A,00,00,00,10,00,01,21,
72382816,00000120,false,Rx,0,8,04,00,00,00,D0,00,5C,5F,
72382818,00000110,false,Rx,0,8,90,00,00,00,30,00,09,4B,
72383828,00000130,false,Rx,0,8,F8,FF,FF,FF,20,00,18,53,
72383830,00000100,false,Rx,0,8,2C,00,00,00,20,00,1E,77,
72384806,00000120,false,Rx,0,8,20,00,00,00,E0,00,4E,BB,
72384808,00000110,false,Rx,0,8,90,00,00,00,40,00,2C,8B,
72385965,00000130,false,Rx,0,8,37,00,00,00,30,00,10,5C,
72385967,00000100,false,Rx,0,8,5A,00,00,00,30,00,18,E1,
72385967,00000140,false,Rx,0,8,01,00,FF,FF,20,00,18,2E,
72386939,00000120,false,Rx,0,8,20,00,00,00,F0,00,43,7B,
72386940,00000110,false,Rx,0,8,62,00,00,00,50,00,34,59,
72387941,00000130,false,Rx,0,8,18,00,00,00,40,00,32,03,
72387942,00000100,false,Rx,0,8,5A,00,00,00,40,00,3D,21,
72388940,00000120,false,Rx,0,8,04,00,00,00,00,00,01,9F,
72388942,00000110,false,Rx,0,8,62,00,00,00,60,00,20,59,
72390064,00000130,false,Rx,0,8,18,00,00,00,50,00,3F,C3,
72390065,00000100,false,Rx,0,8,5A,00,00,00,50,00,30,E1,
72390066,00000120,false,Rx,0,8,04,00,00,00,10,00,0C,5F,
72391181,00000110,false,Rx,0,8,79,00,00,00,70,00,2E,72,
72391182,00000050,false,Rx,0,6,41,5C,FF,FB,5F,FF,00,00,
72391183,00000130,false,Rx,0,8,B8,34,03,00,63,80,83,B3,
72392339,00000100,false,Rx,0,8,88,00,00,00,60,00,36,93,
72392340,00000120,false,Rx,0,8,CB,FF,FF,FF,20,00,1D,90,
72393328,00000110,false,Rx,0,8,79,00,00,00,80,00,6A,72,
72393329,00000130,false,Rx,0,8,D9,FF,FF,FF,70,00,22,E2,
72394308,00000100,false,Rx,0,8,9F,00,00,00,70,00,38,74,
72394309,00000120,false,Rx,0,8,CB,FF,FF,FF,30,00,10,50,
72395431,00000110,false,Rx,0,8,4B,00,00,00,90,00,63,A0,
72395432,00000130,false,Rx,0,8,37,00,00,00,80,00,65,9C,
72396441,00000100,false,Rx,0,8,88,00,00,00,80,00,7F,53,
72396442,00000120,false,Rx,0,8,04,00,00,00,40,00,30,5F,
72397452,00000110,false,Rx,0,8,4B,00,00,00,A0,00,77,A0,
72397453,00000130,false,Rx,0,8,18,00,00,00,90,00,6F,C3,
72398432,00000100,false,Rx,0,8,88,00,00,00,90,00,72,93,
72398434,00000120,false,Rx,0,8,04,00,00,00,50,00,3D,9F,
72399566,00000110,false,Rx,0,8,62,00,00,00,B0,00,7D,99,
72399567,00000130,false,Rx,0,8,F8,FF,FF,FF,A0,00,79,93,
72400564,00000100,false,Rx,0,8,71,00,00,00,A0,00,72,FA,
72400566,00000120,false,Rx,0,8,20,00,00,00,60,00,2F,7B,
72401565,00000110,false,Rx,0,8,62,00,00,00,C0,00,58,59,
72401566,00000130,false,Rx,0,8,18,00,00,00,B0,00,76,03,
72402565,00000100,false,Rx,0,8,5A,00,00,00,B0,00,79,21,
72402566,00000120,false,Rx,0,8,20,00,00,00,70,00,22,BB,
72403557,00000110,false,Rx,0,8,90,00,00,00,D0,00,40,8B,
72403559,00000130,false,Rx,0,8,F8,FF,FF,FF,C0,00,51,93,
72404686,00000100,false,Rx,0,8,43,00,00,00,C0,00,5E,E8,
72404688,00000120,false,Rx,0,8,20,00,00,00,80,00,66,BB,
72405686,00000110,false,Rx,0,8,90,00,00,00,E0,00,54,8B,
72405687,00000130,false,Rx,0,8,D9,FF,FF,FF,D0,00,5A,E2,
72406662,00000100,false,Rx,0,8,5A,00,00,00,D0,00,51,21,
72406663,00000140,false,Rx,0,8,01,00,FF,FF,30,00,15,EE,
72406664,00000120,false,Rx,0,8,20,00,00,00,90,00,6B,7B,
72407840,00000110,false,Rx,0,8,62,00,00,00,F0,00,4C,59,
72407842,00000130,false,Rx,0,8,F8,FF,FF,FF,E0,00,48,53,
72408839,00000100,false,Rx,0,8,71,00,00,00,E0,00,43,3A,
72408840,00000120,false,Rx,0,8,E7,FF,FF,FF,A0,00,7B,FC,
72409812,00000110,false,Rx,0,8,62,00,00,00,00,00,08,59,
72409813,00000130,false,Rx,0,8,F8,FF,FF,FF,F0,00,45,93,
72410809,00000100,false,Rx,0,8,71,00,00,00,F0,00,4E,FA,
72410810,00000120,false,Rx,0,8,E7,FF,FF,FF,B0,00,76,3C,
72410811,00000110,false,Rx,0,8,4B,00,00,00,10,00,02,60,
72412090,00000050,false,Rx,0,6,41,5C,FF,FB,5F,FF,00,00,
72412092,00000130,false,Rx,0,8,EB,95,FF,FF,03,80,1A,69,
72412092,00000100,false,Rx,0,8,9F,00,00,00,00,00,1D,B4,
72413686,00000120,false,Rx,0,8,CB,FF,FF,FF,C0,00,54,50,
72413687,00000110,false,Rx,0,8,4B,00,00,00,20,00,16,60,
72414690,00000130,false,Rx,0,8,76,00,00,00,10,00,06,8D,
72414691,00000100,false,Rx,0,8,9F,00,00,00,10,00,10,74,
72415702,00000120,false,Rx,0,8,CB,FF,FF,FF,D0,00,59,90,
72415703,00000110,false,Rx,0,8,4B,00,00,00,30,00,1B,A0,
72416695,00000130,false,Rx,0,8,F8,FF,FF,FF,20,00,18,53,
72416697,00000100,false,Rx,0,8,71,00,00,00,20,00,13,3A,
72417839,00000120,false,Rx,0,8,E7,FF,FF,FF,E0,00,4A,3C,
72417840,00000110,false,Rx,0,8,4B,00,00,00,40,00,3E,60,
72418841,00000130,false,Rx,0,8,18,00,00,00,30,00,17,C3,
72418843,00000100,false,Rx,0,8,71,00,00,00,30,00,1E,FA,
72419813,00000120,false,Rx,0,8,E7,FF,FF,FF,F0,00,47,FC,
72419814,00000110,false,Rx,0,8,62,00,00,00,50,00,34,59,
72420807,00000130,false,Rx,0,8,F8,FF,FF,FF,40,00,30,53,
72420809,00000100,false,Rx,0,8,5A,00,00,00,40,00,3D,21,
72421964,00000120,false,Rx,0,8,20,00,00,00,00,00,07,7B,
72421965,00000110,false,Rx,0,8,62,00,00,00,60,00,20,59,
72422964,00000130,false,Rx,0,8,18,00,00,00,50,00,3F,C3,
72422965,00000100,false,Rx,0,8,43,00,00,00,50,00,32,E8,
72423938,00000120,false,Rx,0,8,20,00,00,00,10,00,0A,BB,
72423939,00000110,false,Rx,0,8,A7,00,00,00,70,00,3C,CC,
72424930,00000130,false,Rx,0,8,F8,FF,FF,FF,60,00,29,93,
72424932,00000100,false,Rx,0,8,43,00,00,00,60,00,26,E8,
72426052,00000120,false,Rx,0,8,20,00,00,00,20,00,1E,BB,
72426053,00000110,false,Rx,0,8,A7,00,00,00,80,00,78,CC,
72427066,00000130,false,Rx,0,8,18,00,00,00,70,00,26,03,
72427067,00000100,false,Rx,0,8,71,00,00,00,70,00,2F,3A,
72427068,00000140,false,Rx,0,8,01,00,FF,FF,40,00,30,2E,
72428066,00000120,false,Rx,0,8,20,00,00,00,30,00,13,7B,
72428067,00000110,false,Rx,0,8,62,00,00,00,90,00,64,59,
72429055,00000130,false,Rx,0,8,18,00,00,00,80,00,62,03,
72429056,00000100,false,Rx,0,8,5A,00,00,00,80,00,6D,21,
72430212,00000120,false,Rx,0,8,04,00,00,00,40,00,30,5F,
72430213,00000110,false,Rx,0,8,62,00,00,00,A0,00,70,59,
72431214,00000130,false,Rx,0,8,F8,FF,FF,FF,90,00,6D,93,
72431216,00000100,false,Rx,0,8,71,00,00,00,90,00,66,FA,
72431216,00000120,false,Rx,0,8,04,00,00,00,50,00,3D,9F,
72432308,00000110,false,Rx,0,8,4B,00,00,00,B0,00,7A,60,
72432309,00000050,false,Rx,0,6,41,5C,FF,FB,5F,FF,00,00,
72432310,00000130,false,Rx,0,8,6B,BA,F5,FF,A3,80,AB,B7,
72433464,00000100,false,Rx,0,8,88,00,00,00,A0,00,66,93,
72433466,00000120,false,Rx,0,8,E7,FF,FF,FF,60,00,2B,FC,
72434439,00000110,false,Rx,0,8,4B,00,00,00,C0,00,5F,A0,
72434440,00000130,false,Rx,0,8,95,00,00,00,B0,00,68,DE,
72435433,00000100,false,Rx,0,8,9F,00,00,00,B0,00,68,74,
72435435,00000120,false,Rx,0,8,E7,FF,FF,FF,70,00,26,3C,
72436558,00000110,false,Rx,0,8,4B,00,00,00,D0,00,52,60,
72436559,00000130,false,Rx,0,8,F8,FF,FF,FF,C0,00,51,93,
72437563,00000100,false,Rx,0,8,71,00,00,00,C0,00,5A,FA,
72437564,00000120,false,Rx,0,8,04,00,00,00,80,00,60,5F,
72438577,00000110,false,Rx,0,8,4B,00,00,00,E0,00,46,60,
72438578,00000130,false,Rx,0,8,D9,FF,FF,FF,D0,00,5A,E2,
72439691,00000100,false,Rx,0,8,71,00,00,00,D0,00,57,3A,
72439692,00000120,false,Rx,0,8,04,00,00,00,90,00,6D,9F,
72440683,00000110,false,Rx,0,8,79,00,00,00,F0,00,4F,B2,
72440684,00000130,false,Rx,0,8,F8,FF,FF,FF,E0,00,48,53,
72441715,00000100,false,Rx,0,8,71,00,00,00,E0,00,43,3A,
72441716,00000120,false,Rx,0,8,20,00,00,00,A0,00,7F,7B,
72442702,00000110,false,Rx,0,8,79,00,00,00,00,00,0B,B2,
72442703,00000130,false,Rx,0,8,18,00,00,00,F0,00,47,C3,
72443702,00000100,false,Rx,0,8,43,00,00,00,F0,00,4A,E8,
72443703,00000120,false,Rx,0,8,20,00,00,00,B0,00,72,BB,
72444839,00000110,false,Rx,0,8,90,00,00,00,10,00,10,8B,
72444840,00000130,false,Rx,0,8,F8,FF,FF,FF,00,00,01,93,
72445829,00000100,false,Rx,0,8,5A,00,00,00,00,00,0C,E1,
72445831,00000120,false,Rx,0,8,20,00,00,00,C0,00,57,7B,
72446804,00000110,false,Rx,0,8,90,00,00,00,20,00,04,8B,
72446805,00000130,false,Rx,0,8,18,00,00,00,10,00,0E,03,
72447812,00000100,false,Rx,0,8,71,00,00,00,10,00,07,3A,
72447814,00000140,false,Rx,0,8,01,00,FF,FF,50,00,3D,EE,
72447814,00000120,false,Rx,0,8,20,00,00,00,D0,00,5A,BB,
72448942,00000110,false,Rx,0,8,79,00,00,00,30,00,1F,B2,
72448943,00000130,false,Rx,0,8,F8,FF,FF,FF,20,00,18,53,
72449961,00000100,false,Rx,0,8,71,00,00,00,20,00,13,3A,
72449963,00000120,false,Rx,0,8,04,00,00,00,E0,00,48,5F,
72450963,00000110,false,Rx,0,8,79,00,00,00,40,00,3A,72,
72450964,00000130,false,Rx,0,8,37,00,00,00,30,00,10,5C,
72451942,00000100,false,Rx,0,8,88,00,00,00,30,00,0A,93,
72451943,00000120,false,Rx,0,8,04,00,00,00,F0,00,45,9F,
72451944,00000110,false,Rx,0,8,62,00,00,00,50,00,34,59,
72453213,00000050,false,Rx,0,6,41,5C,FF,FB,5F,FF,00,00,
72453214,00000130,false,Rx,0,8,4D,21,00,00,43,80,83,51,
72453215,00000100,false,Rx,0,8,9F,00,00,00,40,00,2C,74,
72454839,00000120,false,Rx,0,8,CB,FF,FF,FF,00,00,04,50,
72454840,00000110,false,Rx,0,8,62,00,00,00,60,00,20,59,
72455815,00000130,false,Rx,0,8,D9,FF,FF,FF,50,00,3B,22,
72455817,00000100,false,Rx,0,8,88,00,00,00,50,00,22,93,
72456812,00000120,false,Rx,0,8,CB,FF,FF,FF,10,00,09,90,
72456814,00000110,false,Rx,0,8,4B,00,00,00,70,00,2A,60,
72457964,00000130,false,Rx,0,8,D9,FF,FF,FF,60,00,2F,22,
72457965,00000100,false,Rx,0,8,71,00,00,00,60,00,22,FA,
72458939,00000120,false,Rx,0,8,04,00,00,00,20,00,18,5F,
72458941,00000110,false,Rx,0,8,4B,00,00,00,80,00,6E,60,
72459932,00000130,false,Rx,0,8,F8,FF,FF,FF,70,00,24,53,
72459933,00000100,false,Rx,0,8,71,00,00,00,70,00,2F,3A,
72460957,00000120,false,Rx,0,8,04,00,00,00,30,00,15,9F,
72460958,00000110,false,Rx,0,8,79,00,00,00,90,00,67,B2,
72462066,00000130,false,Rx,0,8,18,00,00,00,80,00,62,03,
72462067,00000100,false,Rx,0,8,5A,00,00,00,80,00,6D,21,
72463088,00000120,false,Rx,0,8,3D,00,00,00,40,00,35,36,
72463089,00000110,false,Rx,0,8,79,00,00,00,A0,00,73,B2,
72464088,00000130,false,Rx,0,8,D9,FF,FF,FF,90,00,6B,22,
72464090,00000100,false,Rx,0,8,2C,00,00,00,90,00,6B,B7,
72465066,00000120,false,Rx,0,8,3D,00,00,00,50,00,38,F6,
72465067,00000110,false,Rx,0,8,90,00,00,00,B0,00,68,8B,
72466056,00000130,false,Rx,0,8,D9,FF,FF,FF,A0,00,7F,22,
72466057,00000100,false,Rx,0,8,5A,00,00,00,A0,00,74,E1,
72467213,00000120,false,Rx,0,8,04,00,00,00,60,00,29,9F,
72467215,00000110,false,Rx,0,8,90,00,00,00,C0,00,4D,4B,
72468219,00000130,false,Rx,0,8,F8,FF,FF,FF,B0,00,74,53,
72468221,00000100,false,Rx,0,8,71,00,00,00,B0,00,7F,3A,
72468221,00000140,false,Rx,0,8,01,00,FF,FF,60,00,29,EE,
72469195,00000120,false,Rx,0,8,04,00,00,00,70,00,24,5F,
72469197,00000110,false,Rx,0,8,62,00,00,00,D0,00,55,99,
72470181,00000130,false,Rx,0,8,F8,FF,FF,FF,C0,00,51,93,
72470182,00000100,false,Rx,0,8,5A,00,00,00,C0,00,5C,E1,
72471338,00000120,false,Rx,0,8,E7,FF,FF,FF,80,00,62,3C,
72471339,00000110,false,Rx,0,8,62,00,00,00,E0,00,41,99,
72472304,00000130,false,Rx,0,8,18,00,00,00,D0,00,5E,03,
72472306,00000100,false,Rx,0,8,71,00,00,00,D0,00,57,3A,
72472307,00000120,false,Rx,0,8,E7,FF,FF,FF,90,00,6F,FC,
72473556,00000110,false,Rx,0,8,62,00,00,00,F0,00,4C,59,
72473558,00000050,false,Rx,0,6,41,5C,FF,FB,5F,FF,00,00,
72473558,00000130,false,Rx,0,8,F8,34,03,00,E3,80,EC,B3,
72474557,00000100,false,Rx,0,8,88,00,00,00,E0,00,57,53,
72474559,00000120,false,Rx,0,8,E7,FF,FF,FF,A0,00,7B,FC,
72475557,00000110,false,Rx,0,8,62,00,00,00,00,00,08,59,
72475558,00000130,false,Rx,0,8,D9,FF,FF,FF,F0,00,43,22,
72476558,00000100,false,Rx,0,8,88,00,00,00,F0,00,5A,93,
72476560,00000120,false,Rx,0,8,E7,FF,FF,FF,B0,00,76,3C,
72477686,00000110,false,Rx,0,8,62,00,00,00,10,00,05,99,
72477688,00000170,false,Rx,0,8,00,00,00,5D,50,81,05,9F,
72477688,00000130,false,Rx,0,8,B9,FF,FF,FF,00,00,0E,82,
72478687,00000100,false,Rx,0,8,71,00,00,00,00,00,0A,FA,
72478688,00000120,false,Rx,0,8,04,00,00,00,C0,00,51,9F,
72479682,00000110,false,Rx,0,8,62,00,00,00,20,00,11,99,
72479683,00000130,false,Rx,0,8,F8,FF,FF,FF,10,00,0C,53,
72479684,00000100,false,Rx,0,8,71,00,00,00,10,00,07,3A,
72481556,00000120,false,Rx,0,8,04,00,00,00,D0,00,5C,5F,
72481558,00000110,false,Rx,0,8,79,00,00,00,30,00,1F,B2,
72482556,00000130,false,Rx,0,8,F8,FF,FF,FF,20,00,18,53,
72482558,00000100,false,Rx,0,8,5A,00,00,00,20,00,15,21,
72483554,00000120,false,Rx,0,8,3D,00,00,00,E0,00,4D,36,
72483555,00000110,false,Rx,0,8,79,00,00,00,40,00,3A,72,
72484559,00000130,false,Rx,0,8,18,00,00,00,30,00,17,C3,
72484561,00000100,false,Rx,0,8,5A,00,00,00,30,00,18,E1,
72485685,00000120,false,Rx,0,8,3D,00,00,00,F0,00,40,F6,
72485686,00000110,false,Rx,0,8,79,00,00,00,50,00,37,B2,
72486681,00000130,false,Rx,0,8,F8,FF,FF,FF,40,00,30,53,
72486683,00000100,false,Rx,0,8,5A,00,00,00,40,00,3D,21,
72487681,00000120,false,Rx,0,8,20,00,00,00,00,00,07,7B,
72487683,00000110,false,Rx,0,8,79,00,00,00,60,00,23,B2,
72488681,00000130,false,Rx,0,8,D9,FF,FF,FF,50,00,3B,22,
72488683,00000100,false,Rx,0,8,71,00,00,00,50,00,36,FA,
72488683,00000140,false,Rx,0,8,01,00,FF,FF,70,00,24,2E,
72489806,00000120,false,Rx,0,8,20,00,00,00,10,00,0A,BB,
72489808,00000110,false,Rx,0,8,62,00,00,00,70,00,2D,99,
72490807,00000130,false,Rx,0,8,F8,FF,FF,FF,60,00,29,93,
72490808,00000100,false,Rx,0,8,88,00,00,00,60,00,36,93,
72491808,00000120,false,Rx,0,8,E7,FF,FF,FF,20,00,1A,3C,
72491810,00000110,false,Rx,0,8,62,00,00,00,80,00,69,99,
72492808,00000130,false,Rx,0,8,F8,FF,FF,FF,70,00,24,53,
72492810,00000100,false,Rx,0,8,9F,00,00,00,70,00,38,74,
72492810,00000120,false,Rx,0,8,E7,FF,FF,FF,30,00,17,FC,
72494058,00000110,false,Rx,0,8,1D,00,00,00,90,00,6F,96,
72494059,00000050,false,Rx,0,6,41,5C,FF,FB,5F,FF,00,00,
72494060,00000130,false,Rx,0,8,EB,95,FF,FF,83,80,7B,A9,
72495056,00000100,false,Rx,0,8,9F,00,00,00,80,00,7C,74,
72495057,00000120,false,Rx,0,8,04,00,00,00,40,00,30,5F,
72496184,00000110,false,Rx,0,8,1D,00,00,00,A0,00,7B,96,
72496185,00000130,false,Rx,0,8,95,00,00,00,90,00,71,1E,
72497179,00000100,false,Rx,0,8,71,00,00,00,90,00,66,FA,
72497180,00000120,false,Rx,0,8,04,00,00,00,50,00,3D,9F,
72498184,00000110,false,Rx,0,8,62,00,00,00,B0,00,7D,99,
72498185,00000130,false,Rx,0,8,D9,FF,FF,FF,A0,00,7F,22,
72499308,00000100,false,Rx,0,8,71,00,00,00,A0,00,72,FA,
72499309,00000120,false,Rx,0,8,04,00,00,00,60,00,29,9F,
72500307,00000110,false,Rx,0,8,62,00,00,00,C0,00,58,59,
72500309,00000130,false,Rx,0,8,F8,FF,FF,FF,B0,00,74,53,
72501297,00000100,false,Rx,0,8,5A,00,00,00,B0,00,79,21,
72501298,00000120,false,Rx,0,8,04,00,00,00,70,00,24,5F,
72502291,00000110,false,Rx,0,8,79,00,00,00,D0,00,56,72,
72502292,00000130,false,Rx,0,8,18,00,00,00,C0,00,53,C3,
72503305,00000100,false,Rx,0,8,43,00,00,00,C0,00,5E,E8,
72503307,00000120,false,Rx,0,8,3D,00,00,00,80,00,65,36,
72504415,00000110,false,Rx,0,8,79,00,00,00,E0,00,42,72,
72504416,00000130,false,Rx,0,8,F8,FF,FF,FF,D0,00,5C,53,
72505415,00000100,false,Rx,0,8,5A,00,00,00,D0,00,51,21,
72505416,00000120,false,Rx,0,8,3D,00,00,00,90,00,68,F6,
72506420,00000110,false,Rx,0,8,79,00,00,00,F0,00,4F,B2,
72506421,00000130,false,Rx,0,8,F8,FF,FF,FF,E0,00,48,53,
72507415,00000100,false,Rx,0,8,5A,00,00,00,E0,00,45,21,
72507416,00000120,false,Rx,0,8,04,00,00,00,A0,00,79,9F,
72508540,00000110,false,Rx,0,8,79,00,00,00,00,00,0B,B2,
72508541,00000130,false,Rx,0,8,F8,FF,FF,FF,F0,00,45,93,
72509527,00000100,false,Rx,0,8,5A,00,00,00,F0,00,48,E1,
72509528,00000140,false,Rx,0,8,01,00,FF,FF,80,00,60,2E,
72509528,00000120,false,Rx,0,8,04,00,00,00,B0,00,74,5F,
72510542,00000110,false,Rx,0,8,62,00,00,00,10,00,05,99,
72510543,00000130,false,Rx,0,8,D9,FF,FF,FF,00,00,07,22,
72511541,00000100,false,Rx,0,8,88,00,00,00,00,00,1E,93,
72511542,00000120,false,Rx,0,8,E7,FF,FF,FF,C0,00,53,FC,
72512651,00000110,false,Rx,0,8,62,00,00,00,20,00,11,99,
72512653,00000130,false,Rx,0,8,D9,FF,FF,FF,10,00,0A,E2,
72513658,00000100,false,Rx,0,8,9F,00,00,00,10,00,10,74,
72513660,00000120,false,Rx,0,8,E7,FF,FF,FF,D0,00,5E,3C,
72513660,00000110,false,Rx,0,8,1D,00,00,00,30,00,17,96,
72514783,00000050,false,Rx,0,6,41,5C,FF,FB,5F,FF,00,00,
72514784,00000130,false,Rx,0,8,2C,BA,F5,FF,23,80,C5,00,
72514784,00000100,false,Rx,0,8,88,00,00,00,20,00,07,53,
72516428,00000120,false,Rx,0,8,04,00,00,00,E0,00,48,5F,
72516429,00000110,false,Rx,0,8,1D,00,00,00,40,00,32,56,
72517553,00000130,false,Rx,0,8,D5,00,00,00,30,00,07,DE,
72517555,00000100,false,Rx,0,8,71,00,00,00,30,00,1E,FA,
72518543,00000120,false,Rx,0,8,04,00,00,00,F0,00,45,9F,
72518544,00000110,false,Rx,0,8,62,00,00,00,50,00,34,59,
72519541,00000130,false,Rx,0,8,F8,FF,FF,FF,40,00,30,53,
72519541,00000100,false,Rx,0,8,71,00,00,00,40,00,3B,3A,
72520542,00000120,false,Rx,0,8,04,00,00,00,00,00,01,9F,
72520542,00000110,false,Rx,0,8,62,00,00,00,60,00,20,59,
72521668,00000130,false,Rx,0,8,18,00,00,00,50,00,3F,C3,
72521668,00000100,false,Rx,0,8,5A,00,00,00,50,00,30,E1,
72522665,00000120,false,Rx,0,8,04,00,00,00,10,00,0C,5F,
72522665,00000110,false,Rx,0,8,90,00,00,00,70,00,38,8B,
72523663,00000130,false,Rx,0,8,F8,FF,FF,FF,60,00,29,93,
72523664,00000100,false,Rx,0,8,2C,00,00,00,60,00,2F,B7,
72524653,00000120,false,Rx,0,8,20,00,00,00,20,00,1E,BB,
72524654,00000110,false,Rx,0,8,90,00,00,00,80,00,7C,8B,
72525656,00000130,false,Rx,0,8,D9,FF,FF,FF,70,00,22,E2,
72525657,00000100,false,Rx,0,8,5A,00,00,00,70,00,29,21,
72526792,00000120,false,Rx,0,8,20,00,00,00,30,00,13,7B,
72526793,00000110,false,Rx,0,8,62,00,00,00,90,00,64,59,
72527773,00000130,false,Rx,0,8,D9,FF,FF,FF,80,00,66,E2,
72527774,00000100,false,Rx,0,8,5A,00,00,00,80,00,6D,21,
72528773,00000120,false,Rx,0,8,04,00,00,00,40,00,30,5F,
72528774,00000110,false,Rx,0,8,62,00,00,00,A0,00,70,59,
72529774,00000130,false,Rx,0,8,D9,FF,FF,FF,90,00,6B,22,
72529775,00000100,false,Rx,0,8,5A,00,00,00,90,00,60,E1,
72529776,00000140,false,Rx,0,8,01,00,FF,FF,90,00,6D,EE,
72530897,00000120,false,Rx,0,8,04,00,00,00,50,00,3D,9F,
72530898,00000110,false,Rx,0,8,62,00,00,00,B0,00,7D,99,
72531898,00000130,false,Rx,0,8,18,00,00,00,A0,00,7B,C3,
72531899,00000100,false,Rx,0,8,88,00,00,00,A0,00,66,93,
72532897,00000120,false,Rx,0,8,CB,FF,FF,FF,60,00,2C,50,
72532898,00000110,false,Rx,0,8,62,00,00,00,C0,00,58,59,
72533898,00000130,false,Rx,0,8,F8,FF,FF,FF,B0,00,74,53,
72533898,00000100,false,Rx,0,8,B6,00,00,00,B0,00,6F,8D,
72533899,00000120,false,Rx,0,8,CB,FF,FF,FF,70,00,21,90,
72535147,00000110,false,Rx,0,8,79,00,00,00,D0,00,56,72,
72535148,00000050,false,Rx,0,6,41,5C,FF,FB,5F,FF,00,00,
72535148,00000130,false,Rx,0,8,4D,21,00,00,C3,80,E2,91,
72536147,00000100,false,Rx,0,8,71,00,00,00,C0,00,5A,FA,
72536148,00000120,false,Rx,0,8,04,00,00,00,80,00,60,5F,
72537275,00000110,false,Rx,0,8,79,00,00,00,E0,00,42,72,
72537276,00000130,false,Rx,0,8,D9,FF,FF,FF,D0,00,5A,E2,
72538272,00000100,false,Rx,0,8,88,00,00,00,D0,00,43,53,
72538272,00000120,false,Rx,0,8,04,00,00,00,90,00,6D,9F,
72539274,00000110,false,Rx,0,8,62,00,00,00,F0,00,4C,59,
72539275,00000130,false,Rx,0,8,18,00,00,00,E0,00,4A,03,
72540400,00000100,false,Rx,0,8,71,00,00,00,E0,00,43,3A,
72540401,00000120,false,Rx,0,8,04,00,00,00,A0,00,79,9F,
72541397,00000110,false,Rx,0,8,62,00,00,00,00,00,08,59,
72541397,00000130,false,Rx,0,8,D9,FF,FF,FF,F0,00,43,22,
72542425,00000100,false,Rx,0,8,5A,00,00,00,F0,00,48,E1,
72542426,00000120,false,Rx,0,8,04,00,00,00,B0,00,74,5F,
72543424,00000110,false,Rx,0,8,A7,00,00,00,10,00,14,CC,
72543426,00000130,false,Rx,0,8,37,00,00,00,00,00,04,5C,
72544550,00000100,false,Rx,0,8,2C,00,00,00,00,00,07,B7,
72544551,00000120,false,Rx,0,8,20,00,00,00,C0,00,57,7B,
72545550,00000110,false,Rx,0,8,A7,00,00,00,20,00,00,CC,
72545552,00000130,false,Rx,0,8,18,00,00,00,10,00,0E,03,
72546548,00000100,false,Rx,0,8,5A,00,00,00,10,00,01,21,
72546549,00000120,false,Rx,0,8,20,00,00,00,D0,00,5A,BB,
72547551,00000110,false,Rx,0,8,62,00,00,00,30,00,1C,59,
72547552,00000130,false,Rx,0,8,18,00,00,00,20,00,1A,03,
72548551,00000100,false,Rx,0,8,5A,00,00,00,20,00,15,21,
72548552,00000120,false,Rx,0,8,E7,FF,FF,FF,E0,00,4A,3C,
72549676,00000110,false,Rx,0,8,62,00,00,00,40,00,39,99,
72549677,00000130,false,Rx,0,8,F8,FF,FF,FF,30,00,15,93,
72550676,00000100,false,Rx,0,8,71,00,00,00,30,00,1E,FA,
72550677,00000140,false,Rx,0,8,01,00,FF,FF,A0,00,79,EE,
72550677,00000120,false,Rx,0,8,E7,FF,FF,FF,F0,00,47,FC,
72551679,00000110,false,Rx,0,8,4B,00,00,00,50,00,33,A0,
72551680,00000130,false,Rx,0,8,D9,FF,FF,FF,40,00,36,E2,
72552677,00000100,false,Rx,0,8,88,00,00,00,40,00,2F,53,
72552678,00000120,false,Rx,0,8,AE,FF,FF,FF,00,00,0D,A5,
72553785,00000110,false,Rx,0,8,4B,00,00,00,60,00,27,A0,
72553786,00000130,false,Rx,0,8,18,00,00,00,50,00,3F,C3,
72554805,00000100,false,Rx,0,8,9F,00,00,00,50,00,21,B4,
72554806,00000120,false,Rx,0,8,AE,FF,FF,FF,10,00,00,65,
72554807,00000110,false,Rx,0,8,79,00,00,00,70,00,2E,72,
72555919,00000050,false,Rx,0,6,41,5C,FF,FB,5F,FF,00,00,
72555921,00000130,false,Rx,0,8,D8,34,03,00,63,80,8A,13,
72555922,00000100,false,Rx,0,8,71,00,00,00,60,00,22,FA,
72557555,00000120,false,Rx,0,8,04,00,00,00,20,00,18,5F,
72557557,00000110,false,Rx,0,8,79,00,00,00,80,00,6A,72,
72558705,00000130,false,Rx,0,8,F8,FF,FF,FF,70,00,24,53,
72558706,00000100,false,Rx,0,8,71,00,00,00,70,00,2F,3A,
72559680,00000120,false,Rx,0,8,04,00,00,00,30,00,15,9F,
72559681,00000110,false,Rx,0,8,62,00,00,00,90,00,64,59,
72560678,00000130,false,Rx,0,8,18,00,00,00,80,00,62,03,
72560680,00000100,false,Rx,0,8,71,00,00,00,80,00,6B,3A,
72561670,00000120,false,Rx,0,8,20,00,00,00,40,00,36,BB,
72561671,00000110,false,Rx,0,8,62,00,00,00,A0,00,70,59,
72562777,00000130,false,Rx,0,8,F8,FF,FF,FF,90,00,6D,93,
72562778,00000100,false,Rx,0,8,43,00,00,00,90,00,62,E8,
72563797,00000120,false,Rx,0,8,20,00,00,00,50,00,3B,7B,
72563797,00000110,false,Rx,0,8,A7,00,00,00,B0,00,6C,CC,
72564790,00000130,false,Rx,0,8,18,00,00,00,A0,00,7B,C3,
72564791,00000100,false,Rx,0,8,5A,00,00,00,A0,00,74,E1,
72565790,00000120,false,Rx,0,8,20,00,00,00,60,00,2F,7B,
72565790,00000110,false,Rx,0,8,A7,00,00,00,C0,00,49,0C,
72566900,00000130,false,Rx,0,8,37,00,00,00,B0,00,71,9C,
72566901,00000100,false,Rx,0,8,71,00,00,00,B0,00,7F,3A,
72567914,00000120,false,Rx,0,8,20,00,00,00,70,00,22,BB,
72567915,00000110,false,Rx,0,8,62,00,00,00,D0,00,55,99,
72568914,00000130,false,Rx,0,8,F8,FF,FF,FF,C0,00,51,93,
72568915,00000100,false,Rx,0,8,71,00,00,00,C0,00,5A,FA,
72569913,00000120,false,Rx,0,8,20,00,00,00,80,00,66,BB,
72569914,00000110,false,Rx,0,8,62,00,00,00,E0,00,41,99,
72570911,00000130,false,Rx,0,8,99,FF,FF,FF,D0,00,54,22,
72570911,00000100,false,Rx,0,8,71,00,00,00,D0,00,57,3A,
72570912,00000140,false,Rx,0,8,01,00,FF,FF,B0,00,74,2E,
72572039,00000120,false,Rx,0,8,20,00,00,00,90,00,6B,7B,
72572040,00000110,false,Rx,0,8,4B,00,00,00,F0,00,4B,A0,
72573039,00000130,false,Rx,0,8,F8,FF,FF,FF,E0,00,48,53,
72573039,00000100,false,Rx,0,8,9F,00,00,00,E0,00,54,74,
72574042,00000120,false,Rx,0,8,AE,FF,FF,FF,A0,00,75,A5,
72574043,00000110,false,Rx,0,8,4B,00,00,00,00,00,0F,A0,
72575060,00000130,false,Rx,0,8,F8,FF,FF,FF,F0,00,45,93,
72575061,00000100,false,Rx,0,8,88,00,00,00,F0,00,5A,93,
72575062,00000120,false,Rx,0,8,AE,FF,FF,FF,B0,00,78,65,
72576293,00000110,false,Rx,0,8,4B,00,00,00,10,00,02,60,
72576294,00000050,false,Rx,0,6,41,5C,FF,FB,5F,FF,00,00,
72576294,00000130,false,Rx,0,8,EB,95,FF,FF,03,80,1A,69,
72577289,00000100,false,Rx,0,8,71,00,00,00,00,00,0A,FA,
72577290,00000120,false,Rx,0,8,04,00,00,00,C0,00,51,9F,
72578447,00000110,false,Rx,0,8,4B,00,00,00,20,00,16,60,
72578448,00000130,false,Rx,0,8,B5,00,00,00,10,00,17,BE,
72579420,00000100,false,Rx,0,8,71,00,00,00,10,00,07,3A,
72579421,00000120,false,Rx,0,8,04,00,00,00,D0,00,5C,5F,
72580410,00000110,false,Rx,0,8,79,00,00,00,30,00,1F,B2,
72580411,00000170,false,Rx,0,8,00,00,00,5E,50,81,05,25,
72580412,00000130,false,Rx,0,8,18,00,00,00,20,00,1A,03,
72581569,00000100,false,Rx,0,8,5A,00,00,00,20,00,15,21,
72581570,00000120,false,Rx,0,8,20,00,00,00,E0,00,4E,BB,
72582545,00000110,false,Rx,0,8,79,00,00,00,40,00,3A,72,
72582545,00000130,false,Rx,0,8,D9,FF,FF,FF,30,00,13,22,
72583543,00000100,false,Rx,0,8,43,00,00,00,30,00,1A,E8,
72583544,00000120,false,Rx,0,8,20,00,00,00,F0,00,43,7B,
72584547,00000110,false,Rx,0,8,A7,00,00,00,50,00,25,0C,
72584547,00000130,false,Rx,0,8,F8,FF,FF,FF,40,00,30,53,
72585537,00000100,false,Rx,0,8,5A,00,00,00,40,00,3D,21,
72585538,00000120,false,Rx,0,8,20,00,00,00,00,00,07,7B,
72586682,00000110,false,Rx,0,8,A7,00,00,00,60,00,31,0C,
72586682,00000130,false,Rx,0,8,F8,FF,FF,FF,50,00,3D,93,
72587674,00000100,false,Rx,0,8,5A,00,00,00,50,00,30,E1,
72587675,00000120,false,Rx,0,8,20,00,00,00,10,00,0A,BB,
72588663,00000110,false,Rx,0,8,79,00,00,00,70,00,2E,72,
72588664,00000130,false,Rx,0,8,D9,FF,FF,FF,60,00,2F,22,
72589821,00000100,false,Rx,0,8,71,00,00,00,60,00,22,FA,
72589821,00000120,false,Rx,0,8,04,00,00,00,20,00,18,5F,
72590818,00000110,false,Rx,0,8,79,00,00,00,80,00,6A,72,
72590819,00000130,false,Rx,0,8,D9,FF,FF,FF,70,00,22,E2,
72591815,00000100,false,Rx,0,8,88,00,00,00,70,00,3B,53,
72591816,00000140,false,Rx,0,8,01,00,FF,FF,C0,00,51,EE,
72591816,00000120,false,Rx,0,8,04,00,00,00,30,00,15,9F,
72592783,00000110,false,Rx,0,8,34,00,00,00,90,00,68,6F,
72592784,00000130,false,Rx,0,8,18,00,00,00,80,00,62,03,
72593774,00000100,false,Rx,0,8,9F,00,00,00,80,00,7C,74,
72593775,00000120,false,Rx,0,8,CB,FF,FF,FF,40,00,35,90,
72594902,00000110,false,Rx,0,8,34,00,00,00,A0,00,7C,6F,
72594902,00000130,false,Rx,0,8,D9,FF,FF,FF,90,00,6B,22,
72595942,00000100,false,Rx,0,8,88,00,00,00,90,00,72,93,
72595942,00000120,false,Rx,0,8,CB,FF,FF,FF,50,00,38,50,
72595943,00000110,false,Rx,0,8,62,00,00,00,B0,00,7D,99,
72597044,00000050,false,Rx,0,6,41,5C,FF,FB,5F,FF,00,00,
72597045,00000130,false,Rx,0,8,6B,BA,F5,FF,A3,80,AB,B7,
72597045,00000100,false,Rx,0,8,71,00,00,00,A0,00,72,FA,
72598682,00000120,false,Rx,0,8,04,00,00,00,60,00,29,9F,
72598683,00000110,false,Rx,0,8,62,00,00,00,C0,00,58,59,
72599823,00000130,false,Rx,0,8,76,00,00,00,B0,00,7E,8D,
72599823,00000100,false,Rx,0,8,5A,00,00,00,B0,00,79,21,
72600786,00000120,false,Rx,0,8,04,00,00,00,70,00,24,5F,
72600787,00000110,false,Rx,0,8,79,00,00,00,D0,00,56,72,
72601793,00000130,false,Rx,0,8,18,00,00,00,C0,00,53,C3,
72601794,00000100,false,Rx,0,8,5A,00,00,00,C0,00,5C,E1,
72602790,00000120,false,Rx,0,8,3D,00,00,00,80,00,65,36,
72602791,00000110,false,Rx,0,8,79,00,00,00,E0,00,42,72,
72603941,00000130,false,Rx,0,8,F8,FF,FF,FF,D0,00,5C,53,
72603942,00000100,false,Rx,0,8,43,00,00,00,D0,00,53,28,
72604921,00000120,false,Rx,0,8,3D,00,00,00,90,00,68,F6,
72604921,00000110,false,Rx,0,8,79,00,00,00,F0,00,4F,B2,
72605921,00000130,false,Rx,0,8,F8,FF,FF,FF,E0,00,48,53,
72605921,00000100,false,Rx,0,8,5A,00,00,00,E0,00,45,21,
72606917,00000120,false,Rx,0,8,20,00,00,00,A0,00,7F,7B,
72606918,00000110,false,Rx,0,8,79,00,00,00,00,00,0B,B2,
72607933,00000130,false,Rx,0,8,F8,FF,FF,FF,F0,00,45,93,
72607934,00000100,false,Rx,0,8,71,00,00,00,F0,00,4E,FA,
72609062,00000120,false,Rx,0,8,20,00,00,00,B0,00,72,BB,
72609063,00000110,false,Rx,0,8,79,00,00,00,10,00,06,72,
72610024,00000130,false,Rx,0,8,D9,FF,FF,FF,00,00,07,22,
72610025,00000100,false,Rx,0,8,71,00,00,00,00,00,0A,FA,
72611059,00000120,false,Rx,0,8,E7,FF,FF,FF,C0,00,53,FC,
72611060,00000110,false,Rx,0,8,79,00,00,00,20,00,12,72,
72612042,00000130,false,Rx,0,8,D9,FF,FF,FF,10,00,0A,E2,
72612043,00000100,false,Rx,0,8,88,00,00,00,10,00,13,53,
72612044,00000140,false,Rx,0,8,01,00,FF,FF,D0,00,5C,2E,
72613191,00000120,false,Rx,0,8,E7,FF,FF,FF,D0,00,5E,3C,
72613192,00000110,false,Rx,0,8,34,00,00,00,30,00,10,6F,
72614188,00000130,false,Rx,0,8,18,00,00,00,20,00,1A,03,
72614188,00000100,false,Rx,0,8,B6,00,00,00,20,00,03,8D,
72615171,00000120,false,Rx,0,8,CB,FF,FF,FF,E0,00,4D,90,
72615172,00000110,false,Rx,0,8,34,00,00,00,40,00,35,AF,
72616160,00000130,false,Rx,0,8,18,00,00,00,30,00,17,C3,
72616160,00000100,false,Rx,0,8,71,00,00,00,30,00,1E,FA,
72616161,00000120,false,Rx,0,8,CB,FF,FF,FF,F0,00,40,50,
72617416,00000110,false,Rx,0,8,79,00,00,00,50,00,37,B2,
72617417,00000050,false,Rx,0,6,41,5C,FF,FB,5F,FF,00,00,
72617418,00000130,false,Rx,0,8,6C,21,00,00,43,80,85,E0,
72618567,00000100,false,Rx,0,8,5A,00,00,00,40,00,3D,21,
72618567,00000120,false,Rx,0,8,E7,FF,FF,FF,00,00,03,FC,
72619565,00000110,false,Rx,0,8,79,00,00,00,60,00,23,B2,
72619565,00000130,false,Rx,0,8,B9,FF,FF,FF,50,00,32,82,
72620550,00000100,false,Rx,0,8,71,00,00,00,50,00,36,FA,
72620551,00000120,false,Rx,0,8,E7,FF,FF,FF,10,00,0E,3C,
72621537,00000110,false,Rx,0,8,79,00,00,00,70,00,2E,72,
72621537,00000130,false,Rx,0,8,F8,FF,FF,FF,60,00,29,93,
72621538,00000100,false,Rx,0,8,5A,00,00,00,60,00,24,E1,
72623449,00000120,false,Rx,0,8,59,00,00,00,20,00,15,12,
72623449,00000110,false,Rx,0,8,79,00,00,00,80,00,6A,72,
72624420,00000130,false,Rx,0,8,F8,FF,FF,FF,70,00,24,53,
72624421,00000100,false,Rx,0,8,43,00,00,00,70,00,2B,28,
72625409,00000120,false,Rx,0,8,59,00,00,00,30,00,18,D2,
72625410,00000110,false,Rx,0,8,90,00,00,00,90,00,71,4B,
72626567,00000130,false,Rx,0,8,D9,FF,FF,FF,80,00,66,E2,
72626568,00000100,false,Rx,0,8,5A,00,00,00,80,00,6D,21,
72627545,00000120,false,Rx,0,8,04,00,00,00,40,00,30,5F,
72627545,00000110,false,Rx,0,8,90,00,00,00,A0,00,65,4B,
72628545,00000130,false,Rx,0,8,18,00,00,00,90,00,6F,C3,
72628545,00000100,false,Rx,0,8,5A,00,00,00,90,00,60,E1,
72629524,00000120,false,Rx,0,8,04,00,00,00,50,00,3D,9F,
72629525,00000110,false,Rx,0,8,79,00,00,00,B0,00,7E,72,
72630522,00000130,false,Rx,0,8,18,00,00,00,A0,00,7B,C3,
72630523,00000100,false,Rx,0,8,71,00,00,00,A0,00,72,FA,
72631665,00000120,false,Rx,0,8,E7,FF,FF,FF,60,00,2B,FC,
72631666,00000110,false,Rx,0,8,79,00,00,00,C0,00,5B,B2,
72632660,00000130,false,Rx,0,8,F8,FF,FF,FF,B0,00,74,53,
72632661,00000100,false,Rx,0,8,9F,00,00,00,B0,00,68,74,
72632662,00000140,false,Rx,0,8,01,00,FF,FF,E0,00,48,2E,
72633669,00000120,false,Rx,0,8,E7,FF,FF,FF,70,00,26,3C,
72633670,00000110,false,Rx,0,8,1D,00,00,00,D0,00,5E,56,
72634657,00000130,false,Rx,0,8,D9,FF,FF,FF,C0,00,57,22,
72634658,00000100,false,Rx,0,8,9F,00,00,00,C0,00,4D,B4,
72635818,00000120,false,Rx,0,8,E7,FF,FF,FF,80,00,62,3C,
72635818,00000110,false,Rx,0,8,1D,00,00,00,E0,00,4A,56,
72636818,00000130,false,Rx,0,8,F8,FF,FF,FF,D0,00,5C,53,
72636819,00000100,false,Rx,0,8,71,00,00,00,D0,00,57,3A,
72636820,00000120,false,Rx,0,8,E7,FF,FF,FF,90,00,6F,FC,
72638067,00000110,false,Rx,0,8,90,00,00,00,F0,00,59,4B,
72638068,00000050,false,Rx,0,6,41,5C,FF,FB,5F,FF,00,00,
72638068,00000130,false,Rx,0,8,D8,34,03,00,E3,80,EB,D3,
72639044,00000100,false,Rx,0,8,5A,00,00,00,E0,00,45,21,
72639045,00000120,false,Rx,0,8,04,00,00,00,A0,00,79,9F,
72640043,00000110,false,Rx,0,8,90,00,00,00,00,00,1D,4B,
72640044,00000130,false,Rx,0,8,D9,FF,FF,FF,F0,00,43,22,
72641190,00000100,false,Rx,0,8,71,00,00,00,F0,00,4E,FA,
72641191,00000120,false,Rx,0,8,04,00,00,00,B0,00,74,5F,
72642188,00000110,false,Rx,0,8,90,00,00,00,10,00,10,8B,
72642189,00000130,false,Rx,0,8,F8,FF,FF,FF,00,00,01,93,
72643167,00000100,false,Rx,0,8,43,00,00,00,00,00,0E,E8,
72643167,00000120,false,Rx,0,8,3D,00,00,00,C0,00,54,F6,
72644171,00000110,false,Rx,0,8,90,00,00,00,20,00,04,8B,
72644172,00000130,false,Rx,0,8,F8,FF,FF,FF,10,00,0C,53,
72645314,00000100,false,Rx,0,8,5A,00,00,00,10,00,01,21,
72645315,00000120,false,Rx,0,8,3D,00,00,00,D0,00,59,36,
72646315,00000110,false,Rx,0,8,79,00,00,00,30,00,1F,B2,
72646316,00000130,false,Rx,0,8,F8,FF,FF,FF,20,00,18,53,
72647293,00000100,false,Rx,0,8,71,00,00,00,20,00,13,3A,
72647294,00000120,false,Rx,0,8,04,00,00,00,E0,00,48,5F,
72648295,00000110,false,Rx,0,8,79,00,00,00,40,00,3A,72,
72648296,00000130,false,Rx,0,8,F8,FF,FF,FF,30,00,15,93,
72649446,00000100,false,Rx,0,8,71,00,00,00,30,00,1E,FA,
72649446,00000120,false,Rx,0,8,04,00,00,00,F0,00,45,9F,
72650437,00000110,false,Rx,0,8,79,00,00,00,50,00,37,B2,
72650438,00000130,false,Rx,0,8,F8,FF,FF,FF,40,00,30,53,
72651441,00000100,false,Rx,0,8,88,00,00,00,40,00,2F,53,
72651442,00000120,false,Rx,0,8,CB,FF,FF,FF,00,00,04,50,
72652412,00000110,false,Rx,0,8,79,00,00,00,60,00,23,B2,
72652413,00000130,false,Rx,0,8,F8,FF,FF,FF,50,00,3D,93,
72653411,00000100,false,Rx,0,8,9F,00,00,00,50,00,21,B4,
72653411,00000140,false,Rx,0,8,01,00,FF,FF,F0,00,45,EE,
72653412,00000120,false,Rx,0,8,CB,FF,FF,FF,10,00,09,90,
72654546,00000110,false,Rx,0,8,34,00,00,00,70,00,21,AF,
72654548,00000130,false,Rx,0,8,F8,FF,FF,FF,60,00,29,93,
72655544,00000100,false,Rx,0,8,88,00,00,00,60,00,36,93,
72655545,00000120,false,Rx,0,8,E7,FF,FF,FF,20,00,1A,3C,
72656544,00000110,false,Rx,0,8,34,00,00,00,80,00,65,AF,
72656545,00000130,false,Rx,0,8,D9,FF,FF,FF,70,00,22,E2,
72657551,00000100,false,Rx,0,8,71,00,00,00,70,00,2F,3A,
72657552,00000120,false,Rx,0,8,E7,FF,FF,FF,30,00,17,FC,
72657553,00000110,false,Rx,0,8,62,00,00,00,90,00,64,59,
72658817,00000050,false,Rx,0,6,41,5C,FF,FB,5F,FF,00,00,
72658818,00000130,false,Rx,0,8,EB,95,FF,FF,83,80,7B,A9,
72658819,00000100,false,Rx,0,8,71,00,00,00,80,00,6B,3A,
72660459,00000120,false,Rx,0,8,04,00,00,00,40,00,30,5F,
72660461,00000110,false,Rx,0,8,62,00,00,00,A0,00,70,59,
72661434,00000130,false,Rx,0,8,76,00,00,00,90,00,67,4D,
72661436,00000100,false,Rx,0,8,5A,00,00,00,90,00,60,E1,
72662432,00000120,false,Rx,0,8,04,00,00,00,50,00,3D,9F,
72662433,00000110,false,Rx,0,8,90,00,00,00,B0,00,68,8B,
72663585,00000130,false,Rx,0,8,F8,FF,FF,FF,A0,00,79,93,
72663586,00000100,false,Rx,0,8,2C,00,00,00,A0,00,7F,B7,
72664562,00000120,false,Rx,0,8,3D,00,00,00,60,00,2C,F6,
72664563,00000110,false,Rx,0,8,90,00,00,00,C0,00,4D,4B,
72665555,00000130,false,Rx,0,8,F8,FF,FF,FF,B0,00,74,53,
72665556,00000100,false,Rx,0,8,5A,00,00,00,B0,00,79,21,
72666567,00000120,false,Rx,0,8,3D,00,00,00,70,00,21,36,
72666569,00000110,false,Rx,0,8,79,00,00,00,D0,00,56,72,
72667684,00000130,false,Rx,0,8,D9,FF,FF,FF,C0,00,57,22,
72667685,00000100,false,Rx,0,8,5A,00,00,00,C0,00,5C,E1,
72668677,00000120,false,Rx,0,8,04,00,00,00,80,00,60,5F,
72668679,00000110,false,Rx,0,8,79,00,00,00,E0,00,42,72,
72669679,00000130,false,Rx,0,8,18,00,00,00,D0,00,5E,03,
72669680,00000100,false,Rx,0,8,71,00,00,00,D0,00,57,3A,
72670688,00000120,false,Rx,0,8,04,00,00,00,90,00,6D,9F,
72670689,00000110,false,Rx,0,8,4B,00,00,00,F0,00,4B,A0,
72671836,00000130,false,Rx,0,8,37,00,00,00,E0,00,4D,9C,
72671837,00000100,false,Rx,0,8,88,00,00,00,E0,00,57,53,
72672836,00000120,false,Rx,0,8,CB,FF,FF,FF,A0,00,7C,50,
72672837,00000110,false,Rx,0,8,4B,00,00,00,00,00,0F,A0,
72673831,00000130,false,Rx,0,8,18,00,00,00,F0,00,47,C3,
72673832,00000100,false,Rx,0,8,9F,00,00,00,F0,00,59,B4,
72673833,00000140,false,Rx,0,8,01,00,FF,FF,00,00,01,EE,
72674833,00000120,false,Rx,0,8,CB,FF,FF,FF,B0,00,71,90,
72674835,00000110,false,Rx,0,8,34,00,00,00,10,00,09,AF,
72675960,00000130,false,Rx,0,8,18,00,00,00,00,00,03,C3,
72675962,00000100,false,Rx,0,8,88,00,00,00,00,00,1E,93,
72676936,00000120,false,Rx,0,8,E7,FF,FF,FF,C0,00,53,FC,
72676937,00000110,false,Rx,0,8,34,00,00,00,20,00,1D,AF,
72677936,00000130,false,Rx,0,8,F8,FF,FF,FF,10,00,0C,53,
72677937,00000100,false,Rx,0,8,71,00,00,00,10,00,07,3A,
72677938,00000120,false,Rx,0,8,E7,FF,FF,FF,D0,00,5E,3C,
72679210,00000110,false,Rx,0,8,62,00,00,00,30,00,1C,59,
72679211,00000050,false,Rx,0,6,41,5C,FF,FB,5F,FF,00,00,
72679212,00000130,false,Rx,0,8,2C,BA,F5,FF,23,80,C5,00,
72680186,00000100,false,Rx,0,8,71,00,00,00,20,00,13,3A,
72680187,00000120,false,Rx,0,8,04,00,00,00,E0,00,48,5F,
72681185,00000110,false,Rx,0,8,62,00,00,00,40,00,39,99,
72681186,00000130,false,Rx,0,8,95,00,00,00,30,00,09,1E,
72682335,00000100,false,Rx,0,8,5A,00,00,00,30,00,18,E1,
72682336,00000120,false,Rx,0,8,04,00,00,00,F0,00,45,9F,
72683328,00000110,false,Rx,0,8,90,00,00,00,50,00,21,4B,
72683330,00000170,false,Rx,0,8,00,00,00,5F,50,81,05,B8,
72683331,00000130,false,Rx,0,8,F8,FF,FF,FF,40,00,30,53,
72684309,00000100,false,Rx,0,8,43,00,00,00,40,00,3F,28,
72684310,00000120,false,Rx,0,8,20,00,00,00,00,00,07,7B,
72685305,00000110,false,Rx,0,8,90,00,00,00,60,00,35,4B,
72685307,00000130,false,Rx,0,8,18,00,00,00,50,00,3F,C3,
72686457,00000100,false,Rx,0,8,5A,00,00,00,50,00,30,E1,
72686458,00000120,false,Rx,0,8,20,00,00,00,10,00,0A,BB,
72687438,00000110,false,Rx,0,8,62,00,00,00,70,00,2D,99,
72687439,00000130,false,Rx,0,8,D9,FF,FF,FF,60,00,2F,22,
72688428,00000100,false,Rx,0,8,71,00,00,00,60,00,22,FA,
72688429,00000120,false,Rx,0,8,04,00,00,00,20,00,18,5F,
72689425,00000110,false,Rx,0,8,62,00,00,00,80,00,69,99,
72689427,00000130,false,Rx,0,8,D9,FF,FF,FF,70,00,22,E2,
72690564,00000100,false,Rx,0,8,71,00,00,00,70,00,2F,3A,
72690565,00000120,false,Rx,0,8,04,00,00,00,30,00,15,9F,
72691563,00000110,false,Rx,0,8,4B,00,00,00,90,00,63,A0,
72691564,00000130,false,Rx,0,8,18,00,00,00,80,00,62,03,
72692557,00000100,false,Rx,0,8,88,00,00,00,80,00,7F,53,
72692558,00000120,false,Rx,0,8,CB,FF,FF,FF,40,00,35,90,
72693572,00000110,false,Rx,0,8,4B,00,00,00,A0,00,77,A0,
72693573,00000130,false,Rx,0,8,37,00,00,00,90,00,68,5C,
72694551,00000100,false,Rx,0,8,88,00,00,00,90,00,72,93,
72694552,00000140,false,Rx,0,8,01,00,FF,FF,10,00,0C,2E,
72694553,00000120,false,Rx,0,8,CB,FF,FF,FF,50,00,38,50,
72695676,00000110,false,Rx,0,8,34,00,00,00,B0,00,71,AF,
72695677,00000130,false,Rx,0,8,18,00,00,00,A0,00,7B,C3,
72696661,00000100,false,Rx,0,8,71,00,00,00,A0,00,72,FA,
72696662,00000120,false,Rx,0,8,04,00,00,00,60,00,29,9F,
72697655,00000110,false,Rx,0,8,34,00,00,00,C0,00,54,6F,
72697657,00000130,false,Rx,0,8,18,00,00,00,B0,00,76,03,
72698677,00000100,false,Rx,0,8,5A,00,00,00,B0,00,79,21,
72698678,00000120,false,Rx,0,8,04,00,00,00,70,00,24,5F,
72698679,00000110,false,Rx,0,8,90,00,00,00,D0,00,40,8B,
72699938,00000050,false,Rx,0,6,41,5C,FF,FB,5F,FF,00,00,
72699939,00000130,false,Rx,0,8,4D,21,00,00,C3,80,E2,91,
72699940,00000100,false,Rx,0,8,5A,00,00,00,C0,00,5C,E1,
72701553,00000120,false,Rx,0,8,20,00,00,00,80,00,66,BB,
72701554,00000110,false,Rx,0,8,90,00,00,00,E0,00,54,8B,
72702549,00000130,false,Rx,0,8,F8,FF,FF,FF,D0,00,5C,53,
72702550,00000100,false,Rx,0,8,5A,00,00,00,D0,00,51,21,
72703677,00000120,false,Rx,0,8,20,00,00,00,90,00,6B,7B,
72703678,00000110,false,Rx,0,8,90,00,00,00,F0,00,59,4B,
72704677,00000130,false,Rx,0,8,B9,FF,FF,FF,E0,00,47,42,
72704678,00000100,false,Rx,0,8,43,00,00,00,E0,00,47,28,
72705678,00000120,false,Rx,0,8,20,00,00,00,A0,00,7F,7B,
72705680,00000110,false,Rx,0,8,90,00,00,00,00,00,1D,4B,
72706688,00000130,false,Rx,0,8,F8,FF,FF,FF,F0,00,45,93,
72706689,00000100,false,Rx,0,8,5A,00,00,00,F0,00,48,E1,
72707676,00000120,false,Rx,0,8,20,00,00,00,B0,00,72,BB,
72707678,00000110,false,Rx,0,8,62,00,00,00,10,00,05,99,
72708835,00000130,false,Rx,0,8,F8,FF,FF,FF,00,00,01,93,
72708836,00000100,false,Rx,0,8,5A,00,00,00,00,00,0C,E1,
72709811,00000120,false,Rx,0,8,04,00,00,00,C0,00,51,9F,
72709812,00000110,false,Rx,0,8,62,00,00,00,20,00,11,99,
72710813,00000130,false,Rx,0,8,D9,FF,FF,FF,10,00,0A,E2,
72710815,00000100,false,Rx,0,8,71,00,00,00,10,00,07,3A,
72711802,00000120,false,Rx,0,8,04,00,00,00,D0,00,5C,5F,
72711803,00000110,false,Rx,0,8,4B,00,00,00,30,00,1B,A0,
72712960,00000130,false,Rx,0,8,F8,FF,FF,FF,20,00,18,53,
72712961,00000100,false,Rx,0,8,88,00,00,00,20,00,07,53,
72713959,00000120,false,Rx,0,8,AE,FF,FF,FF,E0,00,44,65,
72713960,00000110,false,Rx,0,8,4B,00,00,00,40,00,3E,60,
72714928,00000130,false,Rx,0,8,18,00,00,00,30,00,17,C3,
72714929,00000100,false,Rx,0,8,9F,00,00,00,30,00,09,B4,
72714930,00000140,false,Rx,0,8,01,00,FF,FF,20,00,18,2E,
72715948,00000120,false,Rx,0,8,AE,FF,FF,FF,F0,00,49,A5,
72715949,00000110,false,Rx,0,8,4B,00,00,00,50,00,33,A0,
72717082,00000130,false,Rx,0,8,F8,FF,FF,FF,40,00,30,53,
72717084,00000100,false,Rx,0,8,71,00,00,00,40,00,3B,3A,
72718083,00000120,false,Rx,0,8,20,00,00,00,00,00,07,7B,
72718085,00000110,false,Rx,0,8,4B,00,00,00,60,00,27,A0,
72719077,00000130,false,Rx,0,8,F8,FF,FF,FF,50,00,3D,93,
72719078,00000100,false,Rx,0,8,5A,00,00,00,50,00,30,E1,
72719079,00000120,false,Rx,0,8,20,00,00,00,10,00,0A,BB,
72720335,00000110,false,Rx,0,8,90,00,00,00,70,00,38,8B,
72720336,00000050,false,Rx,0,6,41,5C,FF,FB,5F,FF,00,00,
72720337,00000130,false,Rx,0,8,D8,34,03,00,63,80,8A,13,
72721310,00000100,false,Rx,0,8,5A,00,00,00,60,00,24,E1,
72721312,00000120,false,Rx,0,8,20,00,00,00,20,00,1E,BB,
72722279,00000110,false,Rx,0,8,90,00,00,00,80,00,7C,8B,
72722281,00000130,false,Rx,0,8,F8,FF,FF,FF,70,00,24,53,
72723404,00000100,false,Rx,0,8,43,00,00,00,70,00,2B,28,
72723406,00000120,false,Rx,0,8,20,00,00,00,30,00,13,7B,
72724401,00000110,false,Rx,0,8,90,00,00,00,90,00,71,4B,
72724402,00000130,false,Rx,0,8,D9,FF,FF,FF,80,00,66,E2,
72725400,00000100,false,Rx,0,8,5A,00,00,00,80,00,6D,21,
72725401,00000120,false,Rx,0,8,E7,FF,FF,FF,40,00,32,3C,
72726524,00000110,false,Rx,0,8,90,00,00,00,A0,00,65,4B,
72726525,00000130,false,Rx,0,8,18,00,00,00,90,00,6F,C3,
72727522,00000100,false,Rx,0,8,5A,00,00,00,90,00,60,E1,
72727523,00000120,false,Rx,0,8,E7,FF,FF,FF,50,00,3F,FC,
72728522,00000110,false,Rx,0,8,62,00,00,00,B0,00,7D,99,
72728523,00000130,false,Rx,0,8,D9,FF,FF,FF,A0,00,7F,22,
72729522,00000100,false,Rx,0,8,71,00,00,00,A0,00,72,FA,
72729523,00000120,false,Rx,0,8,E7,FF,FF,FF,60,00,2B,FC,
72730522,00000110,false,Rx,0,8,62,00,00,00,C0,00,58,59,
72730523,00000130,false,Rx,0,8,F8,FF,FF,FF,B0,00,74,53,
72731649,00000100,false,Rx,0,8,88,00,00,00,B0,00,6B,53,
72731650,00000120,false,Rx,0,8,E7,FF,FF,FF,70,00,26,3C,
72732649,00000110,false,Rx,0,8,34,00,00,00,D0,00,59,AF,
72732650,00000130,false,Rx,0,8,F8,FF,FF,FF,C0,00,51,93,
72733649,00000100,false,Rx,0,8,9F,00,00,00,C0,00,4D,B4,
72733650,00000120,false,Rx,0,8,CB,FF,FF,FF,80,00,65,90,
72734648,00000110,false,Rx,0,8,34,00,00,00,E0,00,4D,AF,
72734649,00000130,false,Rx,0,8,18,00,00,00,D0,00,5E,03,
72735648,00000100,false,Rx,0,8,88,00,00,00,D0,00,43,53,
72735649,00000140,false,Rx,0,8,01,00,FF,FF,30,00,15,EE,
72735650,00000120,false,Rx,0,8,CB,FF,FF,FF,90,00,68,50,
72736774,00000110,false,Rx,0,8,4B,00,00,00,F0,00,4B,A0,
72736774,00000130,false,Rx,0,8,D9,FF,FF,FF,E0,00,4E,E2,
72737774,00000100,false,Rx,0,8,71,00,00,00,E0,00,43,3A,
72737775,00000120,false,Rx,0,8,04,00,00,00,A0,00,79,9F,
72738773,00000110,false,Rx,0,8,4B,00,00,00,00,00,0F,A0,
72738774,00000130,false,Rx,0,8,F8,FF,FF,FF,F0,00,45,93,
72739773,00000100,false,Rx,0,8,5A,00,00,00,F0,00,48,E1,
72739774,00000120,false,Rx,0,8,04,00,00,00,B0,00,74,5F,
72739775,00000110,false,Rx,0,8,62,00,00,00,10,00,05,99,
72741023,00000050,false,Rx,0,6,41,5C,FF,FB,5F,FF,00,00,
72741024,00000130,false,Rx,0,8,EB,95,FF,FF,03,80,1A,69,
72741025,00000100,false,Rx,0,8,5A,00,00,00,00,00,0C,E1,
72742648,00000120,false,Rx,0,8,3D,00,00,00,C0,00,54,F6,
72742649,00000110,false,Rx,0,8,62,00,00,00,20,00,11,99,
72743648,00000130,false,Rx,0,8,B5,00,00,00,10,00,17,BE,
72743649,00000100,false,Rx,0,8,2C,00,00,00,10,00,0A,77,
72744774,00000120,false,Rx,0,8,3D,00,00,00,D0,00,59,36,
72744775,00000110,false,Rx,0,8,90,00,00,00,30,00,09,4B,
72745774,00000130,false,Rx,0,8,18,00,00,00,20,00,1A,03,
72745775,00000100,false,Rx,0,8,43,00,00,00,20,00,17,28,
72746773,00000120,false,Rx,0,8,20,00,00,00,E0,00,4E,BB,
72746774,00000110,false,Rx,0,8,90,00,00,00,40,00,2C,8B,
72747774,00000130,false,Rx,0,8,18,00,00,00,30,00,17,C3,
72747774,00000100,false,Rx,0,8,5A,00,00,00,30,00,18,E1,
72748898,00000120,false,Rx,0,8,20,00,00,00,F0,00,43,7B,
72748899,00000110,false,Rx,0,8,62,00,00,00,50,00,34,59,
72749899,00000130,false,Rx,0,8,18,00,00,00,40,00,32,03,
72749900,00000100,false,Rx,0,8,71,00,00,00,40,00,3B,3A,
72750898,00000120,false,Rx,0,8,E7,FF,FF,FF,00,00,03,FC,
72750899,00000110,false,Rx,0,8,62,00,00,00,60,00,20,59,
72751898,00000130,false,Rx,0,8,18,00,00,00,50,00,3F,C3,
72751899,00000100,false,Rx,0,8,88,00,00,00,50,00,22,93,
72753023,00000120,false,Rx,0,8,E7,FF,FF,FF,10,00,0E,3C,
72753024,00000110,false,Rx,0,8,34,00,00,00,70,00,21,AF,
72754024,00000130,false,Rx,0,8,D9,FF,FF,FF,60,00,2F,22,
72754025,00000100,false,Rx,0,8,9F,00,00,00,60,00,35,B4,
72755024,00000120,false,Rx,0,8,CB,FF,FF,FF,20,00,1D,90,
72755024,00000110,false,Rx,0,8,34,00,00,00,80,00,65,AF,
72756023,00000130,false,Rx,0,8,F8,FF,FF,FF,70,00,24,53,
72756024,00000100,false,Rx,0,8,71,00,00,00,70,00,2F,3A,
72756024,00000140,false,Rx,0,8,01,00,FF,FF,40,00,30,2E,
72757023,00000120,false,Rx,0,8,CB,FF,FF,FF,30,00,10,50,
72757024,00000110,false,Rx,0,8,62,00,00,00,90,00,64,59,
72758148,00000130,false,Rx,0,8,F8,FF,FF,FF,80,00,60,53,
72758149,00000100,false,Rx,0,8,71,00,00,00,80,00,6B,3A,
72759148,00000120,false,Rx,0,8,E7,FF,FF,FF,40,00,32,3C,
72759149,00000110,false,Rx,0,8,62,00,00,00,A0,00,70,59,
72760148,00000130,false,Rx,0,8,F8,FF,FF,FF,90,00,6D,93,
72760148,00000100,false,Rx,0,8,71,00,00,00,90,00,66,FA,
72760149,00000120,false,Rx,0,8,E7,FF,FF,FF,50,00,3F,FC,
72761398,00000110,false,Rx,0,8,79,00,00,00,B0,00,7E,72,
72761399,00000050,false,Rx,0,6,41,5C,FF,FB,5F,FF,00,00,
72761400,00000130,false,Rx,0,8,4C,BA,F5,FF,A3,80,AD,60,
72762398,00000100,false,Rx,0,8,43,00,00,00,A0,00,76,E8,
72762398,00000120,false,Rx,0,8,3D,00,00,00,60,00,2C,F6,
72763398,00000110,false,Rx,0,8,79,00,00,00,C0,00,5B,B2,
72763399,00000130,false,Rx,0,8,76,00,00,00,B0,00,7E,8D,
72764523,00000100,false,Rx,0,8,43,00,00,00,B0,00,7B,28,
72764524,00000120,false,Rx,0,8,3D,00,00,00,70,00,21,36,
72765524,00000110,false,Rx,0,8,79,00,00,00,D0,00,56,72,
72765525,00000130,false,Rx,0,8,D9,FF,FF,FF,C0,00,57,22,
72766522,00000100,false,Rx,0,8,43,00,00,00,C0,00,5E,E8,
72766523,00000120,false,Rx,0,8,04,00,00,00,80,00,60,5F,
72767646,00000110,false,Rx,0,8,79,00,00,00,E0,00,42,72,
72767647,00000130,false,Rx,0,8,F8,FF,FF,FF,D0,00,5C,53,
72768648,00000100,false,Rx,0,8,5A,00,00,00,D0,00,51,21,
72768649,00000120,false,Rx,0,8,04,00,00,00,90,00,6D,9F,
72769646,00000110,false,Rx,0,8,62,00,00,00,F0,00,4C,59,
72769647,00000130,false,Rx,0,8,18,00,00,00,E0,00,4A,03,
72770648,00000100,false,Rx,0,8,71,00,00,00,E0,00,43,3A,
72770649,00000120,false,Rx,0,8,CB,FF,FF,FF,A0,00,7C,50,
72771771,00000110,false,Rx,0,8,62,00,00,00,00,00,08,59,
72771772,00000130,false,Rx,0,8,F8,FF,FF,FF,F0,00,45,93,
72771773,00000100,false,Rx,0,8,88,00,00,00,F0,00,5A,93,
72773531,00000120,false,Rx,0,8,CB,FF,FF,FF,B0,00,71,90,
72773532,00000110,false,Rx,0,8,1D,00,00,00,10,00,0E,56,
72774525,00000130,false,Rx,0,8,37,00,00,00,00,00,04,5C,
72774526,00000100,false,Rx,0,8,9F,00,00,00,00,00,1D,B4,
72775523,00000120,false,Rx,0,8,E7,FF,FF,FF,C0,00,53,FC,
72775524,00000110,false,Rx,0,8,1D,00,00,00,20,00,1A,56,
72776648,00000130,false,Rx,0,8,18,00,00,00,10,00,0E,03,
72776650,00000100,false,Rx,0,8,71,00,00,00,10,00,07,3A,
72776651,00000140,false,Rx,0,8,01,00,FF,FF,50,00,3D,EE,
72777647,00000120,false,Rx,0,8,E7,FF,FF,FF,D0,00,5E,3C,
72777648,00000110,false,Rx,0,8,62,00,00,00,30,00,1C,59,
72778646,00000130,false,Rx,0,8,18,00,00,00,20,00,1A,03,
72778647,00000100,false,Rx,0,8,71,00,00,00,20,00,13,3A,
72779647,00000120,false,Rx,0,8,04,00,00,00,E0,00,48,5F,
72779647,00000110,false,Rx,0,8,62,00,00,00,40,00,39,99,
72780647,00000130,false,Rx,0,8,37,00,00,00,30,00,10,5C,
72780648,00000100,false,Rx,0,8,5A,00,00,00,30,00,18,E1,
72780648,00000120,false,Rx,0,8,04,00,00,00,F0,00,45,9F,
72781897,00000110,false,Rx,0,8,A7,00,00,00,50,00,25,0C,
72781898,00000050,false,Rx,0,6,41,5C,FF,FB,5F,FF,00,00,
72781898,00000130,false,Rx,0,8,4D,21,00,00,43,80,83,51,
72783022,00000100,false,Rx,0,8,43,00,00,00,40,00,3F,28,
72783023,00000120,false,Rx,0,8,3D,00,00,00,00,00,04,F6,
72784023,00000110,false,Rx,0,8,A7,00,00,00,60,00,31,0C,
72784024,00000130,false,Rx,0,8,18,00,00,00,50,00,3F,C3,
72785022,00000100,false,Rx,0,8,5A,00,00,00,50,00,30,E1,
72785022,00000120,false,Rx,0,8,3D,00,00,00,10,00,09,36,
72786147,00000110,false,Rx,0,8,79,00,00,00,70,00,2E,72,
72786148,00000170,false,Rx,0,8,00,00,00,50,50,81,05,D0,
72786149,00000130,false,Rx,0,8,D9,FF,FF,FF,60,00,2F,22,
72787148,00000100,false,Rx,0,8,71,00,00,00,60,00,22,FA,
72787149,00000120,false,Rx,0,8,04,00,00,00,20,00,18,5F,
72788148,00000110,false,Rx,0,8,79,00,00,00,80,00,6A,72,
72788149,00000130,false,Rx,0,8,F8,FF,FF,FF,70,00,24,53,
72789148,00000100,false,Rx,0,8,71,00,00,00,70,00,2F,3A,
72789149,00000120,false,Rx,0,8,04,00,00,00,30,00,15,9F,
72790272,00000110,false,Rx,0,8,62,00,00,00,90,00,64,59,
72790273,00000130,false,Rx,0,8,18,00,00,00,80,00,62,03,
72791272,00000100,false,Rx,0,8,88,00,00,00,80,00,7F,53,
72791272,00000120,false,Rx,0,8,E7,FF,FF,FF,40,00,32,3C,
72792272,00000110,false,Rx,0,8,62,00,00,00,A0,00,70,59,
72792273,00000130,false,Rx,0,8,F8,FF,FF,FF,90,00,6D,93,
72793272,00000100,false,Rx,0,8,88,00,00,00,90,00,72,93,
72793272,00000120,false,Rx,0,8,E7,FF,FF,FF,50,00,3F,FC,
72794397,00000110,false,Rx,0,8,1D,00,00,00,B0,00,76,56,
72794398,00000130,false,Rx,0,8,18,00,00,00,A0,00,7B,C3,
72795396,00000100,false,Rx,0,8,71,00,00,00,A0,00,72,FA,
72795397,00000120,false,Rx,0,8,04,00,00,00,60,00,29,9F,
72796396,00000110,false,Rx,0,8,1D,00,00,00,C0,00,53,96,
72796397,00000130,false,Rx,0,8,F8,FF,FF,FF,B0,00,74,53,
72797396,00000100,false,Rx,0,8,71,00,00,00,B0,00,7F,3A,
72797397,00000140,false,Rx,0,8,01,00,FF,FF,60,00,29,EE,
72797398,00000120,false,Rx,0,8,04,00,00,00,70,00,24,5F,
72798396,00000110,false,Rx,0,8,62,00,00,00,D0,00,55,99,
72798397,00000130,false,Rx,0,8,18,00,00,00,C0,00,53,C3,
72799521,00000100,false,Rx,0,8,5A,00,00,00,C0,00,5C,E1,
72799522,00000120,false,Rx,0,8,04,00,00,00,80,00,60,5F,
72800520,00000110,false,Rx,0,8,62,00,00,00,E0,00,41,99,
72800521,00000130,false,Rx,0,8,18,00,00,00,D0,00,5E,03,
72801521,00000100,false,Rx,0,8,5A,00,00,00,D0,00,51,21,
72801521,00000120,false,Rx,0,8,04,00,00,00,90,00,6D,9F,
72801522,00000110,false,Rx,0,8,A7,00,00,00,F0,00,5D,0C,
72802645,00000050,false,Rx,0,6,41,5C,FF,FB,5F,FF,00,00,
72802645,00000130,false,Rx,0,8,B8,34,03,00,E3,80,E2,73,
72802646,00000100,false,Rx,0,8,2C,00,00,00,E0,00,4E,77,
72804270,00000120,false,Rx,0,8,20,00,00,00,A0,00,7F,7B,
72804271,00000110,false,Rx,0,8,A7,00,00,00,00,00,19,0C,
72805395,00000130,false,Rx,0,8,18,00,00,00,F0,00,47,C3,
72805396,00000100,false,Rx,0,8,5A,00,00,00,F0,00,48,E1,
72806395,00000120,false,Rx,0,8,20,00,00,00,B0,00,72,BB,
72806396,00000110,false,Rx,0,8,62,00,00,00,10,00,05,99,
72807520,00000130,false,Rx,0,8,F8,FF,FF,FF,00,00,01,93,
72807520,00000100,false,Rx,0,8,5A,00,00,00,00,00,0C,E1,
72808529,00000120,false,Rx,0,8,04,00,00,00,C0,00,51,9F,
72808530,00000110,false,Rx,0,8,62,00,00,00,20,00,11,99,
72809532,00000130,false,Rx,0,8,F8,FF,FF,FF,10,00,0C,53,
72809533,00000100,false,Rx,0,8,88,00,00,00,10,00,13,53,
72810557,00000120,false,Rx,0,8,04,00,00,00,D0,00,5C,5F,
72810558,00000110,false,Rx,0,8,4B,00,00,00,30,00,1B,A0,
72811554,00000130,false,Rx,0,8,37,00,00,00,20,00,1D,9C,
72811555,00000100,false,Rx,0,8,88,00,00,00,20,00,07,53,
72812678,00000120,false,Rx,0,8,E7,FF,FF,FF,E0,00,4A,3C,
72812679,00000110,false,Rx,0,8,4B,00,00,00,40,00,3E,60,
72813662,00000130,false,Rx,0,8,F8,FF,FF,FF,30,00,15,93,
72813663,00000100,false,Rx,0,8,88,00,00,00,30,00,0A,93,
72814662,00000120,false,Rx,0,8,E7,FF,FF,FF,F0,00,47,FC,
72814663,00000110,false,Rx,0,8,34,00,00,00,50,00,38,6F,
72815757,00000130,false,Rx,0,8,D9,FF,FF,FF,40,00,36,E2,
72815758,00000100,false,Rx,0,8,71,00,00,00,40,00,3B,3A,
72816807,00000120,false,Rx,0,8,E7,FF,FF,FF,00,00,03,FC,
72816809,00000110,false,Rx,0,8,34,00,00,00,60,00,2C,6F,
72817904,00000130,false,Rx,0,8,37,00,00,00,50,00,38,5C,
72817905,00000100,false,Rx,0,8,71,00,00,00,50,00,36,FA,
72817906,00000140,false,Rx,0,8,01,00,FF,FF,70,00,24,2E,
72818801,00000120,false,Rx,0,8,E7,FF,FF,FF,10,00,0E,3C,
72818802,00000110,false,Rx,0,8,62,00,00,00,70,00,2D,99,
72819801,00000130,false,Rx,0,8,B9,FF,FF,FF,60,00,26,82,
72819803,00000100,false,Rx,0,8,71,00,00,00,60,00,22,FA,
72820801,00000120,false,Rx,0,8,04,00,00,00,20,00,18,5F,
72820803,00000110,false,Rx,0,8,62,00,00,00,80,00,69,99,
72821927,00000130,false,Rx,0,8,18,00,00,00,70,00,26,03,
72821929,00000100,false,Rx,0,8,5A,00,00,00,70,00,29,21,
72821929,00000120,false,Rx,0,8,04,00,00,00,30,00,15,9F,
72823052,00000110,false,Rx,0,8,90,00,00,00,90,00,71,4B,
72823053,00000050,false,Rx,0,6,41,5C,FF,FB,5F,FF,00,00,
72823054,00000130,false,Rx,0,8,0B,96,FF,FF,83,80,29,C9,
72824202,00000100,false,Rx,0,8,43,00,00,00,80,00,6F,28,
72824204,00000120,false,Rx,0,8,20,00,00,00,40,00,36,BB,
72825183,00000110,false,Rx,0,8,90,00,00,00,A0,00,65,4B,
72825184,00000130,false,Rx,0,8,56,00,00,00,90,00,60,2D,
72826174,00000100,false,Rx,0,8,5A,00,00,00,90,00,60,E1,
72826176,00000120,false,Rx,0,8,20,00,00,00,50,00,3B,7B,
72827329,00000110,false,Rx,0,8,62,00,00,00,B0,00,7D,99,
72827330,00000130,false,Rx,0,8,F8,FF,FF,FF,A0,00,79,93,
72828328,00000100,false,Rx,0,8,5A,00,00,00,A0,00,74,E1,
72828329,00000120,false,Rx,0,8,E7,FF,FF,FF,60,00,2B,FC,
72829307,00000110,false,Rx,0,8,62,00,00,00,C0,00,58,59,
72829309,00000130,false,Rx,0,8,F8,FF,FF,FF,B0,00,74,53,
72830306,00000100,false,Rx,0,8,71,00,00,00,B0,00,7F,3A,
72830307,00000120,false,Rx,0,8,E7,FF,FF,FF,70,00,26,3C,
72831293,00000110,false,Rx,0,8,4B,00,00,00,D0,00,52,60,
72831295,00000130,false,Rx,0,8,F8,FF,FF,FF,C0,00,51,93,
72832426,00000100,false,Rx,0,8,88,00,00,00,C0,00,4E,93,
72832428,00000120,false,Rx,0,8,CB,FF,FF,FF,80,00,65,90,
72833522,00000110,false,Rx,0,8,4B,00,00,00,E0,00,46,60,
72833524,00000130,false,Rx,0,8,18,00,00,00,D0,00,5E,03,
72834432,00000100,false,Rx,0,8,9F,00,00,00,D0,00,40,74,
72834434,00000120,false,Rx,0,8,CB,FF,FF,FF,90,00,68,50,
72835555,00000110,false,Rx,0,8,4B,00,00,00,F0,00,4B,A0,
72835556,00000130,false,Rx,0,8,D9,FF,FF,FF,E0,00,4E,E2,
72836578,00000100,false,Rx,0,8,71,00,00,00,E0,00,43,3A,
72836580,00000120,false,Rx,0,8,20,00,00,00,A0,00,7F,7B,
72837558,00000110,false,Rx,0,8,4B,00,00,00,00,00,0F,A0,
72837560,00000130,false,Rx,0,8,F8,FF,FF,FF,F0,00,45,93,
72838557,00000100,false,Rx,0,8,5A,00,00,00,F0,00,48,E1,
72838558,00000140,false,Rx,0,8,01,00,FF,FF,80,00,60,2E,
72838558,00000120,false,Rx,0,8,20,00,00,00,B0,00,72,BB,
72839551,00000110,false,Rx,0,8,62,00,00,00,10,00,05,99,
72839553,00000130,false,Rx,0,8,D9,FF,FF,FF,00,00,07,22,
72840674,00000100,false,Rx,0,8,5A,00,00,00,00,00,0C,E1,
72840676,00000120,false,Rx,0,8,20,00,00,00,C0,00,57,7B,
72841676,00000110,false,Rx,0,8,62,00,00,00,20,00,11,99,
72841677,00000130,false,Rx,0,8,18,00,00,00,10,00,0E,03,
72842657,00000100,false,Rx,0,8,5A,00,00,00,10,00,01,21,
72842659,00000120,false,Rx,0,8,20,00,00,00,D0,00,5A,BB,
72842659,00000110,false,Rx,0,8,A7,00,00,00,30,00,0D,0C,
72843953,00000050,false,Rx,0,6,41,5C,FF,FB,5F,FF,00,00,
72843955,00000130,false,Rx,0,8,4C,BA,F5,FF,23,80,CC,A0,
72843955,00000100,false,Rx,0,8,43,00,00,00,20,00,17,28,
72845427,00000120,false,Rx,0,8,20,00,00,00,E0,00,4E,BB,
72845428,00000110,false,Rx,0,8,A7,00,00,00,40,00,28,CC,
72846550,00000130,false,Rx,0,8,76,00,00,00,30,00,1F,4D,
72846551,00000100,false,Rx,0,8,5A,00,00,00,30,00,18,E1,
72847554,00000120,false,Rx,0,8,20,00,00,00,F0,00,43,7B,
72847556,00000110,false,Rx,0,8,62,00,00,00,50,00,34,59,
72848554,00000130,false,Rx,0,8,F8,FF,FF,FF,40,00,30,53,
72848556,00000100,false,Rx,0,8,5A,00,00,00,40,00,3D,21,
72849667,00000120,false,Rx,0,8,04,00,00,00,00,00,01,9F,
72849678,00000110,false,Rx,0,8,62,00,00,00,60,00,20,59,
72850754,00000130,false,Rx,0,8,D9,FF,FF,FF,50,00,3B,22,
72850754,00000100,false,Rx,0,8,71,00,00,00,50,00,36,FA,
72851673,00000120,false,Rx,0,8,04,00,00,00,10,00,0C,5F,
72851683,00000110,false,Rx,0,8,4B,00,00,00,70,00,2A,60,
72852675,00000130,false,Rx,0,8,18,00,00,00,60,00,2B,C3,
72852677,00000100,false,Rx,0,8,88,00,00,00,60,00,36,93,
72853829,00000120,false,Rx,0,8,E7,FF,FF,FF,20,00,1A,3C,
72853830,00000110,false,Rx,0,8,4B,00,00,00,80,00,6E,60,
72854829,00000130,false,Rx,0,8,18,00,00,00,70,00,26,03,
72854831,00000100,false,Rx,0,8,88,00,00,00,70,00,3B,53,
72855808,00000120,false,Rx,0,8,E7,FF,FF,FF,30,00,17,FC,
72855809,00000110,false,Rx,0,8,4B,00,00,00,90,00,63,A0,
72856796,00000130,false,Rx,0,8,37,00,00,00,80,00,65,9C,
72856798,00000100,false,Rx,0,8,71,00,00,00,80,00,6B,3A,
72857952,00000120,false,Rx,0,8,04,00,00,00,40,00,30,5F,
72857954,00000110,false,Rx,0,8,4B,00,00,00,A0,00,77,A0,
72858952,00000130,false,Rx,0,8,F8,FF,FF,FF,90,00,6D,93,
72858954,00000100,false,Rx,0,8,71,00,00,00,90,00,66,FA,
72858954,00000140,false,Rx,0,8,01,00,FF,FF,90,00,6D,EE,
72859933,00000120,false,Rx,0,8,04,00,00,00,50,00,3D,9F,
72859934,00000110,false,Rx,0,8,62,00,00,00,B0,00,7D,99,
72860935,00000130,false,Rx,0,8,D9,FF,FF,FF,A0,00,7F,22,
72860937,00000100,false,Rx,0,8,71,00,00,00,A0,00,72,FA,
72861954,00000120,false,Rx,0,8,20,00,00,00,60,00,2F,7B,
72861955,00000110,false,Rx,0,8,62,00,00,00,C0,00,58,59,
72863083,00000130,false,Rx,0,8,18,00,00,00,B0,00,76,03,
72863085,00000100,false,Rx,0,8,43,00,00,00,B0,00,7B,28,
72863085,00000120,false,Rx,0,8,20,00,00,00,70,00,22,BB,
72864172,00000110,false,Rx,0,8,D5,00,00,00,D0,00,4E,1E,
72864174,00000050,false,Rx,0,6,41,5C,FF,FB,5F,FF,00,00,
72864174,00000130,false,Rx,0,8,6C,21,00,00,C3,80,E4,20,
72865328,00000100,false,Rx,0,8,43,00,00,00,C0,00,5E,E8,
72865329,00000120,false,Rx,0,8,20,00,00,00,80,00,66,BB,
72866329,00000110,false,Rx,0,8,D5,00,00,00,E0,00,5A,1E,
72866330,00000130,false,Rx,0,8,F8,FF,FF,FF,D0,00,5C,53,
72867297,00000100,false,Rx,0,8,5A,00,00,00,D0,00,51,21,
72867298,00000120,false,Rx,0,8,20,00,00,00,90,00,6B,7B,
72868452,00000110,false,Rx,0,8,62,00,00,00,F0,00,4C,59,
72868454,00000130,false,Rx,0,8,18,00,00,00,E0,00,4A,03,
72869420,00000100,false,Rx,0,8,71,00,00,00,E0,00,43,3A,
72869421,00000120,false,Rx,0,8,04,00,00,00,A0,00,79,9F,
72870436,00000110,false,Rx,0,8,62,00,00,00,00,00,08,59,
72870437,00000130,false,Rx,0,8,F8,FF,FF,FF,F0,00,45,93,
72871422,00000100,false,Rx,0,8,71,00,00,00,F0,00,4E,FA,
72871423,00000120,false,Rx,0,8,04,00,00,00,B0,00,74,5F,
72872576,00000110,false,Rx,0,8,34,00,00,00,10,00,09,AF,
72872577,00000130,false,Rx,0,8,B9,FF,FF,FF,00,00,0E,82,
72873550,00000100,false,Rx,0,8,9F,00,00,00,00,00,1D,B4,
72873552,00000120,false,Rx,0,8,CB,FF,FF,FF,C0,00,54,50,
72874557,00000110,false,Rx,0,8,34,00,00,00,20,00,1D,AF,
72874558,00000130,false,Rx,0,8,D9,FF,FF,FF,10,00,0A,E2,
72875550,00000100,false,Rx,0,8,88,00,00,00,10,00,13,53,
72875551,00000120,false,Rx,0,8,CB,FF,FF,FF,D0,00,59,90,
72876694,00000110,false,Rx,0,8,4B,00,00,00,30,00,1B,A0,
72876695,00000130,false,Rx,0,8,D9,FF,FF,FF,20,00,1E,E2,
72877693,00000100,false,Rx,0,8,88,00,00,00,20,00,07,53,
72877694,00000135,false,Rx,0,8,A5,00,00,00,70,00,3D,2E,
72878678,00000110,false,Rx,0,8,4B,00,00,00,40,00,3E,60,
72878679,00000130,false,Rx,0,8,F8,FF,FF,FF,30,00,15,93,
72879675,00000100,false,Rx,0,8,71,00,00,00,30,00,1E,FA,
72879676,00000140,false,Rx,0,8,01,00,FF,FF,A0,00,79,EE,
72879677,00000120,false,Rx,0,8,CB,FF,FF,FF,E0,00,4D,90,
72880672,00000110,false,Rx,0,8,62,00,00,00,50,00,34,59,
72880674,00000130,false,Rx,0,8,18,00,00,00,40,00,32,03,
72881830,00000100,false,Rx,0,8,5A,00,00,00,40,00,3D,21,
72881831,00000120,false,Rx,0,8,20,00,00,00,F0,00,43,7B,
72882827,00000110,false,Rx,0,8,62,00,00,00,60,00,20,59,
72882828,00000130,false,Rx,0,8,37,00,00,00,50,00,38,5C,
72883807,00000100,false,Rx,0,8,2C,00,00,00,50,00,3B,B7,
72883809,00000120,false,Rx,0,8,20,00,00,00,00,00,07,7B,
72883809,00000110,false,Rx,0,8,BE,00,00,00,70,00,3E,C5,
72885057,00000050,false,Rx,0,6,41,5C,FF,FB,5F,FF,00,00,
72885059,00000130,false,Rx,0,8,D8,34,03,00,63,80,8A,13,
72885059,00000100,false,Rx,0,8,5A,00,00,00,60,00,24,E1,
72886685,00000120,false,Rx,0,8,20,00,00,00,10,00,0A,BB,
72886686,00000110,false,Rx,0,8,BE,00,00,00,80,00,7A,C5,
72887656,00000130,false,Rx,0,8,F8,FF,FF,FF,70,00,24,53,
72887657,00000100,false,Rx,0,8,5A,00,00,00,70,00,29,21,
72888693,00000120,false,Rx,0,8,20,00,00,00,20,00,1E,BB,
72888694,00000110,false,Rx,0,8,62,00,00,00,90,00,64,59,
72888695,00000170,false,Rx,0,8,00,00,00,51,50,81,05,4D,
72889834,00000130,false,Rx,0,8,F8,FF,FF,FF,80,00,60,53,
72889836,00000100,false,Rx,0,8,71,00,00,00,80,00,6B,3A,
72890830,00000120,false,Rx,0,8,04,00,00,00,30,00,15,9F,
72890831,00000110,false,Rx,0,8,62,00,00,00,A0,00,70,59,
72891831,00000130,false,Rx,0,8,D9,FF,FF,FF,90,00,6B,22,
72891832,00000100,false,Rx,0,8,88,00,00,00,90,00,72,93,
72892823,00000120,false,Rx,0,8,04,00,00,00,40,00,30,5F,
72892825,00000110,false,Rx,0,8,34,00,00,00,B0,00,71,AF,
72893953,00000130,false,Rx,0,8,D9,FF,FF,FF,A0,00,7F,22,
72893954,00000100,false,Rx,0,8,B6,00,00,00,A0,00,62,4D,
72894958,00000120,false,Rx,0,8,CB,FF,FF,FF,50,00,38,50,
72894960,00000110,false,Rx,0,8,34,00,00,00,C0,00,54,6F,
72895941,00000130,false,Rx,0,8,D9,FF,FF,FF,B0,00,72,E2,
72895942,00000100,false,Rx,0,8,71,00,00,00,B0,00,7F,3A,
72896928,00000120,false,Rx,0,8,CB,FF,FF,FF,60,00,2C,50,
72896929,00000110,false,Rx,0,8,62,00,00,00,D0,00,55,99,
72897924,00000130,false,Rx,0,8,18,00,00,00,C0,00,53,C3,
72897925,00000100,false,Rx,0,8,71,00,00,00,C0,00,5A,FA,
72899057,00000120,false,Rx,0,8,E7,FF,FF,FF,70,00,26,3C,
72899059,00000110,false,Rx,0,8,62,00,00,00,E0,00,41,99,
72900077,00000130,false,Rx,0,8,18,00,00,00,D0,00,5E,03,
72900079,00000100,false,Rx,0,8,71,00,00,00,D0,00,57,3A,
72900079,00000140,false,Rx,0,8,01,00,FF,FF,B0,00,74,2E,
72901055,00000120,false,Rx,0,8,E7,FF,FF,FF,80,00,62,3C,
72901056,00000110,false,Rx,0,8,79,00,00,00,F0,00,4F,B2,
72902049,00000130,false,Rx,0,8,F8,FF,FF,FF,E0,00,48,53,
72902051,00000100,false,Rx,0,8,5A,00,00,00,E0,00,45,21,
72903202,00000120,false,Rx,0,8,3D,00,00,00,90,00,68,F6,
72903204,00000110,false,Rx,0,8,79,00,00,00,00,00,0B,B2,
72904207,00000130,false,Rx,0,8,18,00,00,00,F0,00,47,C3,
72904209,00000100,false,Rx,0,8,2C,00,00,00,F0,00,43,B7,
72904209,00000120,false,Rx,0,8,3D,00,00,00,A0,00,7C,F6,
72905298,00000110,false,Rx,0,8,79,00,00,00,10,00,06,72,
72905299,00000050,false,Rx,0,6,41,5C,FF,FB,5F,FF,00,00,
72905300,00000130,false,Rx,0,8,EB,95,FF,FF,03,80,1A,69,
72906452,00000100,false,Rx,0,8,5A,00,00,00,00,00,0C,E1,
72906453,00000120,false,Rx,0,8,04,00,00,00,B0,00,74,5F,
72907429,00000110,false,Rx,0,8,79,00,00,00,20,00,12,72,
72907430,00000130,false,Rx,0,8,76,00,00,00,10,00,06,8D,
72908421,00000100,false,Rx,0,8,71,00,00,00,10,00,07,3A,
72908422,00000120,false,Rx,0,8,04,00,00,00,C0,00,51,9F,
72909528,00000110,false,Rx,0,8,62,00,00,00,30,00,1C,59,
72909529,00000130,false,Rx,0,8,F8,FF,FF,FF,20,00,18,53,
72910556,00000100,false,Rx,0,8,71,00,00,00,20,00,13,3A,
72910558,00000120,false,Rx,0,8,CB,FF,FF,FF,D0,00,59,90,
72911557,00000110,false,Rx,0,8,62,00,00,00,40,00,39,99,
72911559,00000130,false,Rx,0,8,F8,FF,FF,FF,30,00,15,93,
72912549,00000100,false,Rx,0,8,88,00,00,00,30,00,0A,93,
72912550,00000120,false,Rx,0,8,CB,FF,FF,FF,E0,00,4D,90,
72913672,00000110,false,Rx,0,8,1D,00,00,00,50,00,3F,96,
72913673,00000130,false,Rx,0,8,18,00,00,00,40,00,32,03,
72914690,00000100,false,Rx,0,8,9F,00,00,00,40,00,2C,74,
72914691,00000120,false,Rx,0,8,E7,FF,FF,FF,F0,00,47,FC,
72915672,00000110,false,Rx,0,8,1D,00,00,00,60,00,2B,96,
72915674,00000130,false,Rx,0,8,F8,FF,FF,FF,50,00,3D,93,
72916680,00000100,false,Rx,0,8,71,00,00,00,50,00,36,FA,
72916681,00000120,false,Rx,0,8,E7,FF,FF,FF,00,00,03,FC,
72917829,00000110,false,Rx,0,8,4B,00,00,00,70,00,2A,60,
72917830,00000130,false,Rx,0,8,37,00,00,00,60,00,2C,5C,
72918828,00000100,false,Rx,0,8,71,00,00,00,60,00,22,FA,
72918829,00000120,false,Rx,0,8,04,00,00,00,10,00,0C,5F,
72919833,00000110,false,Rx,0,8,4B,00,00,00,80,00,6E,60,
72919834,00000130,false,Rx,0,8,18,00,00,00,70,00,26,03,
72920804,00000100,false,Rx,0,8,71,00,00,00,70,00,2F,3A,
72920806,00000140,false,Rx,0,8,01,00,FF,FF,C0,00,51,EE,
72920806,00000120,false,Rx,0,8,04,00,00,00,20,00,18,5F,
72921953,00000110,false,Rx,0,8,79,00,00,00,90,00,67,B2,
72921954,00000130,false,Rx,0,8,D9,FF,FF,FF,80,00,66,E2,
72922952,00000100,false,Rx,0,8,43,00,00,00,80,00,6F,28,
72922953,00000120,false,Rx,0,8,3D,00,00,00,30,00,10,F6,
72923932,00000110,false,Rx,0,8,79,00,00,00,A0,00,73,B2,
72923933,00000130,false,Rx,0,8,18,00,00,00,90,00,6F,C3,
72924929,00000100,false,Rx,0,8,43,00,00,00,90,00,62,E8,
72924930,00000120,false,Rx,0,8,3D,00,00,00,40,00,35,36,
72924931,00000110,false,Rx,0,8,79,00,00,00,B0,00,7E,72,
72926202,00000050,false,Rx,0,6,41,5C,FF,FB,5F,FF,00,00,
72926203,00000130,false,Rx,0,8,4C,BA,F5,FF,A3,80,AD,60,
72926204,00000100,false,Rx,0,8,5A,00,00,00,A0,00,74,E1,
72927827,00000120,false,Rx,0,8,04,00,00,00,50,00,3D,9F,
72927829,00000110,false,Rx,0,8,79,00,00,00,C0,00,5B,B2,
72928805,00000130,false,Rx,0,8,95,00,00,00,B0,00,68,DE,
72928807,00000100,false,Rx,0,8,71,00,00,00,B0,00,7F,3A,
72929775,00000120,false,Rx,0,8,04,00,00,00,60,00,29,9F,
72929776,00000110,false,Rx,0,8,62,00,00,00,D0,00,55,99,
72930954,00000130,false,Rx,0,8,F8,FF,FF,FF,C0,00,51,93,
72930956,00000100,false,Rx,0,8,71,00,00,00,C0,00,5A,FA,
72931934,00000120,false,Rx,0,8,E7,FF,FF,FF,70,00,26,3C,
72931935,00000110,false,Rx,0,8,62,00,00,00,E0,00,41,99,
72932931,00000130,false,Rx,0,8,F8,FF,FF,FF,D0,00,5C,53,
72932933,00000100,false,Rx,0,8,88,00,00,00,D0,00,43,53,
72933936,00000120,false,Rx,0,8,E7,FF,FF,FF,80,00,62,3C,
72933937,00000110,false,Rx,0,8,1D,00,00,00,F0,00,47,96,
72934923,00000130,false,Rx,0,8,18,00,00,00,E0,00,4A,03,
72934925,00000100,false,Rx,0,8,88,00,00,00,E0,00,57,53,
72936073,00000120,false,Rx,0,8,04,00,00,00,90,00,6D,9F,
72936075,00000110,false,Rx,0,8,1D,00,00,00,00,00,03,96,
72937085,00000130,false,Rx,0,8,F8,FF,FF,FF,F0,00,45,93,
72937086,00000100,false,Rx,0,8,71,00,00,00,F0,00,4E,FA,
72938069,00000120,false,Rx,0,8,04,00,00,00,A0,00,79,9F,
72938070,00000110,false,Rx,0,8,62,00,00,00,10,00,05,99,
72939203,00000130,false,Rx,0,8,D9,FF,FF,FF,00,00,07,22,
72939204,00000100,false,Rx,0,8,71,00,00,00,00,00,0A,FA,
72940174,00000120,false,Rx,0,8,20,00,00,00,B0,00,72,BB,
72940176,00000110,false,Rx,0,8,62,00,00,00,20,00,11,99,
72941192,00000130,false,Rx,0,8,F8,FF,FF,FF,10,00,0C,53,
72941193,00000100,false,Rx,0,8,71,00,00,00,10,00,07,3A,
72941193,00000140,false,Rx,0,8,01,00,FF,FF,D0,00,5C,2E,
72942178,00000120,false,Rx,0,8,20,00,00,00,C0,00,57,7B,
72942180,00000110,false,Rx,0,8,90,00,00,00,30,00,09,4B,
72943197,00000130,false,Rx,0,8,F8,FF,FF,FF,20,00,18,53,
72943199,00000100,false,Rx,0,8,43,00,00,00,20,00,17,28,
72944171,00000120,false,Rx,0,8,3D,00,00,00,D0,00,59,36,
72944173,00000110,false,Rx,0,8,90,00,00,00,40,00,2C,8B,
72945327,00000130,false,Rx,0,8,37,00,00,00,30,00,10,5C,
72945328,00000100,false,Rx,0,8,43,00,00,00,30,00,1A,E8,
72945329,00000120,false,Rx,0,8,3D,00,00,00,E0,00,4D,36,
72946423,00000110,false,Rx,0,8,A7,00,00,00,50,00,25,0C,
72946424,00000050,false,Rx,0,6,41,5C,FF,FB,5F,FF,00,00,
72946425,00000130,false,Rx,0,8,4D,21,00,00,43,80,83,51,
72947556,00000100,false,Rx,0,8,5A,00,00,00,40,00,3D,21,
72947557,00000120,false,Rx,0,8,04,00,00,00,F0,00,45,9F,
72948557,00000110,false,Rx,0,8,A7,00,00,00,60,00,31,0C,
72948558,00000130,false,Rx,0,8,D9,FF,FF,FF,50,00,3B,22,
72949673,00000100,false,Rx,0,8,71,00,00,00,50,00,36,FA,
72949675,00000120,false,Rx,0,8,04,00,00,00,00,00,01,9F,
72950672,00000110,false,Rx,0,8,79,00,00,00,70,00,2E,72,
72950673,00000130,false,Rx,0,8,18,00,00,00,60,00,2B,C3,
72951680,00000100,false,Rx,0,8,71,00,00,00,60,00,22,FA,
72951681,00000120,false,Rx,0,8,E7,FF,FF,FF,10,00,0E,3C,
72952678,00000110,false,Rx,0,8,79,00,00,00,80,00,6A,72,
72952680,00000130,false,Rx,0,8,D9,FF,FF,FF,70,00,22,E2,
72953671,00000100,false,Rx,0,8,B6,00,00,00,70,00,3F,8D,
72953672,00000120,false,Rx,0,8,E7,FF,FF,FF,20,00,1A,3C,
72954831,00000110,false,Rx,0,8,34,00,00,00,90,00,68,6F,
72954832,00000130,false,Rx,0,8,F8,FF,FF,FF,80,00,60,53,
72955829,00000100,false,Rx,0,8,88,00,00,00,80,00,7F,53,
72955830,00000120,false,Rx,0,8,04,00,00,00,30,00,15,9F,
72956805,00000110,false,Rx,0,8,34,00,00,00,A0,00,7C,6F,
72956806,00000130,false,Rx,0,8,F8,FF,FF,FF,90,00,6D,93,
72957821,00000100,false,Rx,0,8,71,00,00,00,90,00,66,FA,
72957823,00000120,false,Rx,0,8,04,00,00,00,40,00,30,5F,
72958953,00000110,false,Rx,0,8,62,00,00,00,B0,00,7D,99,
72958954,00000130,false,Rx,0,8,D9,FF,FF,FF,A0,00,7F,22,
72959950,00000100,false,Rx,0,8,5A,00,00,00,A0,00,74,E1,
72959951,00000120,false,Rx,0,8,04,00,00,00,50,00,3D,9F,
72960931,00000110,false,Rx,0,8,62,00,00,00,C0,00,58,59,
72960932,00000130,false,Rx,0,8,D9,FF,FF,FF,B0,00,72,E2,
72961929,00000100,false,Rx,0,8,5A,00,00,00,B0,00,79,21,
72961930,00000140,false,Rx,0,8,01,00,FF,FF,E0,00,48,2E,
72961931,00000120,false,Rx,0,8,04,00,00,00,60,00,29,9F,
72963077,00000110,false,Rx,0,8,90,00,00,00,D0,00,40,8B,
72963079,00000130,false,Rx,0,8,37,00,00,00,C0,00,54,5C,
72964081,00000100,false,Rx,0,8,43,00,00,00,C0,00,5E,E8,
72964082,00000120,false,Rx,0,8,20,00,00,00,70,00,22,BB,
72965079,00000110,false,Rx,0,8,90,00,00,00,E0,00,54,8B,
72965080,00000130,false,Rx,0,8,F8,FF,FF,FF,D0,00,5C,53,
72966056,00000100,false,Rx,0,8,5A,00,00,00,D0,00,51,21,
72966057,00000120,false,Rx,0,8,20,00,00,00,80,00,66,BB,
72966059,00000110,false,Rx,0,8,90,00,00,00,F0,00,59,4B,
72967331,00000050,false,Rx,0,6,41,5C,FF,FB,5F,FF,00,00,
72967333,00000130,false,Rx,0,8,D8,34,03,00,E3,80,EB,D3,
72967333,00000100,false,Rx,0,8,5A,00,00,00,E0,00,45,21,
72968955,00000120,false,Rx,0,8,04,00,00,00,90,00,6D,9F,
72968956,00000110,false,Rx,0,8,90,00,00,00,00,00,1D,4B,
72969931,00000130,false,Rx,0,8,D9,FF,FF,FF,F0,00,43,22,
72969933,00000100,false,Rx,0,8,71,00,00,00,F0,00,4E,FA,
72970921,00000120,false,Rx,0,8,04,00,00,00,A0,00,79,9F,
72970923,00000110,false,Rx,0,8,62,00,00,00,10,00,05,99,
72972079,00000130,false,Rx,0,8,F8,FF,FF,FF,00,00,01,93,
72972080,00000100,false,Rx,0,8,88,00,00,00,00,00,1E,93,
72973021,00000120,false,Rx,0,8,CB,FF,FF,FF,B0,00,71,90,
72973021,00000110,false,Rx,0,8,62,00,00,00,20,00,11,99,
72974025,00000130,false,Rx,0,8,18,00,00,00,10,00,0E,03,
72974026,00000100,false,Rx,0,8,9F,00,00,00,10,00,10,74,
72975020,00000120,false,Rx,0,8,CB,FF,FF,FF,C0,00,54,50,
72975021,00000110,false,Rx,0,8,4B,00,00,00,30,00,1B,A0,
72975021,00000130,false,Rx,0,8,37,00,00,00,20,00,1D,9C,
72976271,00000100,false,Rx,0,8,88,00,00,00,20,00,07,53,
72976272,00000120,false,Rx,0,8,E7,FF,FF,FF,D0,00,5E,3C,
72977393,00000110,false,Rx,0,8,4B,00,00,00,40,00,3E,60,
72977394,00000130,false,Rx,0,8,18,00,00,00,30,00,17,C3,
72978393,00000100,false,Rx,0,8,71,00,00,00,30,00,1E,FA,
72978394,00000120,false,Rx,0,8,E7,FF,FF,FF,E0,00,4A,3C,
72979393,00000110,false,Rx,0,8,62,00,00,00,50,00,34,59,
72979394,00000130,false,Rx,0,8,F8,FF,FF,FF,40,00,30,53,
72980393,00000100,false,Rx,0,8,5A,00,00,00,40,00,3D,21,
72980394,00000120,false,Rx,0,8,04,00,00,00,F0,00,45,9F,
72981521,00000110,false,Rx,0,8,62,00,00,00,60,00,20,59,
72981522,00000130,false,Rx,0,8,18,00,00,00,50,00,3F,C3,
72982520,00000100,false,Rx,0,8,5A,00,00,00,50,00,30,E1,
72982521,00000140,false,Rx,0,8,01,00,FF,FF,F0,00,45,EE,
72982522,00000120,false,Rx,0,8,04,00,00,00,00,00,01,9F,
72983520,00000110,false,Rx,0,8,90,00,00,00,70,00,38,8B,
72983521,00000130,false,Rx,0,8,F8,FF,FF,FF,60,00,29,93,
72984520,00000100,false,Rx,0,8,43,00,00,00,60,00,26,E8,
72984521,00000120,false,Rx,0,8,20,00,00,00,10,00,0A,BB,
72985644,00000110,false,Rx,0,8,90,00,00,00,80,00,7C,8B,
72985645,00000130,false,Rx,0,8,F8,FF,FF,FF,70,00,24,53,
72986644,00000100,false,Rx,0,8,5A,00,00,00,70,00,29,21,
72986645,00000120,false,Rx,0,8,20,00,00,00,20,00,1E,BB,
72986645,00000110,false,Rx,0,8,62,00,00,00,90,00,64,59,
72987769,00000050,false,Rx,0,6,41,5C,FF,FB,5F,FF,00,00,
72987770,00000130,false,Rx,0,8,EB,95,FF,FF,83,80,7B,A9,
72987771,00000100,false,Rx,0,8,71,00,00,00,80,00,6B,3A,
72989394,00000120,false,Rx,0,8,04,00,00,00,30,00,15,9F,
72989395,00000110,false,Rx,0,8,62,00,00,00,A0,00,70,59,
72990520,00000130,false,Rx,0,8,95,00,00,00,90,00,71,1E,
72990521,00000100,false,Rx,0,8,71,00,00,00,90,00,66,FA,
72991519,00000120,false,Rx,0,8,04,00,00,00,40,00,30,5F,
72991520,00000110,false,Rx,0,8,4B,00,00,00,B0,00,7A,60,
72991521,00000170,false,Rx,0,8,00,00,00,52,50,81,05,F7,
72992520,00000130,false,Rx,0,8,F8,FF,FF,FF,A0,00,79,93,
72992520,00000100,false,Rx,0,8,88,00,00,00,A0,00,66,93,
72993519,00000120,false,Rx,0,8,AE,FF,FF,FF,50,00,31,A5,
72993520,00000110,false,Rx,0,8,4B,00,00,00,C0,00,5F,A0,
72994644,00000130,false,Rx,0,8,18,00,00,00,B0,00,76,03,
72994644,00000100,false,Rx,0,8,9F,00,00,00,B0,00,68,74,
72995644,00000120,false,Rx,0,8,AE,FF,FF,FF,60,00,25,A5,
72995644,00000110,false,Rx,0,8,4B,00,00,00,D0,00,52,60,
72996644,00000130,false,Rx,0,8,F8,FF,FF,FF,C0,00,51,93,
72996644,00000100,false,Rx,0,8,71,00,00,00,C0,00,5A,FA,
72997644,00000120,false,Rx,0,8,E7,FF,FF,FF,70,00,26,3C,
72997645,00000110,false,Rx,0,8,4B,00,00,00,E0,00,46,60,
72998643,00000130,false,Rx,0,8,D9,FF,FF,FF,D0,00,5A,E2,
72998644,00000100,false,Rx,0,8,71,00,00,00,D0,00,57,3A,
72999769,00000120,false,Rx,0,8,E7,FF,FF,FF,80,00,62,3C,
72999770,00000110,false,Rx,0,8,4B,00,00,00,F0,00,4B,A0,
73000769,00000130,false,Rx,0,8,37,00,00,00,E0,00,4D,9C,
73000770,00000100,false,Rx,0,8,5A,00,00,00,E0,00,45,21,
73001769,00000120,false,Rx,0,8,20,00,00,00,90,00,6B,7B,
73001770,00000110,false,Rx,0,8,4B,00,00,00,00,00,0F,A0,
73002769,00000130,false,Rx,0,8,D9,FF,FF,FF,F0,00,43,22,
73002769,00000100,false,Rx,0,8,43,00,00,00,F0,00,4A,E8,
73002770,00000140,false,Rx,0,8,01,00,FF,FF,00,00,01,EE,
73003893,00000120,false,Rx,0,8,20,00,00,00,A0,00,7F,7B,
73003894,00000110,false,Rx,0,8,A7,00,00,00,10,00,14,CC,
73004894,00000130,false,Rx,0,8,D9,FF,FF,FF,00,00,07,22,
73004895,00000100,false,Rx,0,8,43,00,00,00,00,00,0E,E8,
73005894,00000120,false,Rx,0,8,20,00,00,00,B0,00,72,BB,
73005894,00000110,false,Rx,0,8,A7,00,00,00,20,00,00,CC,
73006894,00000130,false,Rx,0,8,F8,FF,FF,FF,10,00,0C,53,
73006895,00000100,false,Rx,0,8,5A,00,00,00,10,00,01,21,
73006896,00000120,false,Rx,0,8,20,00,00,00,C0,00,57,7B,
73008144,00000110,false,Rx,0,8,62,00,00,00,30,00,1C,59,
73008145,00000050,false,Rx,0,6,41,5C,FF,FB,5F,FF,00,00,
73008146,00000130,false,Rx,0,8,4C,BA,F5,FF,23,80,CC,A0,
73009144,00000100,false,Rx,0,8,71,00,00,00,20,00,13,3A,
73009145,00000120,false,Rx,0,8,04,00,00,00,D0,00,5C,5F,
73010269,00000110,false,Rx,0,8,62,00,00,00,40,00,39,99,
73010270,00000130,false,Rx,0,8,95,00,00,00,30,00,09,1E,
73011269,00000100,false,Rx,0,8,88,00,00,00,30,00,0A,93,
73011270,00000120,false,Rx,0,8,04,00,00,00,E0,00,48,5F,
73012269,00000110,false,Rx,0,8,4B,00,00,00,50,00,33,A0,
73012270,00000130,false,Rx,0,8,D9,FF,FF,FF,40,00,36,E2,
73013394,00000100,false,Rx,0,8,9F,00,00,00,40,00,2C,74,
73013395,00000120,false,Rx,0,8,CB,FF,FF,FF,F0,00,40,50,
73014394,00000110,false,Rx,0,8,4B,00,00,00,60,00,27,A0,
73014395,00000130,false,Rx,0,8,18,00,00,00,50,00,3F,C3,
73015393,00000100,false,Rx,0,8,88,00,00,00,50,00,22,93,
73015394,00000120,false,Rx,0,8,CB,FF,FF,FF,00,00,04,50,
73016394,00000110,false,Rx,0,8,62,00,00,00,70,00,2D,99,
73016395,00000130,false,Rx,0,8,F8,FF,FF,FF,60,00,29,93,
73017393,00000100,false,Rx,0,8,71,00,00,00,60,00,22,FA,
73017394,00000120,false,Rx,0,8,20,00,00,00,10,00,0A,BB,
73018520,00000110,false,Rx,0,8,62,00,00,00,80,00,69,99,
73018520,00000130,false,Rx,0,8,F8,FF,FF,FF,70,00,24,53,
73019554,00000100,false,Rx,0,8,71,00,00,00,70,00,2F,3A,
73019555,00000120,false,Rx,0,8,20,00,00,00,20,00,1E,BB,
73020558,00000110,false,Rx,0,8,79,00,00,00,90,00,67,B2,
73020559,00000130,false,Rx,0,8,D9,FF,FF,FF,80,00,66,E2,
73021549,00000100,false,Rx,0,8,5A,00,00,00,80,00,6D,21,
73021551,00000120,false,Rx,0,8,20,00,00,00,30,00,13,7B,
73022673,00000110,false,Rx,0,8,79,00,00,00,A0,00,73,B2,
73022675,00000130,false,Rx,0,8,F8,FF,FF,FF,90,00,6D,93,
73023648,00000100,false,Rx,0,8,43,00,00,00,90,00,62,E8,
73023650,00000140,false,Rx,0,8,01,00,FF,FF,10,00,0C,2E,
73023650,00000120,false,Rx,0,8,20,00,00,00,40,00,36,BB,
73024645,00000110,false,Rx,0,8,A7,00,00,00,B0,00,6C,CC,
73024646,00000130,false,Rx,0,8,F8,FF,FF,FF,A0,00,79,93,
73025643,00000100,false,Rx,0,8,5A,00,00,00,A0,00,74,E1,
73025644,00000120,false,Rx,0,8,04,00,00,00,50,00,3D,9F,
73026770,00000110,false,Rx,0,8,A7,00,00,00,C0,00,49,0C,
73026771,00000130,false,Rx,0,8,18,00,00,00,B0,00,76,03,
73027768,00000100,false,Rx,0,8,71,00,00,00,B0,00,7F,3A,
73027768,00000120,false,Rx,0,8,04,00,00,00,60,00,29,9F,
73027769,00000110,false,Rx,0,8,90,00,00,00,D0,00,40,8B,
73028894,00000050,false,Rx,0,6,41,5C,FF,FB,5F,FF,00,00,
73028895,00000130,false,Rx,0,8,6C,21,00,00,C3,80,E4,20,
73028896,00000100,false,Rx,0,8,5A,00,00,00,C0,00,5C,E1,
73030519,00000120,false,Rx,0,8,04,00,00,00,70,00,24,5F,
73030520,00000110,false,Rx,0,8,90,00,00,00,E0,00,54,8B,
73031642,00000130,false,Rx,0,8,18,00,00,00,D0,00,5E,03,
73031643,00000100,false,Rx,0,8,88,00,00,00,D0,00,43,53,
73032643,00000120,false,Rx,0,8,04,00,00,00,80,00,60,5F,
73032644,00000110,false,Rx,0,8,4B,00,00,00,F0,00,4B,A0,
73033643,00000130,false,Rx,0,8,D9,FF,FF,FF,E0,00,4E,E2,
73033644,00000100,false,Rx,0,8,9F,00,00,00,E0,00,54,74,
73034643,00000120,false,Rx,0,8,CB,FF,FF,FF,90,00,68,50,
73034644,00000110,false,Rx,0,8,4B,00,00,00,00,00,0F,A0,
73035765,00000130,false,Rx,0,8,F8,FF,FF,FF,F0,00,45,93,
73035766,00000100,false,Rx,0,8,5A,00,00,00,F0,00,48,E1,
73036764,00000120,false,Rx,0,8,CB,FF,FF,FF,A0,00,7C,50,
73036764,00000110,false,Rx,0,8,62,00,00,00,10,00,05,99,
73037765,00000130,false,Rx,0,8,18,00,00,00,00,00,03,C3,
73037766,00000100,false,Rx,0,8,71,00,00,00,00,00,0A,FA,
73038766,00000120,false,Rx,0,8,E7,FF,FF,FF,B0,00,76,3C,
73038766,00000110,false,Rx,0,8,62,00,00,00,20,00,11,99,
73039765,00000130,false,Rx,0,8,F8,FF,FF,FF,10,00,0C,53,
73039766,00000100,false,Rx,0,8,71,00,00,00,10,00,07,3A,
73040893,00000120,false,Rx,0,8,E7,FF,FF,FF,C0,00,53,FC,
73040893,00000110,false,Rx,0,8,62,00,00,00,30,00,1C,59,
73041893,00000130,false,Rx,0,8,F8,FF,FF,FF,20,00,18,53,
73041894,00000100,false,Rx,0,8,5A,00,00,00,20,00,15,21,
73042893,00000120,false,Rx,0,8,3D,00,00,00,D0,00,59,36,
73042894,00000110,false,Rx,0,8,62,00,00,00,40,00,39,99,
73043892,00000130,false,Rx,0,8,18,00,00,00,30,00,17,C3,
73043893,00000100,false,Rx,0,8,43,00,00,00,30,00,1A,E8,
73043894,00000140,false,Rx,0,8,01,00,FF,FF,20,00,18,2E,
73045017,00000120,false,Rx,0,8,3D,00,00,00,E0,00,4D,36,
73045018,00000110,false,Rx,0,8,79,00,00,00,50,00,37,B2,
73046018,00000130,false,Rx,0,8,F8,FF,FF,FF,40,00,30,53,
73046019,00000100,false,Rx,0,8,43,00,00,00,40,00,3F,28,
73047017,00000120,false,Rx,0,8,04,00,00,00,F0,00,45,9F,
73047018,00000110,false,Rx,0,8,79,00,00,00,60,00,23,B2,
73048017,00000130,false,Rx,0,8,F8,FF,FF,FF,50,00,3D,93,
73048018,00000100,false,Rx,0,8,5A,00,00,00,50,00,30,E1,
73048018,00000120,false,Rx,0,8,04,00,00,00,00,00,01,9F,
73049267,00000110,false,Rx,0,8,90,00,00,00,70,00,38,8B,
73049268,00000050,false,Rx,0,6,41,5C,FF,FB,5F,FF,00,00,
73049268,00000130,false,Rx,0,8,D8,34,03,00,63,80,8A,13,
73050267,00000100,false,Rx,0,8,5A,00,00,00,60,00,24,E1,
73050268,00000120,false,Rx,0,8,E7,FF,FF,FF,10,00,0E,3C,
73051391,00000110,false,Rx,0,8,90,00,00,00,80,00,7C,8B,
73051392,00000130,false,Rx,0,8,F8,FF,FF,FF,70,00,24,53,
73052391,00000100,false,Rx,0,8,88,00,00,00,70,00,3B,53,
73052391,00000120,false,Rx,0,8,E7,FF,FF,FF,20,00,1A,3C,
73053391,00000110,false,Rx,0,8,1D,00,00,00,90,00,6F,96,
73053392,00000130,false,Rx,0,8,F8,FF,FF,FF,80,00,60,53,
73054516,00000100,false,Rx,0,8,9F,00,00,00,80,00,7C,74,
73054516,00000120,false,Rx,0,8,CB,FF,FF,FF,30,00,10,50,
73055516,00000110,false,Rx,0,8,1D,00,00,00,A0,00,7B,96,
73055516,00000130,false,Rx,0,8,F8,FF,FF,FF,90,00,6D,93,
73056514,00000100,false,Rx,0,8,71,00,00,00,90,00,66,FA,
73056514,00000120,false,Rx,0,8,CB,FF,FF,FF,40,00,35,90,
73057549,00000110,false,Rx,0,8,62,00,00,00,B0,00,7D,99,
73057550,00000130,false,Rx,0,8,18,00,00,00,A0,00,7B,C3,
73058664,00000100,false,Rx,0,8,71,00,00,00,A0,00,72,FA,
73058665,00000120,false,Rx,0,8,04,00,00,00,50,00,3D,9F,
73059662,00000110,false,Rx,0,8,62,00,00,00,C0,00,58,59,
73059663,00000130,false,Rx,0,8,F8,FF,FF,FF,B0,00,74,53,
73060740,00000100,false,Rx,0,8,71,00,00,00,B0,00,7F,3A,
73060741,00000120,false,Rx,0,8,04,00,00,00,60,00,29,9F,
73061685,00000110,false,Rx,0,8,79,00,00,00,D0,00,56,72,
73061686,00000130,false,Rx,0,8,D9,FF,FF,FF,C0,00,57,22,
73062671,00000100,false,Rx,0,8,5A,00,00,00,C0,00,5C,E1,
73062672,00000120,false,Rx,0,8,20,00,00,00,70,00,22,BB,
73063835,00000110,false,Rx,0,8,79,00,00,00,E0,00,42,72,
73063836,00000130,false,Rx,0,8,F8,FF,FF,FF,D0,00,5C,53,
73064788,00000100,false,Rx,0,8,43,00,00,00,D0,00,53,28,
73064788,00000140,false,Rx,0,8,01,00,FF,FF,30,00,15,EE,
73064789,00000120,false,Rx,0,8,20,00,00,00,80,00,66,BB,
73065788,00000110,false,Rx,0,8,79,00,00,00,F0,00,4F,B2,
73065789,00000130,false,Rx,0,8,B9,FF,FF,FF,E0,00,47,42,
73066788,00000100,false,Rx,0,8,5A,00,00,00,E0,00,45,21,
73066789,00000120,false,Rx,0,8,04,00,00,00,90,00,6D,9F,
73067912,00000110,false,Rx,0,8,79,00,00,00,00,00,0B,B2,
73067913,00000130,false,Rx,0,8,18,00,00,00,F0,00,47,C3,
73068912,00000100,false,Rx,0,8,5A,00,00,00,F0,00,48,E1,
73068913,00000120,false,Rx,0,8,04,00,00,00,A0,00,79,9F,
73068913,00000110,false,Rx,0,8,62,00,00,00,10,00,05,99,
73070039,00000050,false,Rx,0,6,41,5C,FF,FB,5F,FF,00,00,
73070039,00000130,false,Rx,0,8,EB,95,FF,FF,03,80,1A,69,
73070040,00000100,false,Rx,0,8,71,00,00,00,00,00,0A,FA,
73071662,00000120,false,Rx,0,8,E7,FF,FF,FF,B0,00,76,3C,
73071663,00000110,false,Rx,0,8,62,00,00,00,20,00,11,99,
73072788,00000130,false,Rx,0,8,76,00,00,00,10,00,06,8D,
73072789,00000100,false,Rx,0,8,88,00,00,00,10,00,13,53,
73073815,00000120,false,Rx,0,8,E7,FF,FF,FF,C0,00,53,FC,
73073817,00000110,false,Rx,0,8,1D,00,00,00,30,00,17,96,
73074805,00000130,false,Rx,0,8,B9,FF,FF,FF,20,00,17,42,
73074815,00000100,false,Rx,0,8,9F,00,00,00,20,00,04,74,
73075814,00000120,false,Rx,0,8,E7,FF,FF,FF,D0,00,5E,3C,
73075816,00000110,false,Rx,0,8,1D,00,00,00,40,00,32,56,
73076928,00000130,false,Rx,0,8,F8,FF,FF,FF,30,00,15,93,
73076929,00000100,false,Rx,0,8,88,00,00,00,30,00,0A,93,
73077939,00000120,false,Rx,0,8,E7,FF,FF,FF,E0,00,4A,3C,
73077940,00000110,false,Rx,0,8,62,00,00,00,50,00,34,59,
73078926,00000130,false,Rx,0,8,F8,FF,FF,FF,40,00,30,53,
73078928,00000100,false,Rx,0,8,71,00,00,00,40,00,3B,3A,
73079928,00000120,false,Rx,0,8,04,00,00,00,F0,00,45,9F,
73079930,00000110,false,Rx,0,8,62,00,00,00,60,00,20,59,
73081073,00000130,false,Rx,0,8,F8,FF,FF,FF,50,00,3D,93,
73081074,00000100,false,Rx,0,8,5A,00,00,00,50,00,30,E1,
73082056,00000120,false,Rx,0,8,04,00,00,00,00,00,01,9F,
73082058,00000110,false,Rx,0,8,79,00,00,00,70,00,2E,72,
73083113,00000130,false,Rx,0,8,18,00,00,00,60,00,2B,C3,
73083113,00000100,false,Rx,0,8,43,00,00,00,60,00,26,E8,
73084073,00000120,false,Rx,0,8,3D,00,00,00,10,00,09,36,
73084074,00000110,false,Rx,0,8,79,00,00,00,80,00,6A,72,
73085046,00000130,false,Rx,0,8,D9,FF,FF,FF,70,00,22,E2,
73085047,00000100,false,Rx,0,8,43,00,00,00,70,00,2B,28,
73085047,00000140,false,Rx,0,8,01,00,FF,FF,40,00,30,2E,
73086200,00000120,false,Rx,0,8,3D,00,00,00,20,00,1D,36,
73086201,00000110,false,Rx,0,8,79,00,00,00,90,00,67,B2,
73087177,00000130,false,Rx,0,8,F8,FF,FF,FF,80,00,60,53,
73087179,00000100,false,Rx,0,8,71,00,00,00,80,00,6B,3A,
73088176,00000120,false,Rx,0,8,E7,FF,FF,FF,30,00,17,FC,
73088177,00000110,false,Rx,0,8,79,00,00,00,A0,00,73,B2,
73089168,00000130,false,Rx,0,8,D9,FF,FF,FF,90,00,6B,22,
73089170,00000100,false,Rx,0,8,71,00,00,00,90,00,66,FA,
73089170,00000120,false,Rx,0,8,E7,FF,FF,FF,40,00,32,3C,
73090428,00000110,false,Rx,0,8,62,00,00,00,B0,00,7D,99,
73090429,00000050,false,Rx,0,6,41,5C,FF,FB,5F,FF,00,00,
73090430,00000130,false,Rx,0,8,4C,BA,F5,FF,A3,80,AD,60,
73091422,00000100,false,Rx,0,8,71,00,00,00,A0,00,72,FA,
73091424,00000120,false,Rx,0,8,04,00,00,00,50,00,3D,9F,
73092574,00000110,false,Rx,0,8,62,00,00,00,C0,00,58,59,
73092575,00000130,false,Rx,0,8,76,00,00,00,B0,00,7E,8D,
73093556,00000100,false,Rx,0,8,88,00,00,00,B0,00,6B,53,
73093557,00000120,false,Rx,0,8,04,00,00,00,60,00,29,9F,
73094548,00000110,false,Rx,0,8,34,00,00,00,D0,00,59,AF,
73094549,00000170,false,Rx,0,8,00,00,00,53,50,81,05,6A,
73094550,00000130,false,Rx,0,8,D9,FF,FF,FF,C0,00,57,22,
73095672,00000100,false,Rx,0,8,88,00,00,00,C0,00,4E,93,
73095673,00000120,false,Rx,0,8,04,00,00,00,70,00,24,5F,
73096673,00000110,false,Rx,0,8,34,00,00,00,E0,00,4D,AF,
73096674,00000130,false,Rx,0,8,D9,FF,FF,FF,D0,00,5A,E2,
73097716,00000100,false,Rx,0,8,71,00,00,00,D0,00,57,3A,
73097717,00000120,false,Rx,0,8,04,00,00,00,80,00,60,5F,
73098640,00000110,false,Rx,0,8,62,00,00,00,F0,00,4C,59,
73098641,00000130,false,Rx,0,8,D9,FF,FF,FF,E0,00,4E,E2,
73099795,00000100,false,Rx,0,8,71,00,00,00,E0,00,43,3A,
73099797,00000120,false,Rx,0,8,04,00,00,00,90,00,6D,9F,
73100800,00000110,false,Rx,0,8,62,00,00,00,00,00,08,59,
73100801,00000130,false,Rx,0,8,18,00,00,00,F0,00,47,C3,
73101774,00000100,false,Rx,0,8,43,00,00,00,F0,00,4A,E8,
73101776,00000120,false,Rx,0,8,04,00,00,00,A0,00,79,9F,
73102801,00000110,false,Rx,0,8,79,00,00,00,10,00,06,72,
73102802,00000130,false,Rx,0,8,F8,FF,FF,FF,00,00,01,93,
73103933,00000100,false,Rx,0,8,2C,00,00,00,00,00,07,B7,
73103933,00000120,false,Rx,0,8,20,00,00,00,B0,00,72,BB,
73104931,00000110,false,Rx,0,8,79,00,00,00,20,00,12,72,
73104932,00000130,false,Rx,0,8,18,00,00,00,10,00,0E,03,
73105932,00000100,false,Rx,0,8,5A,00,00,00,10,00,01,21,
73105933,00000140,false,Rx,0,8,01,00,FF,FF,50,00,3D,EE,
73105934,00000120,false,Rx,0,8,20,00,00,00,C0,00,57,7B,
73106928,00000110,false,Rx,0,8,79,00,00,00,30,00,1F,B2,
73106930,00000130,false,Rx,0,8,F8,FF,FF,FF,20,00,18,53,
73107919,00000100,false,Rx,0,8,71,00,00,00,20,00,13,3A,
73107920,00000120,false,Rx,0,8,04,00,00,00,D0,00,5C,5F,
73109074,00000110,false,Rx,0,8,79,00,00,00,40,00,3A,72,
73109075,00000130,false,Rx,0,8,18,00,00,00,30,00,17,C3,
73110075,00000100,false,Rx,0,8,5A,00,00,00,30,00,18,E1,
73110076,00000120,false,Rx,0,8,04,00,00,00,E0,00,48,5F,
73110077,00000110,false,Rx,0,8,79,00,00,00,50,00,37,B2,
73111186,00000050,false,Rx,0,6,41,5C,FF,FB,5F,FF,00,00,
73111187,00000130,false,Rx,0,8,6C,21,00,00,43,80,85,E0,
73111188,00000100,false,Rx,0,8,88,00,00,00,40,00,2F,53,
73112809,00000120,false,Rx,0,8,CB,FF,FF,FF,F0,00,40,50,
73112811,00000110,false,Rx,0,8,79,00,00,00,60,00,23,B2,
73113951,00000130,false,Rx,0,8,37,00,00,00,50,00,38,5C,
73113953,00000100,false,Rx,0,8,9F,00,00,00,50,00,21,B4,
73114928,00000120,false,Rx,0,8,CB,FF,FF,FF,00,00,04,50,
73114929,00000110,false,Rx,0,8,34,00,00,00,70,00,21,AF,
73115940,00000130,false,Rx,0,8,18,00,00,00,60,00,2B,C3,
73115941,00000100,false,Rx,0,8,88,00,00,00,60,00,36,93,
73117076,00000120,false,Rx,0,8,E7,FF,FF,FF,10,00,0E,3C,
73117077,00000110,false,Rx,0,8,34,00,00,00,80,00,65,AF,
73118073,00000130,false,Rx,0,8,18,00,00,00,70,00,26,03,
73118074,00000100,false,Rx,0,8,71,00,00,00,70,00,2F,3A,
73119052,00000120,false,Rx,0,8,E7,FF,FF,FF,20,00,1A,3C,
73119053,00000110,false,Rx,0,8,62,00,00,00,90,00,64,59,
73120052,00000130,false,Rx,0,8,F8,FF,FF,FF,80,00,60,53,
73120055,00000100,false,Rx,0,8,71,00,00,00,80,00,6B,3A,
73121046,00000120,false,Rx,0,8,20,00,00,00,30,00,13,7B,
73121047,00000110,false,Rx,0,8,62,00,00,00,A0,00,70,59,
73122199,00000130,false,Rx,0,8,F8,FF,FF,FF,90,00,6D,93,
73122200,00000100,false,Rx,0,8,71,00,00,00,90,00,66,FA,
73123196,00000120,false,Rx,0,8,20,00,00,00,40,00,36,BB,
73123197,00000110,false,Rx,0,8,90,00,00,00,B0,00,68,8B,
73124179,00000130,false,Rx,0,8,18,00,00,00,A0,00,7B,C3,
73124181,00000100,false,Rx,0,8,43,00,00,00,A0,00,76,E8,
73125170,00000120,false,Rx,0,8,20,00,00,00,50,00,3B,7B,
73125171,00000110,false,Rx,0,8,90,00,00,00,C0,00,4D,4B,
73126323,00000130,false,Rx,0,8,18,00,00,00,B0,00,76,03,
73126325,00000100,false,Rx,0,8,5A,00,00,00,B0,00,79,21,
73126325,00000140,false,Rx,0,8,01,00,FF,FF,60,00,29,EE,
73127324,00000120,false,Rx,0,8,20,00,00,00,60,00,2F,7B,
73127325,00000110,false,Rx,0,8,62,00,00,00,D0,00,55,99,
73128303,00000130,false,Rx,0,8,D9,FF,FF,FF,C0,00,57,22,
73128304,00000100,false,Rx,0,8,5A,00,00,00,C0,00,5C,E1,
73129310,00000120,false,Rx,0,8,04,00,00,00,70,00,24,5F,
73129312,00000110,false,Rx,0,8,62,00,00,00,E0,00,41,99,
73130300,00000130,false,Rx,0,8,18,00,00,00,D0,00,5E,03,
73130302,00000100,false,Rx,0,8,71,00,00,00,D0,00,57,3A,
73130302,00000120,false,Rx,0,8,04,00,00,00,80,00,60,5F,
73131553,00000110,false,Rx,0,8,62,00,00,00,F0,00,4C,59,
73131555,00000050,false,Rx,0,6,41,5C,FF,FB,5F,FF,00,00,
73131555,00000130,false,Rx,0,8,D8,34,03,00,E3,80,EB,D3,
73132542,00000100,false,Rx,0,8,88,00,00,00,E0,00,57,53,
73132544,00000120,false,Rx,0,8,AE,FF,FF,FF,90,00,61,A5,
73133673,00000110,false,Rx,0,8,62,00,00,00,00,00,08,59,
73133675,00000130,false,Rx,0,8,F8,FF,FF,FF,F0,00,45,93,
73134655,00000100,false,Rx,0,8,9F,00,00,00,F0,00,59,B4,
73134657,00000120,false,Rx,0,8,AE,FF,FF,FF,A0,00,75,A5,
73135670,00000110,false,Rx,0,8,4B,00,00,00,10,00,02,60,
73135671,00000130,false,Rx,0,8,18,00,00,00,00,00,03,C3,
73136794,00000100,false,Rx,0,8,71,00,00,00,00,00,0A,FA,
73136795,00000120,false,Rx,0,8,04,00,00,00,B0,00,74,5F,
73137800,00000110,false,Rx,0,8,4B,00,00,00,20,00,16,60,
73137802,00000130,false,Rx,0,8,18,00,00,00,10,00,0E,03,
73138806,00000100,false,Rx,0,8,5A,00,00,00,10,00,01,21,
73138807,00000120,false,Rx,0,8,04,00,00,00,C0,00,51,9F,
73139823,00000110,false,Rx,0,8,62,00,00,00,30,00,1C,59,
73139824,00000130,false,Rx,0,8,18,00,00,00,20,00,1A,03,
73140953,00000100,false,Rx,0,8,5A,00,00,00,20,00,15,21,
73140954,00000120,false,Rx,0,8,20,00,00,00,D0,00,5A,BB,
73141945,00000110,false,Rx,0,8,62,00,00,00,40,00,39,99,
73141946,00000130,false,Rx,0,8,F8,FF,FF,FF,30,00,15,93,
73142929,00000100,false,Rx,0,8,43,00,00,00,30,00,1A,E8,
73142931,00000120,false,Rx,0,8,20,00,00,00,E0,00,4E,BB,
73143927,00000110,false,Rx,0,8,A7,00,00,00,50,00,25,0C,
73143928,00000130,false,Rx,0,8,F8,FF,FF,FF,40,00,30,53,
73144918,00000100,false,Rx,0,8,43,00,00,00,40,00,3F,28,
73144919,00000120,false,Rx,0,8,20,00,00,00,F0,00,43,7B,
73146074,00000110,false,Rx,0,8,A7,00,00,00,60,00,31,0C,
73146076,00000130,false,Rx,0,8,D9,FF,FF,FF,50,00,3B,22,
73147053,00000100,false,Rx,0,8,5A,00,00,00,50,00,30,E1,
73147055,00000140,false,Rx,0,8,01,00,FF,FF,70,00,24,2E,
73147056,00000120,false,Rx,0,8,20,00,00,00,00,00,07,7B,
73148064,00000110,false,Rx,0,8,62,00,00,00,70,00,2D,99,
73148065,00000130,false,Rx,0,8,18,00,00,00,60,00,2B,C3,
73149198,00000100,false,Rx,0,8,5A,00,00,00,60,00,24,E1,
73149200,00000120,false,Rx,0,8,04,00,00,00,10,00,0C,5F,
73150199,00000110,false,Rx,0,8,62,00,00,00,80,00,69,99,
73150201,00000130,false,Rx,0,8,D9,FF,FF,FF,70,00,22,E2,
73151196,00000100,false,Rx,0,8,88,00,00,00,70,00,3B,53,
73151197,00000120,false,Rx,0,8,04,00,00,00,20,00,18,5F,
73151198,00000110,false,Rx,0,8,4B,00,00,00,90,00,63,A0,
73152292,00000050,false,Rx,0,6,41,5C,FF,FB,5F,FF,00,00,
73152294,00000130,false,Rx,0,8,EB,95,FF,FF,83,80,7B,A9,
73152294,00000100,false,Rx,0,8,88,00,00,00,80,00,7F,53,
73153930,00000120,false,Rx,0,8,AE,FF,FF,FF,30,00,19,A5,
73153931,00000110,false,Rx,0,8,4B,00,00,00,A0,00,77,A0,
73155052,00000130,false,Rx,0,8,95,00,00,00,90,00,71,1E,
73155054,00000100,false,Rx,0,8,88,00,00,00,90,00,72,93,
73156054,00000120,false,Rx,0,8,AE,FF,FF,FF,40,00,3C,65,
73156055,00000110,false,Rx,0,8,4B,00,00,00,B0,00,7A,60,
73157058,00000130,false,Rx,0,8,F8,FF,FF,FF,A0,00,79,93,
73157060,00000100,false,Rx,0,8,71,00,00,00,A0,00,72,FA,
73158052,00000120,false,Rx,0,8,E7,FF,FF,FF,50,00,3F,FC,
73158053,00000110,false,Rx,0,8,4B,00,00,00,C0,00,5F,A0,
73159146,00000130,false,Rx,0,8,F8,FF,FF,FF,B0,00,74,53,
73159147,00000100,false,Rx,0,8,5A,00,00,00,B0,00,79,21,
73160199,00000120,false,Rx,0,8,E7,FF,FF,FF,60,00,2B,FC,
73160200,00000110,false,Rx,0,8,62,00,00,00,D0,00,55,99,
73161175,00000130,false,Rx,0,8,F8,FF,FF,FF,C0,00,51,93,
73161177,00000100,false,Rx,0,8,5A,00,00,00,C0,00,5C,E1,
73162172,00000120,false,Rx,0,8,20,00,00,00,70,00,22,BB,
73162173,00000110,false,Rx,0,8,62,00,00,00,E0,00,41,99,
73163322,00000130,false,Rx,0,8,F8,FF,FF,FF,D0,00,5C,53,
73163324,00000100,false,Rx,0,8,43,00,00,00,D0,00,53,28,
73164320,00000120,false,Rx,0,8,20,00,00,00,80,00,66,BB,
73164321,00000110,false,Rx,0,8,90,00,00,00,F0,00,59,4B,
73165302,00000130,false,Rx,0,8,18,00,00,00,E0,00,4A,03,
73165303,00000100,false,Rx,0,8,43,00,00,00,E0,00,47,28,
73166300,00000120,false,Rx,0,8,20,00,00,00,90,00,6B,7B,
73166301,00000110,false,Rx,0,8,90,00,00,00,00,00,1D,4B,
73167295,00000130,false,Rx,0,8,D9,FF,FF,FF,F0,00,43,22,
73167296,00000100,false,Rx,0,8,5A,00,00,00,F0,00,48,E1,
73167296,00000140,false,Rx,0,8,01,00,FF,FF,80,00,60,2E,
73168451,00000120,false,Rx,0,8,20,00,00,00,A0,00,7F,7B,
73168453,00000110,false,Rx,0,8,79,00,00,00,10,00,06,72,
73169427,00000130,false,Rx,0,8,F8,FF,FF,FF,00,00,01,93,
73169428,00000100,false,Rx,0,8,71,00,00,00,00,00,0A,FA,
73170425,00000120,false,Rx,0,8,04,00,00,00,B0,00,74,5F,
73170427,00000110,false,Rx,0,8,79,00,00,00,20,00,12,72,
73171427,00000130,false,Rx,0,8,18,00,00,00,10,00,0E,03,
73171428,00000100,false,Rx,0,8,88,00,00,00,10,00,13,53,
73171428,00000120,false,Rx,0,8,04,00,00,00,C0,00,51,9F,
73172678,00000110,false,Rx,0,8,34,00,00,00,30,00,10,6F,
73172679,00000050,false,Rx,0,6,41,5C,FF,FB,5F,FF,00,00,
73172680,00000130,false,Rx,0,8,6B,BA,F5,FF,23,80,CA,77,
73173820,00000100,false,Rx,0,8,9F,00,00,00,20,00,04,74,
73173822,00000120,false,Rx,0,8,CB,FF,FF,FF,D0,00,59,90,
73174823,00000110,false,Rx,0,8,34,00,00,00,40,00,35,AF,
73174824,00000130,false,Rx,0,8,95,00,00,00,30,00,09,1E,
73175800,00000100,false,Rx,0,8,88,00,00,00,30,00,0A,93,
73175801,00000120,false,Rx,0,8,CB,FF,FF,FF,E0,00,4D,90,
73176797,00000110,false,Rx,0,8,4B,00,00,00,50,00,33,A0,
73176798,00000130,false,Rx,0,8,18,00,00,00,40,00,32,03,
73177928,00000100,false,Rx,0,8,71,00,00,00,40,00,3B,3A,
73177929,00000120,false,Rx,0,8,04,00,00,00,F0,00,45,9F,
73178917,00000110,false,Rx,0,8,4B,00,00,00,60,00,27,A0,
73178919,00000130,false,Rx,0,8,F8,FF,FF,FF,50,00,3D,93,
73179926,00000100,false,Rx,0,8,5A,00,00,00,50,00,30,E1,
73179927,00000120,false,Rx,0,8,04,00,00,00,00,00,01,9F,
73181052,00000110,false,Rx,0,8,62,00,00,00,70,00,2D,99,
73181053,00000130,false,Rx,0,8,F8,FF,FF,FF,60,00,29,93,
73181053,00000100,false,Rx,0,8,5A,00,00,00,60,00,24,E1,
73182825,00000120,false,Rx,0,8,20,00,00,00,10,00,0A,BB,
73182826,00000110,false,Rx,0,8,62,00,00,00,80,00,69,99,
73183802,00000130,false,Rx,0,8,D9,FF,FF,FF,70,00,22,E2,
73183803,00000100,false,Rx,0,8,43,00,00,00,70,00,2B,28,
73184794,00000120,false,Rx,0,8,20,00,00,00,20,00,1E,BB,
73184795,00000110,false,Rx,0,8,90,00,00,00,90,00,71,4B,
73185950,00000130,false,Rx,0,8,D9,FF,FF,FF,80,00,66,E2,
73185951,00000100,false,Rx,0,8,5A,00,00,00,80,00,6D,21,
73186930,00000120,false,Rx,0,8,04,00,00,00,30,00,15,9F,
73186931,00000110,false,Rx,0,8,90,00,00,00,A0,00,65,4B,
73187928,00000130,false,Rx,0,8,37,00,00,00,90,00,68,5C,
73187930,00000100,false,Rx,0,8,5A,00,00,00,90,00,60,E1,
73187930,00000140,false,Rx,0,8,01,00,FF,FF,90,00,6D,EE,
73188918,00000120,false,Rx,0,8,04,00,00,00,40,00,30,5F,
73188919,00000110,false,Rx,0,8,62,00,00,00,B0,00,7D,99,
73190076,00000130,false,Rx,0,8,F8,FF,FF,FF,A0,00,79,93,
73190077,00000100,false,Rx,0,8,71,00,00,00,A0,00,72,FA,
73191083,00000120,false,Rx,0,8,E7,FF,FF,FF,50,00,3F,FC,
73191084,00000110,false,Rx,0,8,62,00,00,00,C0,00,58,59,
73192044,00000130,false,Rx,0,8,18,00,00,00,B0,00,76,03,
73192045,00000100,false,Rx,0,8,88,00,00,00,B0,00,6B,53,
73192046,00000120,false,Rx,0,8,E7,FF,FF,FF,60,00,2B,FC,
73193325,00000110,false,Rx,0,8,4B,00,00,00,D0,00,52,60,
73193326,00000050,false,Rx,0,6,41,5C,FF,FB,5F,FF,00,00,
73193327,00000130,false,Rx,0,8,4D,21,00,00,C3,80,E2,91,
73194310,00000100,false,Rx,0,8,88,00,00,00,C0,00,4E,93,
73194312,00000120,false,Rx,0,8,E7,FF,FF,FF,70,00,26,3C,
73195296,00000110,false,Rx,0,8,4B,00,00,00,E0,00,46,60,
73195297,00000130,false,Rx,0,8,18,00,00,00,D0,00,5E,03,
73196417,00000100,false,Rx,0,8,71,00,00,00,D0,00,57,3A,
73196418,00000120,false,Rx,0,8,E7,FF,FF,FF,80,00,62,3C,
73197428,00000110,false,Rx,0,8,62,00,00,00,F0,00,4C,59,
73197430,00000170,false,Rx,0,8,00,00,00,54,50,81,05,9E,
73197430,00000130,false,Rx,0,8,D9,FF,FF,FF,E0,00,4E,E2,
73198414,00000100,false,Rx,0,8,71,00,00,00,E0,00,43,3A,
73198416,00000120,false,Rx,0,8,20,00,00,00,90,00,6B,7B,
73199427,00000110,false,Rx,0,8,62,00,00,00,00,00,08,59,
73199428,00000130,false,Rx,0,8,18,00,00,00,F0,00,47,C3,
73200574,00000100,false,Rx,0,8,71,00,00,00,F0,00,4E,FA,
73200575,00000120,false,Rx,0,8,20,00,00,00,A0,00,7F,7B,
73201522,00000110,false,Rx,0,8,79,00,00,00,10,00,06,72,
73201524,00000130,false,Rx,0,8,F8,FF,FF,FF,00,00,01,93,
73202543,00000100,false,Rx,0,8,5A,00,00,00,00,00,0C,E1,
73202545,00000120,false,Rx,0,8,3D,00,00,00,B0,00,71,36,
73203541,00000110,false,Rx,0,8,79,00,00,00,20,00,12,72,
73203542,00000130,false,Rx,0,8,F8,FF,FF,FF,10,00,0C,53,
73204675,00000100,false,Rx,0,8,43,00,00,00,10,00,03,28,
73204677,00000120,false,Rx,0,8,3D,00,00,00,C0,00,54,F6,
73205688,00000110,false,Rx,0,8,79,00,00,00,30,00,1F,B2,
73205689,00000130,false,Rx,0,8,18,00,00,00,20,00,1A,03,
73206691,00000100,false,Rx,0,8,5A,00,00,00,20,00,15,21,
73206692,00000120,false,Rx,0,8,04,00,00,00,D0,00,5C,5F,
73207678,00000110,false,Rx,0,8,79,00,00,00,40,00,3A,72,
73207680,00000130,false,Rx,0,8,B9,FF,FF,FF,30,00,1A,82,
73208822,00000100,false,Rx,0,8,71,00,00,00,30,00,1E,FA,
73208823,00000140,false,Rx,0,8,01,00,FF,FF,A0,00,79,EE,
73208824,00000120,false,Rx,0,8,04,00,00,00,E0,00,48,5F,
73209828,00000110,false,Rx,0,8,62,00,00,00,50,00,34,59,
73209829,00000130,false,Rx,0,8,18,00,00,00,40,00,32,03,
73210802,00000100,false,Rx,0,8,71,00,00,00,40,00,3B,3A,
73210804,00000120,false,Rx,0,8,E7,FF,FF,FF,F0,00,47,FC,
73211811,00000110,false,Rx,0,8,62,00,00,00,60,00,20,59,
73211812,00000130,false,Rx,0,8,18,00,00,00,50,00,3F,C3,
73212793,00000100,false,Rx,0,8,88,00,00,00,50,00,22,93,
73212795,00000120,false,Rx,0,8,E7,FF,FF,FF,00,00,03,FC,
73212795,00000110,false,Rx,0,8,4B,00,00,00,70,00,2A,60,
73214045,00000050,false,Rx,0,6,41,5C,FF,FB,5F,FF,00,00,
73214046,00000130,false,Rx,0,8,D8,34,03,00,63,80,8A,13,
73214047,00000100,false,Rx,0,8,88,00,00,00,60,00,36,93,
73215671,00000120,false,Rx,0,8,E7,FF,FF,FF,10,00,0E,3C,
73215672,00000110,false,Rx,0,8,4B,00,00,00,80,00,6E,60,
73216677,00000130,false,Rx,0,8,D9,FF,FF,FF,70,00,22,E2,
73216678,00000100,false,Rx,0,8,88,00,00,00,70,00,3B,53,
73217828,00000120,false,Rx,0,8,E7,FF,FF,FF,20,00,1A,3C,
73217829,00000110,false,Rx,0,8,4B,00,00,00,90,00,63,A0,
73218814,00000130,false,Rx,0,8,D9,FF,FF,FF,80,00,66,E2,
73218815,00000100,false,Rx,0,8,71,00,00,00,80,00,6B,3A,
73219800,00000120,false,Rx,0,8,04,00,00,00,30,00,15,9F,
73219802,00000110,false,Rx,0,8,4B,00,00,00,A0,00,77,A0,
73220821,00000130,false,Rx,0,8,B9,FF,FF,FF,90,00,62,82,
73220822,00000100,false,Rx,0,8,5A,00,00,00,90,00,60,E1,
73221896,00000120,false,Rx,0,8,04,00,00,00,40,00,30,5F,
73221897,00000110,false,Rx,0,8,79,00,00,00,B0,00,7E,72,
73222919,00000130,false,Rx,0,8,F8,FF,FF,FF,A0,00,79,93,
73222920,00000100,false,Rx,0,8,43,00,00,00,A0,00,76,E8,
73223896,00000120,false,Rx,0,8,3D,00,00,00,50,00,38,F6,
73223897,00000110,false,Rx,0,8,79,00,00,00,C0,00,5B,B2,
73224891,00000130,false,Rx,0,8,18,00,00,00,B0,00,76,03,
73224892,00000100,false,Rx,0,8,5A,00,00,00,B0,00,79,21,
73225891,00000120,false,Rx,0,8,3D,00,00,00,60,00,2C,F6,
73225892,00000110,false,Rx,0,8,79,00,00,00,D0,00,56,72,
73227014,00000130,false,Rx,0,8,F8,FF,FF,FF,C0,00,51,93,
73227015,00000100,false,Rx,0,8,71,00,00,00,C0,00,5A,FA,
73228013,00000120,false,Rx,0,8,E7,FF,FF,FF,70,00,26,3C,
73228014,00000110,false,Rx,0,8,79,00,00,00,E0,00,42,72,
73229013,00000130,false,Rx,0,8,D9,FF,FF,FF,D0,00,5A,E2,
73229014,00000100,false,Rx,0,8,5A,00,00,00,D0,00,51,21,
73229015,00000140,false,Rx,0,8,01,00,FF,FF,B0,00,74,2E,
73230014,00000120,false,Rx,0,8,E7,FF,FF,FF,80,00,62,3C,
73230014,00000110,false,Rx,0,8,4B,00,00,00,F0,00,4B,A0,
73231142,00000130,false,Rx,0,8,D9,FF,FF,FF,E0,00,4E,E2,
73231143,00000100,false,Rx,0,8,88,00,00,00,E0,00,57,53,
73232141,00000120,false,Rx,0,8,E7,FF,FF,FF,90,00,6F,FC,
73232142,00000110,false,Rx,0,8,4B,00,00,00,00,00,0F,A0,
73233141,00000130,false,Rx,0,8,18,00,00,00,F0,00,47,C3,
73233142,00000100,false,Rx,0,8,9F,00,00,00,F0,00,59,B4,
73233142,00000120,false,Rx,0,8,E7,FF,FF,FF,A0,00,7B,FC,
73234390,00000110,false,Rx,0,8,34,00,00,00,10,00,09,AF,
73234391,00000050,false,Rx,0,6,41,5C,FF,FB,5F,FF,00,00,
73234392,00000130,false,Rx,0,8,EB,95,FF,FF,03,80,1A,69,
73235391,00000100,false,Rx,0,8,88,00,00,00,00,00,1E,93,
73235392,00000120,false,Rx,0,8,E7,FF,FF,FF,B0,00,76,3C,
73236390,00000110,false,Rx,0,8,34,00,00,00,20,00,1D,AF,
73236391,00000130,false,Rx,0,8,95,00,00,00,10,00,10,DE,
73237515,00000100,false,Rx,0,8,71,00,00,00,10,00,07,3A,
73237516,00000120,false,Rx,0,8,E7,FF,FF,FF,C0,00,53,FC,
73238515,00000110,false,Rx,0,8,62,00,00,00,30,00,1C,59,
73238516,00000130,false,Rx,0,8,37,00,00,00,20,00,1D,9C,
73239515,00000100,false,Rx,0,8,71,00,00,00,20,00,13,3A,
73239516,00000120,false,Rx,0,8,04,00,00,00,D0,00,5C,5F,
73240515,00000110,false,Rx,0,8,62,00,00,00,40,00,39,99,
73240516,00000130,false,Rx,0,8,18,00,00,00,30,00,17,C3,
73241639,00000100,false,Rx,0,8,71,00,00,00,30,00,1E,FA,
73241640,00000120,false,Rx,0,8,04,00,00,00,E0,00,48,5F,
73242639,00000110,false,Rx,0,8,90,00,00,00,50,00,21,4B,
73242641,00000130,false,Rx,0,8,B9,FF,FF,FF,40,00,3F,42,
73243639,00000100,false,Rx,0,8,43,00,00,00,40,00,3F,28,
73243640,00000120,false,Rx,0,8,20,00,00,00,F0,00,43,7B,
73244639,00000110,false,Rx,0,8,90,00,00,00,60,00,35,4B,
73244640,00000130,false,Rx,0,8,F8,FF,FF,FF,50,00,3D,93,
73245765,00000100,false,Rx,0,8,5A,00,00,00,50,00,30,E1,
73245766,00000120,false,Rx,0,8,20,00,00,00,00,00,07,7B,
73246765,00000110,false,Rx,0,8,62,00,00,00,70,00,2D,99,
73246766,00000130,false,Rx,0,8,18,00,00,00,60,00,2B,C3,
73247765,00000100,false,Rx,0,8,5A,00,00,00,60,00,24,E1,
73247766,00000120,false,Rx,0,8,04,00,00,00,10,00,0C,5F,
73248764,00000110,false,Rx,0,8,62,00,00,00,80,00,69,99,
73248765,00000130,false,Rx,0,8,F8,FF,FF,FF,70,00,24,53,
73249764,00000100,false,Rx,0,8,71,00,00,00,70,00,2F,3A,
73249765,00000140,false,Rx,0,8,01,00,FF,FF,C0,00,51,EE,
73249766,00000120,false,Rx,0,8,04,00,00,00,20,00,18,5F,
73250890,00000110,false,Rx,0,8,62,00,00,00,90,00,64,59,
73250891,00000130,false,Rx,0,8,F8,FF,FF,FF,80,00,60,53,
73251890,00000100,false,Rx,0,8,88,00,00,00,80,00,7F,53,
73251891,00000120,false,Rx,0,8,CB,FF,FF,FF,30,00,10,50,
73252889,00000110,false,Rx,0,8,62,00,00,00,A0,00,70,59,
73252890,00000130,false,Rx,0,8,F8,FF,FF,FF,90,00,6D,93,
73253889,00000100,false,Rx,0,8,B6,00,00,00,90,00,76,4D,
73253890,00000120,false,Rx,0,8,CB,FF,FF,FF,40,00,35,90,
73253891,00000110,false,Rx,0,8,34,00,00,00,B0,00,71,AF,
73255139,00000050,false,Rx,0,6,41,5C,FF,FB,5F,FF,00,00,
73255140,00000130,false,Rx,0,8,0D,BA,F5,FF,A3,80,A2,71,
73255141,00000100,false,Rx,0,8,71,00,00,00,A0,00,72,FA,
73256766,00000120,false,Rx,0,8,04,00,00,00,50,00,3D,9F,
73256767,00000110,false,Rx,0,8,34,00,00,00,C0,00,54,6F,
73257764,00000130,false,Rx,0,8,95,00,00,00,B0,00,68,DE,
73257765,00000100,false,Rx,0,8,71,00,00,00,B0,00,7F,3A,
73258890,00000120,false,Rx,0,8,04,00,00,00,60,00,29,9F,
73258891,00000110,false,Rx,0,8,62,00,00,00,D0,00,55,99,
73259890,00000130,false,Rx,0,8,D9,FF,FF,FF,C0,00,57,22,
73259891,00000100,false,Rx,0,8,71,00,00,00,C0,00,5A,FA,
73260889,00000120,false,Rx,0,8,04,00,00,00,70,00,24,5F,
73260890,00000110,false,Rx,0,8,62,00,00,00,E0,00,41,99,
73261889,00000130,false,Rx,0,8,F8,FF,FF,FF,D0,00,5C,53,
73261890,00000100,false,Rx,0,8,71,00,00,00,D0,00,57,3A,
73263015,00000120,false,Rx,0,8,04,00,00,00,80,00,60,5F,
73263016,00000110,false,Rx,0,8,A7,00,00,00,F0,00,5D,0C,
73264015,00000130,false,Rx,0,8,18,00,00,00,E0,00,4A,03,
73264015,00000100,false,Rx,0,8,2C,00,00,00,E0,00,4E,77,
73265014,00000120,false,Rx,0,8,20,00,00,00,90,00,6B,7B,
73265015,00000110,false,Rx,0,8,A7,00,00,00,00,00,19,0C,
73266014,00000130,false,Rx,0,8,B9,FF,FF,FF,F0,00,4A,82,
73266015,00000100,false,Rx,0,8,5A,00,00,00,F0,00,48,E1,
73267014,00000120,false,Rx,0,8,20,00,00,00,A0,00,7F,7B,
73267015,00000110,false,Rx,0,8,79,00,00,00,10,00,06,72,
73268139,00000130,false,Rx,0,8,F8,FF,FF,FF,00,00,01,93,
73268140,00000100,false,Rx,0,8,71,00,00,00,00,00,0A,FA,
73269179,00000120,false,Rx,0,8,04,00,00,00,B0,00,74,5F,
73269181,00000110,false,Rx,0,8,79,00,00,00,20,00,12,72,
73270178,00000130,false,Rx,0,8,D9,FF,FF,FF,10,00,0A,E2,
73270179,00000100,false,Rx,0,8,71,00,00,00,10,00,07,3A,
73270180,00000140,false,Rx,0,8,01,00,FF,FF,D0,00,5C,2E,
73271180,00000120,false,Rx,0,8,04,00,00,00,C0,00,51,9F,
73271182,00000110,false,Rx,0,8,62,00,00,00,30,00,1C,59,
73272303,00000130,false,Rx,0,8,F8,FF,FF,FF,20,00,18,53,
73272305,00000100,false,Rx,0,8,9F,00,00,00,20,00,04,74,
73273285,00000120,false,Rx,0,8,CB,FF,FF,FF,D0,00,59,90,
73273286,00000110,false,Rx,0,8,62,00,00,00,40,00,39,99,
73274266,00000130,false,Rx,0,8,18,00,00,00,30,00,17,C3,
73274267,00000100,false,Rx,0,8,9F,00,00,00,30,00,09,B4,
73274268,00000120,false,Rx,0,8,CB,FF,FF,FF,E0,00,4D,90,
73275515,00000110,false,Rx,0,8,62,00,00,00,50,00,34,59,
73275516,00000050,false,Rx,0,6,41,5C,FF,FB,5F,FF,00,00,
73275517,00000130,false,Rx,0,8,6C,21,00,00,43,80,85,E0,
73276515,00000100,false,Rx,0,8,71,00,00,00,40,00,3B,3A,
73276516,00000120,false,Rx,0,8,04,00,00,00,F0,00,45,9F,
73277514,00000110,false,Rx,0,8,62,00,00,00,60,00,20,59,
73277516,00000130,false,Rx,0,8,F8,FF,FF,FF,50,00,3D,93,
73278639,00000100,false,Rx,0,8,71,00,00,00,50,00,36,FA,
73278640,00000120,false,Rx,0,8,04,00,00,00,00,00,01,9F,
73279639,00000110,false,Rx,0,8,62,00,00,00,70,00,2D,99,
73279641,00000130,false,Rx,0,8,18,00,00,00,60,00,2B,C3,
73280640,00000100,false,Rx,0,8,5A,00,00,00,60,00,24,E1,
73280641,00000120,false,Rx,0,8,04,00,00,00,10,00,0C,5F,
73281764,00000110,false,Rx,0,8,62,00,00,00,80,00,69,99,
73281765,00000130,false,Rx,0,8,F8,FF,FF,FF,70,00,24,53,
73282764,00000100,false,Rx,0,8,43,00,00,00,70,00,2B,28,
73282765,00000120,false,Rx,0,8,04,00,00,00,20,00,18,5F,
73283764,00000110,false,Rx,0,8,A7,00,00,00,90,00,75,0C,
73283765,00000130,false,Rx,0,8,18,00,00,00,80,00,62,03,
73284765,00000100,false,Rx,0,8,43,00,00,00,80,00,6F,28,
73284766,00000120,false,Rx,0,8,20,00,00,00,30,00,13,7B,
73285763,00000110,false,Rx,0,8,A7,00,00,00,A0,00,61,0C,
73285764,00000130,false,Rx,0,8,F8,FF,FF,FF,90,00,6D,93,
73286889,00000100,false,Rx,0,8,5A,00,00,00,90,00,60,E1,
73286890,00000120,false,Rx,0,8,20,00,00,00,40,00,36,BB,
73287889,00000110,false,Rx,0,8,62,00,00,00,B0,00,7D,99,
73287890,00000130,false,Rx,0,8,18,00,00,00,A0,00,7B,C3,
73288889,00000100,false,Rx,0,8,5A,00,00,00,A0,00,74,E1,
73288889,00000120,false,Rx,0,8,04,00,00,00,50,00,3D,9F,
73289889,00000110,false,Rx,0,8,62,00,00,00,C0,00,58,59,
73289890,00000130,false,Rx,0,8,F8,FF,FF,FF,B0,00,74,53,
73291014,00000100,false,Rx,0,8,71,00,00,00,B0,00,7F,3A,
73291015,00000140,false,Rx,0,8,01,00,FF,FF,E0,00,48,2E,
73291015,00000120,false,Rx,0,8,04,00,00,00,60,00,29,9F,
73292014,00000110,false,Rx,0,8,4B,00,00,00,D0,00,52,60,
73292014,00000130,false,Rx,0,8,F8,FF,FF,FF,C0,00,51,93,
73293013,00000100,false,Rx,0,8,9F,00,00,00,C0,00,4D,B4,
73293014,00000120,false,Rx,0,8,CB,FF,FF,FF,70,00,21,90,
73294014,00000110,false,Rx,0,8,4B,00,00,00,E0,00,46,60,
73294014,00000130,false,Rx,0,8,D9,FF,FF,FF,D0,00,5A,E2,
73295013,00000100,false,Rx,0,8,9F,00,00,00,D0,00,40,74,
73295014,00000120,false,Rx,0,8,CB,FF,FF,FF,80,00,65,90,
73295015,00000110,false,Rx,0,8,79,00,00,00,F0,00,4F,B2,
73296264,00000050,false,Rx,0,6,41,5C,FF,FB,5F,FF,00,00,
73296265,00000130,false,Rx,0,8,B8,34,03,00,E3,80,E2,73,
73296265,00000100,false,Rx,0,8,71,00,00,00,E0,00,43,3A,
73297888,00000120,false,Rx,0,8,04,00,00,00,90,00,6D,9F,
73297889,00000110,false,Rx,0,8,79,00,00,00,00,00,0B,B2,
73298888,00000130,false,Rx,0,8,D9,FF,FF,FF,F0,00,43,22,
73298889,00000100,false,Rx,0,8,71,00,00,00,F0,00,4E,FA,
73300013,00000120,false,Rx,0,8,04,00,00,00,A0,00,79,9F,
73300014,00000110,false,Rx,0,8,62,00,00,00,10,00,05,99,
73300014,00000170,false,Rx,0,8,00,00,00,55,50,81,05,03,
73301013,00000130,false,Rx,0,8,18,00,00,00,00,00,03,C3,
73301014,00000100,false,Rx,0,8,71,00,00,00,00,00,0A,FA,
73302013,00000120,false,Rx,0,8,20,00,00,00,B0,00,72,BB,
73302013,00000110,false,Rx,0,8,62,00,00,00,20,00,11,99,
73303013,00000130,false,Rx,0,8,18,00,00,00,10,00,0E,03,
73303013,00000100,false,Rx,0,8,43,00,00,00,10,00,03,28,
73304137,00000120,false,Rx,0,8,20,00,00,00,C0,00,57,7B,
73304137,00000110,false,Rx,0,8,90,00,00,00,30,00,09,4B,
73305137,00000130,false,Rx,0,8,18,00,00,00,20,00,1A,03,
73305138,00000100,false,Rx,0,8,5A,00,00,00,20,00,15,21,
73306137,00000120,false,Rx,0,8,04,00,00,00,D0,00,5C,5F,
73306138,00000110,false,Rx,0,8,90,00,00,00,40,00,2C,8B,
73307137,00000130,false,Rx,0,8,18,00,00,00,30,00,17,C3,
73307137,00000100,false,Rx,0,8,5A,00,00,00,30,00,18,E1,
73308261,00000120,false,Rx,0,8,04,00,00,00,E0,00,48,5F,
73308262,00000110,false,Rx,0,8,62,00,00,00,50,00,34,59,
73309261,00000130,false,Rx,0,8,F8,FF,FF,FF,40,00,30,53,
73309262,00000100,false,Rx,0,8,71,00,00,00,40,00,3B,3A,
73310268,00000120,false,Rx,0,8,04,00,00,00,F0,00,45,9F,
73310269,00000110,false,Rx,0,8,62,00,00,00,60,00,20,59,
73311266,00000130,false,Rx,0,8,18,00,00,00,50,00,3F,C3,
73311267,00000100,false,Rx,0,8,71,00,00,00,50,00,36,FA,
73311268,00000140,false,Rx,0,8,01,00,FF,FF,F0,00,45,EE,
73312419,00000120,false,Rx,0,8,04,00,00,00,00,00,01,9F,
73312421,00000110,false,Rx,0,8,34,00,00,00,70,00,21,AF,
73313419,00000130,false,Rx,0,8,18,00,00,00,60,00,2B,C3,
73313421,00000100,false,Rx,0,8,B6,00,00,00,60,00,32,4D,
73314420,00000120,false,Rx,0,8,E7,FF,FF,FF,10,00,0E,3C,
73314421,00000110,false,Rx,0,8,34,00,00,00,80,00,65,AF,
73315421,00000130,false,Rx,0,8,18,00,00,00,70,00,26,03,
73315422,00000100,false,Rx,0,8,88,00,00,00,70,00,3B,53,
73315423,00000120,false,Rx,0,8,E7,FF,FF,FF,20,00,1A,3C,
73316672,00000110,false,Rx,0,8,62,00,00,00,90,00,64,59,
73316674,00000050,false,Rx,0,6,41,5C,FF,FB,5F,FF,00,00,
73316675,00000130,false,Rx,0,8,EB,95,FF,FF,83,80,7B,A9,
73317663,00000100,false,Rx,0,8,71,00,00,00,80,00,6B,3A,
73317665,00000120,false,Rx,0,8,E7,FF,FF,FF,30,00,17,FC,
73318670,00000110,false,Rx,0,8,62,00,00,00,A0,00,70,59,
73318672,00000130,false,Rx,0,8,95,00,00,00,90,00,71,1E,
73319795,00000100,false,Rx,0,8,5A,00,00,00,90,00,60,E1,
73319795,00000120,false,Rx,0,8,E7,FF,FF,FF,40,00,32,3C,
73320817,00000110,false,Rx,0,8,79,00,00,00,B0,00,7E,72,
73320819,00000130,false,Rx,0,8,F8,FF,FF,FF,A0,00,79,93,
73321792,00000100,false,Rx,0,8,5A,00,00,00,A0,00,74,E1,
73321793,00000120,false,Rx,0,8,20,00,00,00,50,00,3B,7B,
73322919,00000110,false,Rx,0,8,79,00,00,00,C0,00,5B,B2,
73322920,00000130,false,Rx,0,8,D9,FF,FF,FF,B0,00,72,E2,
73323950,00000100,false,Rx,0,8,43,00,00,00,B0,00,7B,28,
73323951,00000120,false,Rx,0,8,20,00,00,00,60,00,2F,7B,
73324927,00000110,false,Rx,0,8,90,00,00,00,D0,00,40,8B,
73324929,00000130,false,Rx,0,8,F8,FF,FF,FF,C0,00,51,93,
73325930,00000100,false,Rx,0,8,43,00,00,00,C0,00,5E,E8,
73325931,00000120,false,Rx,0,8,20,00,00,00,70,00,22,BB,
73326915,00000110,false,Rx,0,8,90,00,00,00,E0,00,54,8B,
73326917,00000130,false,Rx,0,8,D9,FF,FF,FF,D0,00,5A,E2,
73328075,00000100,false,Rx,0,8,5A,00,00,00,D0,00,51,21,
73328076,00000120,false,Rx,0,8,20,00,00,00,80,00,66,BB,
73329073,00000110,false,Rx,0,8,62,00,00,00,F0,00,4C,59,
73329074,00000130,false,Rx,0,8,37,00,00,00,E0,00,4D,9C,
73330051,00000100,false,Rx,0,8,71,00,00,00,E0,00,43,3A,
73330052,00000120,false,Rx,0,8,04,00,00,00,90,00,6D,9F,
73331016,00000110,false,Rx,0,8,62,00,00,00,00,00,08,59,
73331017,00000130,false,Rx,0,8,F8,FF,FF,FF,F0,00,45,93,
73332201,00000100,false,Rx,0,8,88,00,00,00,F0,00,5A,93,
73332202,00000140,false,Rx,0,8,01,00,FF,FF,00,00,01,EE,
73332203,00000120,false,Rx,0,8,04,00,00,00,A0,00,79,9F,
73333196,00000110,false,Rx,0,8,34,00,00,00,10,00,09,AF,
73333197,00000130,false,Rx,0,8,D9,FF,FF,FF,00,00,07,22,
73334196,00000100,false,Rx,0,8,9F,00,00,00,00,00,1D,B4,
73334197,00000120,false,Rx,0,8,E7,FF,FF,FF,B0,00,76,3C,
73335164,00000110,false,Rx,0,8,34,00,00,00,20,00,1D,AF,
73335166,00000130,false,Rx,0,8,18,00,00,00,10,00,0E,03,
73336167,00000100,false,Rx,0,8,88,00,00,00,10,00,13,53,
73336168,00000120,false,Rx,0,8,E7,FF,FF,FF,C0,00,53,FC,
73336169,00000110,false,Rx,0,8,4B,00,00,00,30,00,1B,A0,
73337415,00000050,false,Rx,0,6,41,5C,FF,FB,5F,FF,00,00,
73337417,00000130,false,Rx,0,8,4C,BA,F5,FF,23,80,CC,A0,
73337418,00000100,false,Rx,0,8,71,00,00,00,20,00,13,3A,
73339050,00000120,false,Rx,0,8,04,00,00,00,D0,00,5C,5F,
73339051,00000110,false,Rx,0,8,4B,00,00,00,40,00,3E,60,
73340040,00000130,false,Rx,0,8,76,00,00,00,30,00,1F,4D,
73340041,00000100,false,Rx,0,8,71,00,00,00,30,00,1E,FA,
73341196,00000120,false,Rx,0,8,04,00,00,00,E0,00,48,5F,
73341198,00000110,false,Rx,0,8,79,00,00,00,50,00,37,B2,
73342174,00000130,false,Rx,0,8,D9,FF,FF,FF,40,00,36,E2,
73342176,00000100,false,Rx,0,8,43,00,00,00,40,00,3F,28,
73343176,00000120,false,Rx,0,8,3D,00,00,00,F0,00,40,F6,
73343177,00000110,false,Rx,0,8,79,00,00,00,60,00,23,B2,
73344166,00000130,false,Rx,0,8,37,00,00,00,50,00,38,5C,
73344167,00000100,false,Rx,0,8,43,00,00,00,50,00,32,E8,
73345321,00000120,false,Rx,0,8,3D,00,00,00,00,00,04,F6,
73345322,00000110,false,Rx,0,8,79,00,00,00,70,00,2E,72,
73346321,00000130,false,Rx,0,8,F8,FF,FF,FF,60,00,29,93,
73346323,00000100,false,Rx,0,8,71,00,00,00,60,00,22,FA,
73347310,00000120,false,Rx,0,8,20,00,00,00,10,00,0A,BB,
73347311,00000110,false,Rx,0,8,79,00,00,00,80,00,6A,72,
73348291,00000130,false,Rx,0,8,F8,FF,FF,FF,70,00,24,53,
73348293,00000100,false,Rx,0,8,71,00,00,00,70,00,2F,3A,
73349293,00000120,false,Rx,0,8,20,00,00,00,20,00,1E,BB,
73349294,00000110,false,Rx,0,8,62,00,00,00,90,00,64,59,
73350426,00000130,false,Rx,0,8,18,00,00,00,80,00,62,03,
73350428,00000100,false,Rx,0,8,71,00,00,00,80,00,6B,3A,
73351432,00000120,false,Rx,0,8,E7,FF,FF,FF,30,00,17,FC,
73351433,00000110,false,Rx,0,8,62,00,00,00,A0,00,70,59,
73352434,00000130,false,Rx,0,8,18,00,00,00,90,00,6F,C3,
73352436,00000100,false,Rx,0,8,88,00,00,00,90,00,72,93,
73352436,00000140,false,Rx,0,8,01,00,FF,FF,10,00,0C,2E,
73353573,00000120,false,Rx,0,8,E7,FF,FF,FF,40,00,32,3C,
73353574,00000110,false,Rx,0,8,34,00,00,00,B0,00,71,AF,
73354570,00000130,false,Rx,0,8,18,00,00,00,A0,00,7B,C3,
73354571,00000100,false,Rx,0,8,9F,00,00,00,A0,00,65,B4,
73355574,00000120,false,Rx,0,8,E7,FF,FF,FF,50,00,3F,FC,
73355576,00000110,false,Rx,0,8,34,00,00,00,C0,00,54,6F,
73356548,00000130,false,Rx,0,8,18,00,00,00,B0,00,76,03,
73356549,00000100,false,Rx,0,8,71,00,00,00,B0,00,7F,3A,
73356550,00000120,false,Rx,0,8,E7,FF,FF,FF,60,00,2B,FC,
73357823,00000110,false,Rx,0,8,90,00,00,00,D0,00,40,8B,
73357825,00000050,false,Rx,0,6,41,5C,FF,FB,5F,FF,00,00,
73357825,00000130,false,Rx,0,8,6C,21,00,00,C3,80,E4,20,
73358805,00000100,false,Rx,0,8,5A,00,00,00,C0,00,5C,E1,
73358806,00000120,false,Rx,0,8,20,00,00,00,70,00,22,BB,
73359819,00000110,false,Rx,0,8,90,00,00,00,E0,00,54,8B,
73359820,00000130,false,Rx,0,8,B9,FF,FF,FF,D0,00,53,42,
73360949,00000100,false,Rx,0,8,71,00,00,00,D0,00,57,3A,
73360950,00000120,false,Rx,0,8,20,00,00,00,80,00,66,BB,
73361924,00000110,false,Rx,0,8,79,00,00,00,F0,00,4F,B2,
73361926,00000130,false,Rx,0,8,18,00,00,00,E0,00,4A,03,
73362914,00000100,false,Rx,0,8,43,00,00,00,E0,00,47,28,
73362916,00000120,false,Rx,0,8,20,00,00,00,90,00,6B,7B,
73364072,00000110,false,Rx,0,8,79,00,00,00,00,00,0B,B2,
73364074,00000130,false,Rx,0,8,18,00,00,00,F0,00,47,C3,
73365075,00000100,false,Rx,0,8,43,00,00,00,F0,00,4A,E8,
73365076,00000120,false,Rx,0,8,20,00,00,00,A0,00,7F,7B,
73366047,00000110,false,Rx,0,8,62,00,00,00,10,00,05,99,
73366049,00000130,false,Rx,0,8,F8,FF,FF,FF,00,00,01,93,
73367054,00000100,false,Rx,0,8,71,00,00,00,00,00,0A,FA,
73367055,00000120,false,Rx,0,8,04,00,00,00,B0,00,74,5F,
73368048,00000110,false,Rx,0,8,62,00,00,00,20,00,11,99,
73368049,00000130,false,Rx,0,8,18,00,00,00,10,00,0E,03,
73369198,00000100,false,Rx,0,8,71,00,00,00,10,00,07,3A,
73369199,00000120,false,Rx,0,8,04,00,00,00,C0,00,51,9F,
73370164,00000110,false,Rx,0,8,62,00,00,00,30,00,1C,59,
73370166,00000130,false,Rx,0,8,D9,FF,FF,FF,20,00,1E,E2,
73371187,00000100,false,Rx,0,8,71,00,00,00,20,00,13,3A,
73371188,00000120,false,Rx,0,8,E7,FF,FF,FF,D0,00,5E,3C,
73372165,00000110,false,Rx,0,8,62,00,00,00,40,00,39,99,
73372166,00000130,false,Rx,0,8,18,00,00,00,30,00,17,C3,
73373323,00000100,false,Rx,0,8,88,00,00,00,30,00,0A,93,
73373325,00000140,false,Rx,0,8,01,00,FF,FF,20,00,18,2E,
73373326,00000120,false,Rx,0,8,E7,FF,FF,FF,E0,00,4A,3C,
73374301,00000110,false,Rx,0,8,1D,00,00,00,50,00,3F,96,
73374302,00000130,false,Rx,0,8,18,00,00,00,40,00,32,03,
73375299,00000100,false,Rx,0,8,88,00,00,00,40,00,2F,53,
73375301,00000120,false,Rx,0,8,E7,FF,FF,FF,F0,00,47,FC,
73376313,00000110,false,Rx,0,8,1D,00,00,00,60,00,2B,96,
73376315,00000130,false,Rx,0,8,37,00,00,00,50,00,38,5C,
73377294,00000100,false,Rx,0,8,71,00,00,00,50,00,36,FA,
73377295,00000120,false,Rx,0,8,E7,FF,FF,FF,00,00,03,FC,
73377296,00000110,false,Rx,0,8,90,00,00,00,70,00,38,8B,
73378549,00000050,false,Rx,0,6,41,5C,FF,FB,5F,FF,00,00,
73378550,00000130,false,Rx,0,8,B8,34,03,00,63,80,83,B3,
73378551,00000100,false,Rx,0,8,5A,00,00,00,60,00,24,E1,
73380173,00000120,false,Rx,0,8,20,00,00,00,10,00,0A,BB,
73380175,00000110,false,Rx,0,8,90,00,00,00,80,00,7C,8B,
73380175,00000210,false,Rx,0,8,75,69,00,05,06,5F,01,03,
73381169,00000130,false,Rx,0,8,F8,FF,FF,FF,70,00,24,53,
73381170,00000100,false,Rx,0,8,5A,00,00,00,70,00,29,21,
73382291,00000120,false,Rx,0,8,20,00,00,00,20,00,1E,BB,
73382293,00000110,false,Rx,0,8,90,00,00,00,90,00,71,4B,
73383291,00000130,false,Rx,0,8,18,00,00,00,80,00,62,03,
73383293,00000100,false,Rx,0,8,43,00,00,00,80,00,6F,28,
73384299,00000120,false,Rx,0,8,20,00,00,00,30,00,13,7B,
73384300,00000110,false,Rx,0,8,90,00,00,00,A0,00,65,4B,
73385290,00000130,false,Rx,0,8,F8,FF,FF,FF,90,00,6D,93,
73385292,00000100,false,Rx,0,8,43,00,00,00,90,00,62,E8,
73386448,00000120,false,Rx,0,8,20,00,00,00,40,00,36,BB,
73386450,00000110,false,Rx,0,8,79,00,00,00,B0,00,7E,72,
73387422,00000130,false,Rx,0,8,37,00,00,00,A0,00,7C,5C,
73387423,00000100,false,Rx,0,8,5A,00,00,00,A0,00,74,E1,
73388423,00000120,false,Rx,0,8,04,00,00,00,50,00,3D,9F,
73388425,00000110,false,Rx,0,8,79,00,00,00,C0,00,5B,B2,
73389434,00000130,false,Rx,0,8,F8,FF,FF,FF,B0,00,74,53,
73389435,00000100,false,Rx,0,8,71,00,00,00,B0,00,7F,3A,
73390572,00000120,false,Rx,0,8,04,00,00,00,60,00,29,9F,
73390573,00000110,false,Rx,0,8,4B,00,00,00,D0,00,52,60,
73391518,00000130,false,Rx,0,8,D9,FF,FF,FF,C0,00,57,22,
73391519,00000100,false,Rx,0,8,88,00,00,00,C0,00,4E,93,
73392546,00000120,false,Rx,0,8,CB,FF,FF,FF,70,00,21,90,
73392548,00000110,false,Rx,0,8,4B,00,00,00,E0,00,46,60,
73393547,00000130,false,Rx,0,8,18,00,00,00,D0,00,5E,03,
73393548,00000100,false,Rx,0,8,9F,00,00,00,D0,00,40,74,
73393549,00000140,false,Rx,0,8,01,00,FF,FF,30,00,15,EE,
73394668,00000120,false,Rx,0,8,CB,FF,FF,FF,80,00,65,90,
73394670,00000110,false,Rx,0,8,4B,00,00,00,F0,00,4B,A0,
73395667,00000130,false,Rx,0,8,F8,FF,FF,FF,E0,00,48,53,
73395668,00000100,false,Rx,0,8,71,00,00,00,E0,00,43,3A,
73396666,00000120,false,Rx,0,8,E7,FF,FF,FF,90,00,6F,FC,
73396668,00000110,false,Rx,0,8,4B,00,00,00,00,00,0F,A0,
73397676,00000130,false,Rx,0,8,F8,FF,FF,FF,F0,00,45,93,
73397677,00000100,false,Rx,0,8,71,00,00,00,F0,00,4E,FA,
73397678,00000120,false,Rx,0,8,E7,FF,FF,FF,A0,00,7B,FC,
73398923,00000110,false,Rx,0,8,62,00,00,00,10,00,05,99,
73398924,00000050,false,Rx,0,6,41,5C,FF,FB,5F,FF,00,00,
73398925,00000130,false,Rx,0,8,0B,96,FF,FF,03,80,48,09,
73399917,00000100,false,Rx,0,8,71,00,00,00,00,00,0A,FA,
73399918,00000120,false,Rx,0,8,20,00,00,00,B0,00,72,BB,
73400921,00000110,false,Rx,0,8,62,00,00,00,20,00,11,99,
73400923,00000130,false,Rx,0,8,B5,00,00,00,10,00,17,BE,
73402074,00000100,false,Rx,0,8,5A,00,00,00,10,00,01,21,
73402076,00000120,false,Rx,0,8,20,00,00,00,C0,00,57,7B,
73403046,00000110,false,Rx,0,8,90,00,00,00,30,00,09,4B,
73403047,00000170,false,Rx,0,8,00,00,00,56,50,81,05,B9,
73403048,00000130,false,Rx,0,8,F8,FF,FF,FF,20,00,18,53,
73404198,00000100,false,Rx,0,8,2C,00,00,00,20,00,1E,77,
73404200,00000120,false,Rx,0,8,20,00,00,00,D0,00,5A,BB,
73405165,00000110,false,Rx,0,8,90,00,00,00,40,00,2C,8B,
73405167,00000130,false,Rx,0,8,B9,FF,FF,FF,30,00,1A,82,
73406174,00000100,false,Rx,0,8,5A,00,00,00,30,00,18,E1,
73406175,00000120,false,Rx,0,8,20,00,00,00,E0,00,4E,BB,
73407172,00000110,false,Rx,0,8,62,00,00,00,50,00,34,59,
73407173,00000130,false,Rx,0,8,F8,FF,FF,FF,40,00,30,53,
73408163,00000100,false,Rx,0,8,5A,00,00,00,40,00,3D,21,
73408165,00000120,false,Rx,0,8,E7,FF,FF,FF,F0,00,47,FC,
73409321,00000110,false,Rx,0,8,62,00,00,00,60,00,20,59,
73409323,00000130,false,Rx,0,8,37,00,00,00,50,00,38,5C,
73410290,00000100,false,Rx,0,8,71,00,00,00,50,00,36,FA,
73410292,00000120,false,Rx,0,8,E7,FF,FF,FF,00,00,03,FC,
73411299,00000110,false,Rx,0,8,4B,00,00,00,70,00,2A,60,
73411300,00000130,false,Rx,0,8,B9,FF,FF,FF,60,00,26,82,
73412289,00000100,false,Rx,0,8,88,00,00,00,60,00,36,93,
73412290,00000120,false,Rx,0,8,CB,FF,FF,FF,10,00,09,90,
73413447,00000110,false,Rx,0,8,4B,00,00,00,80,00,6E,60,
73413448,00000130,false,Rx,0,8,F8,FF,FF,FF,70,00,24,53,
73414448,00000100,false,Rx,0,8,9F,00,00,00,70,00,38,74,
73414449,00000140,false,Rx,0,8,01,00,FF,FF,40,00,30,2E,
73414450,00000120,false,Rx,0,8,CB,FF,FF,FF,20,00,1D,90,
73415448,00000110,false,Rx,0,8,4B,00,00,00,90,00,63,A0,
73415449,00000130,false,Rx,0,8,F8,FF,FF,FF,80,00,60,53,
73416422,00000100,false,Rx,0,8,88,00,00,00,80,00,7F,53,
73416423,00000120,false,Rx,0,8,E7,FF,FF,FF,30,00,17,FC,
73417418,00000110,false,Rx,0,8,4B,00,00,00,A0,00,77,A0,
73417419,00000130,false,Rx,0,8,18,00,00,00,90,00,6F,C3,
73418570,00000100,false,Rx,0,8,71,00,00,00,90,00,66,FA,
73418572,00000120,false,Rx,0,8,E7,FF,FF,FF,40,00,32,3C,
73418572,00000110,false,Rx,0,8,4B,00,00,00,B0,00,7A,60,
73419666,00000050,false,Rx,0,6,41,5C,FF,FB,5F,FF,00,00,
73419667,00000130,false,Rx,0,8,2C,BA,F5,FF,A3,80,A4,C0,
73419668,00000100,false,Rx,0,8,71,00,00,00,A0,00,72,FA,
73421298,00000120,false,Rx,0,8,20,00,00,00,50,00,3B,7B,
73421300,00000110,false,Rx,0,8,4B,00,00,00,C0,00,5F,A0,
73422445,00000130,false,Rx,0,8,76,00,00,00,B0,00,7E,8D,
73422447,00000100,false,Rx,0,8,5A,00,00,00,B0,00,79,21,
73423424,00000120,false,Rx,0,8,20,00,00,00,60,00,2F,7B,
73423426,00000110,false,Rx,0,8,A7,00,00,00,D0,00,44,CC,
73424423,00000130,false,Rx,0,8,F8,FF,FF,FF,C0,00,51,93,
73424424,00000100,false,Rx,0,8,43,00,00,00,C0,00,5E,E8,
73425422,00000120,false,Rx,0,8,20,00,00,00,70,00,22,BB,
73425423,00000110,false,Rx,0,8,A7,00,00,00,E0,00,50,CC,
73426413,00000130,false,Rx,0,8,18,00,00,00,D0,00,5E,03,
73426414,00000100,false,Rx,0,8,5A,00,00,00,D0,00,51,21,
73427570,00000120,false,Rx,0,8,20,00,00,00,80,00,66,BB,
73427572,00000110,false,Rx,0,8,62,00,00,00,F0,00,4C,59,
73428546,00000130,false,Rx,0,8,18,00,00,00,E0,00,4A,03,
73428547,00000100,false,Rx,0,8,71,00,00,00,E0,00,43,3A,
73429546,00000120,false,Rx,0,8,20,00,00,00,90,00,6B,7B,
73429547,00000110,false,Rx,0,8,62,00,00,00,00,00,08,59,
73430537,00000130,false,Rx,0,8,F8,FF,FF,FF,F0,00,45,93,
73430538,00000100,false,Rx,0,8,71,00,00,00,F0,00,4E,FA,
73431664,00000120,false,Rx,0,8,20,00,00,00,A0,00,7F,7B,
73431665,00000110,false,Rx,0,8,62,00,00,00,10,00,05,99,
73432647,00000130,false,Rx,0,8,F8,FF,FF,FF,00,00,01,93,
73432648,00000100,false,Rx,0,8,9F,00,00,00,00,00,1D,B4,
73433679,00000120,false,Rx,0,8,AE,FF,FF,FF,B0,00,78,65,
73433681,00000110,false,Rx,0,8,62,00,00,00,20,00,11,99,
73434669,00000130,false,Rx,0,8,F8,FF,FF,FF,10,00,0C,53,
73434670,00000100,false,Rx,0,8,9F,00,00,00,10,00,10,74,
73434671,00000140,false,Rx,0,8,01,00,FF,FF,50,00,3D,EE,
73435816,00000120,false,Rx,0,8,AE,FF,FF,FF,C0,00,5D,A5,
73435817,00000110,false,Rx,0,8,62,00,00,00,30,00,1C,59,
73436768,00000130,false,Rx,0,8,18,00,00,00,20,00,1A,03,
73436769,00000100,false,Rx,0,8,88,00,00,00,20,00,07,53,
73437813,00000120,false,Rx,0,8,04,00,00,00,D0,00,5C,5F,
73437814,00000110,false,Rx,0,8,62,00,00,00,40,00,39,99,
73438788,00000130,false,Rx,0,8,37,00,00,00,30,00,10,5C,
73438790,00000100,false,Rx,0,8,71,00,00,00,30,00,1E,FA,
73438790,00000120,false,Rx,0,8,04,00,00,00,E0,00,48,5F,
73440061,00000110,false,Rx,0,8,79,00,00,00,50,00,37,B2,
73440062,00000050,false,Rx,0,6,41,5C,FF,FB,5F,FF,00,00,
73440063,00000130,false,Rx,0,8,6C,21,00,00,43,80,85,E0,
73441046,00000100,false,Rx,0,8,71,00,00,00,40,00,3B,3A,
73441047,00000120,false,Rx,0,8,04,00,00,00,F0,00,45,9F,
73442037,00000110,false,Rx,0,8,79,00,00,00,60,00,23,B2,
73442038,00000130,false,Rx,0,8,D9,FF,FF,FF,50,00,3B,22,
73443174,00000100,false,Rx,0,8,43,00,00,00,50,00,32,E8,
73443175,00000120,false,Rx,0,8,04,00,00,00,00,00,01,9F,
73444188,00000110,false,Rx,0,8,90,00,00,00,70,00,38,8B,
73444190,00000130,false,Rx,0,8,18,00,00,00,60,00,2B,C3,
73445167,00000100,false,Rx,0,8,5A,00,00,00,60,00,24,E1,
73445168,00000120,false,Rx,0,8,04,00,00,00,10,00,0C,5F,
73446322,00000110,false,Rx,0,8,90,00,00,00,80,00,7C,8B,
73446324,00000130,false,Rx,0,8,18,00,00,00,70,00,26,03,
73447299,00000100,false,Rx,0,8,71,00,00,00,70,00,2F,3A,
73447300,00000120,false,Rx,0,8,04,00,00,00,20,00,18,5F,
73448298,00000110,false,Rx,0,8,62,00,00,00,90,00,64,59,
73448299,00000130,false,Rx,0,8,F8,FF,FF,FF,80,00,60,53,
73449315,00000100,false,Rx,0,8,71,00,00,00,80,00,6B,3A,
73449316,00000120,false,Rx,0,8,E7,FF,FF,FF,30,00,17,FC,
73450426,00000110,false,Rx,0,8,62,00,00,00,A0,00,70,59,
73450427,00000130,false,Rx,0,8,D9,FF,FF,FF,90,00,6B,22,
73450428,00000100,false,Rx,0,8,88,00,00,00,90,00,72,93,
73452150,00000120,false,Rx,0,8,E7,FF,FF,FF,40,00,32,3C,
73452151,00000110,false,Rx,0,8,34,00,00,00,B0,00,71,AF,
73453147,00000130,false,Rx,0,8,18,00,00,00,A0,00,7B,C3,
73453148,00000100,false,Rx,0,8,9F,00,00,00,A0,00,65,B4,
73454275,00000120,false,Rx,0,8,CB,FF,FF,FF,50,00,38,50,
73454276,00000110,false,Rx,0,8,34,00,00,00,C0,00,54,6F,
73455297,00000130,false,Rx,0,8,F8,FF,FF,FF,B0,00,74,53,
73455299,00000100,false,Rx,0,8,88,00,00,00,B0,00,6B,53,
73455299,00000140,false,Rx,0,8,01,00,FF,FF,60,00,29,EE,
73456299,00000120,false,Rx,0,8,CB,FF,FF,FF,60,00,2C,50,
73456300,00000110,false,Rx,0,8,4B,00,00,00,D0,00,52,60,
73457288,00000130,false,Rx,0,8,F8,FF,FF,FF,C0,00,51,93,
73457290,00000100,false,Rx,0,8,71,00,00,00,C0,00,5A,FA,
73458449,00000120,false,Rx,0,8,E7,FF,FF,FF,70,00,26,3C,
73458450,00000110,false,Rx,0,8,4B,00,00,00,E0,00,46,60,
73459445,00000130,false,Rx,0,8,F8,FF,FF,FF,D0,00,5C,53,
73459446,00000100,false,Rx,0,8,71,00,00,00,D0,00,57,3A,
73459447,00000120,false,Rx,0,8,E7,FF,FF,FF,80,00,62,3C,
73460539,00000110,false,Rx,0,8,90,00,00,00,F0,00,59,4B,
73460541,00000050,false,Rx,0,6,41,5C,FF,FB,5F,FF,00,00,
73460541,00000130,false,Rx,0,8,B8,34,03,00,E3,80,E2,73,
73461666,00000100,false,Rx,0,8,43,00,00,00,E0,00,47,28,
73461667,00000120,false,Rx,0,8,3D,00,00,00,90,00,68,F6,
73462665,00000110,false,Rx,0,8,90,00,00,00,00,00,1D,4B,
73462667,00000130,false,Rx,0,8,F8,FF,FF,FF,F0,00,45,93,
73463668,00000100,false,Rx,0,8,43,00,00,00,F0,00,4A,E8,
73463669,00000120,false,Rx,0,8,3D,00,00,00,A0,00,7C,F6,
73464822,00000110,false,Rx,0,8,79,00,00,00,10,00,06,72,
73464823,00000130,false,Rx,0,8,F8,FF,FF,FF,00,00,01,93,
73465798,00000100,false,Rx,0,8,43,00,00,00,00,00,0E,E8,
73465800,00000120,false,Rx,0,8,20,00,00,00,B0,00,72,BB,
73466810,00000110,false,Rx,0,8,79,00,00,00,20,00,12,72,
73466812,00000130,false,Rx,0,8,F8,FF,FF,FF,10,00,0C,53,
73467947,00000100,false,Rx,0,8,5A,00,00,00,10,00,01,21,
73467948,00000120,false,Rx,0,8,20,00,00,00,C0,00,57,7B,
73468944,00000110,false,Rx,0,8,62,00,00,00,30,00,1C,59,
73468946,00000130,false,Rx,0,8,18,00,00,00,20,00,1A,03,
73469940,00000100,false,Rx,0,8,71,00,00,00,20,00,13,3A,
73469941,00000120,false,Rx,0,8,E7,FF,FF,FF,D0,00,5E,3C,
73470923,00000110,false,Rx,0,8,62,00,00,00,40,00,39,99,
73470924,00000130,false,Rx,0,8,F8,FF,FF,FF,30,00,15,93,
73471912,00000100,false,Rx,0,8,71,00,00,00,30,00,1E,FA,
73471913,00000120,false,Rx,0,8,E7,FF,FF,FF,E0,00,4A,3C,
73473011,00000110,false,Rx,0,8,34,00,00,00,50,00,38,6F,
73473012,00000130,false,Rx,0,8,18,00,00,00,40,00,32,03,
73474016,00000100,false,Rx,0,8,B6,00,00,00,40,00,2B,8D,
73474017,00000120,false,Rx,0,8,E7,FF,FF,FF,F0,00,47,FC,
73475012,00000110,false,Rx,0,8,34,00,00,00,60,00,2C,6F,
73475013,00000130,false,Rx,0,8,F8,FF,FF,FF,50,00,3D,93,
73476012,00000100,false,Rx,0,8,88,00,00,00,50,00,22,93,
73476013,00000140,false,Rx,0,8,01,00,FF,FF,70,00,24,2E,
73476014,00000120,false,Rx,0,8,E7,FF,FF,FF,00,00,03,FC,
73477136,00000110,false,Rx,0,8,62,00,00,00,70,00,2D,99,
73477136,00000130,false,Rx,0,8,F8,FF,FF,FF,60,00,29,93,
73478134,00000100,false,Rx,0,8,71,00,00,00,60,00,22,FA,
73478135,00000120,false,Rx,0,8,E7,FF,FF,FF,10,00,0E,3C,
73479134,00000110,false,Rx,0,8,62,00,00,00,80,00,69,99,
73479135,00000130,false,Rx,0,8,F8,FF,FF,FF,70,00,24,53,
73480134,00000100,false,Rx,0,8,71,00,00,00,70,00,2F,3A,
73480135,00000120,false,Rx,0,8,E7,FF,FF,FF,20,00,1A,3C,
73480135,00000110,false,Rx,0,8,79,00,00,00,90,00,67,B2,
73481387,00000050,false,Rx,0,6,41,5C,FF,FB,5F,FF,00,00,
73481389,00000130,false,Rx,0,8,EB,95,FF,FF,83,80,7B,A9,
73481389,00000100,false,Rx,0,8,5A,00,00,00,80,00,6D,21,
73483012,00000120,false,Rx,0,8,3D,00,00,00,30,00,10,F6,
73483013,00000110,false,Rx,0,8,79,00,00,00,A0,00,73,B2,
73484012,00000130,false,Rx,0,8,B5,00,00,00,90,00,76,7E,
73484013,00000100,false,Rx,0,8,43,00,00,00,90,00,62,E8,
73485011,00000120,false,Rx,0,8,3D,00,00,00,40,00,35,36,
73485012,00000110,false,Rx,0,8,79,00,00,00,B0,00,7E,72,
73486136,00000130,false,Rx,0,8,D9,FF,FF,FF,A0,00,7F,22,
73486136,00000100,false,Rx,0,8,5A,00,00,00,A0,00,74,E1,
73487136,00000120,false,Rx,0,8,E7,FF,FF,FF,50,00,3F,FC,
73487137,00000110,false,Rx,0,8,79,00,00,00,C0,00,5B,B2,
73488136,00000130,false,Rx,0,8,D9,FF,FF,FF,B0,00,72,E2,
73488137,00000100,false,Rx,0,8,5A,00,00,00,B0,00,79,21,
73489136,00000120,false,Rx,0,8,E7,FF,FF,FF,60,00,2B,FC,
73489137,00000110,false,Rx,0,8,62,00,00,00,D0,00,55,99,
73490260,00000130,false,Rx,0,8,F8,FF,FF,FF,C0,00,51,93,
73490261,00000100,false,Rx,0,8,71,00,00,00,C0,00,5A,FA,
73491260,00000120,false,Rx,0,8,E7,FF,FF,FF,70,00,26,3C,
73491261,00000110,false,Rx,0,8,62,00,00,00,E0,00,41,99,
73492261,00000130,false,Rx,0,8,F8,FF,FF,FF,D0,00,5C,53,
73492262,00000100,false,Rx,0,8,88,00,00,00,D0,00,43,53,
73493261,00000120,false,Rx,0,8,E7,FF,FF,FF,80,00,62,3C,
73493262,00000110,false,Rx,0,8,34,00,00,00,F0,00,40,6F,
73494260,00000130,false,Rx,0,8,F8,FF,FF,FF,E0,00,48,53,
73494261,00000100,false,Rx,0,8,88,00,00,00,E0,00,57,53,
73495386,00000120,false,Rx,0,8,CB,FF,FF,FF,90,00,68,50,
73495387,00000110,false,Rx,0,8,34,00,00,00,00,00,04,6F,
73496386,00000130,false,Rx,0,8,F8,FF,FF,FF,F0,00,45,93,
73496387,00000100,false,Rx,0,8,71,00,00,00,F0,00,4E,FA,
73496387,00000140,false,Rx,0,8,01,00,FF,FF,80,00,60,2E,
73497386,00000120,false,Rx,0,8,CB,FF,FF,FF,A0,00,7C,50,
73497386,00000110,false,Rx,0,8,62,00,00,00,10,00,05,99,
73498385,00000130,false,Rx,0,8,18,00,00,00,00,00,03,C3,
73498386,00000100,false,Rx,0,8,71,00,00,00,00,00,0A,FA,
73499510,00000120,false,Rx,0,8,04,00,00,00,B0,00,74,5F,
73499511,00000110,false,Rx,0,8,62,00,00,00,20,00,11,99,
73500510,00000130,false,Rx,0,8,F8,FF,FF,FF,10,00,0C,53,
73500511,00000100,false,Rx,0,8,71,00,00,00,10,00,07,3A,
73500512,00000120,false,Rx,0,8,04,00,00,00,C0,00,51,9F,
73501760,00000110,false,Rx,0,8,79,00,00,00,30,00,1F,B2,
73501761,00000050,false,Rx,0,6,41,5C,FF,FB,5F,FF,00,00,
73501762,00000130,false,Rx,0,8,6B,BA,F5,FF,23,80,CA,77,
73502761,00000100,false,Rx,0,8,5A,00,00,00,20,00,15,21,
73502762,00000120,false,Rx,0,8,3D,00,00,00,D0,00,59,36,
73503760,00000110,false,Rx,0,8,79,00,00,00,40,00,3A,72,
73503761,00000130,false,Rx,0,8,B5,00,00,00,30,00,0E,7E,
73504885,00000100,false,Rx,0,8,43,00,00,00,30,00,1A,E8,
73504886,00000120,false,Rx,0,8,3D,00,00,00,E0,00,4D,36,
73505886,00000110,false,Rx,0,8,79,00,00,00,50,00,37,B2,
73505886,00000170,false,Rx,0,8,00,00,00,57,50,81,05,24,
73505887,00000130,false,Rx,0,8,F8,FF,FF,FF,40,00,30,53,
73506885,00000100,false,Rx,0,8,5A,00,00,00,40,00,3D,21,
73506886,00000120,false,Rx,0,8,04,00,00,00,F0,00,45,9F,
73507885,00000110,false,Rx,0,8,79,00,00,00,60,00,23,B2,
73507886,00000130,false,Rx,0,8,F8,FF,FF,FF,50,00,3D,93,
73508885,00000100,false,Rx,0,8,5A,00,00,00,50,00,30,E1,
73508886,00000120,false,Rx,0,8,04,00,00,00,00,00,01,9F,
73510010,00000110,false,Rx,0,8,62,00,00,00,70,00,2D,99,
73510011,00000130,false,Rx,0,8,F8,FF,FF,FF,60,00,29,93,
73511010,00000100,false,Rx,0,8,88,00,00,00,60,00,36,93,
73511010,00000120,false,Rx,0,8,E7,FF,FF,FF,10,00,0E,3C,
73512010,00000110,false,Rx,0,8,62,00,00,00,80,00,69,99,
73512011,00000130,false,Rx,0,8,18,00,00,00,70,00,26,03,
73513135,00000100,false,Rx,0,8,9F,00,00,00,70,00,38,74,
73513136,00000120,false,Rx,0,8,E7,FF,FF,FF,20,00,1A,3C,
73514136,00000110,false,Rx,0,8,1D,00,00,00,90,00,6F,96,
73514137,00000130,false,Rx,0,8,D9,FF,FF,FF,80,00,66,E2,
73515136,00000100,false,Rx,0,8,88,00,00,00,80,00,7F,53,
73515137,00000120,false,Rx,0,8,E7,FF,FF,FF,30,00,17,FC,
73516135,00000110,false,Rx,0,8,1D,00,00,00,A0,00,7B,96,
73516135,00000130,false,Rx,0,8,F8,FF,FF,FF,90,00,6D,93,
73517135,00000100,false,Rx,0,8,5A,00,00,00,90,00,60,E1,
73517135,00000140,false,Rx,0,8,01,00,FF,FF,90,00,6D,EE,
73517136,00000120,false,Rx,0,8,E7,FF,FF,FF,40,00,32,3C,
73518259,00000110,false,Rx,0,8,62,00,00,00,B0,00,7D,99,
73518259,00000130,false,Rx,0,8,D9,FF,FF,FF,A0,00,7F,22,
73519300,00000100,false,Rx,0,8,71,00,00,00,A0,00,72,FA,
73519302,00000120,false,Rx,0,8,04,00,00,00,50,00,3D,9F,
73520297,00000110,false,Rx,0,8,62,00,00,00,C0,00,58,59,
73520299,00000130,false,Rx,0,8,F8,FF,FF,FF,B0,00,74,53,
73521301,00000100,false,Rx,0,8,5A,00,00,00,B0,00,79,21,
73521303,00000120,false,Rx,0,8,04,00,00,00,60,00,29,9F,
73521304,00000110,false,Rx,0,8,A7,00,00,00,D0,00,44,CC,
73522550,00000050,false,Rx,0,6,41,5C,FF,FB,5F,FF,00,00,
73522551,00000130,false,Rx,0,8,4D,21,00,00,C3,80,E2,91,
73522552,00000100,false,Rx,0,8,2C,00,00,00,C0,00,57,B7,
73524175,00000120,false,Rx,0,8,20,00,00,00,70,00,22,BB,
73524176,00000110,false,Rx,0,8,A7,00,00,00,E0,00,50,CC,
73525163,00000130,false,Rx,0,8,D9,FF,FF,FF,D0,00,5A,E2,
73525164,00000100,false,Rx,0,8,43,00,00,00,D0,00,53,28,
73526162,00000120,false,Rx,0,8,20,00,00,00,80,00,66,BB,
73526163,00000110,false,Rx,0,8,79,00,00,00,F0,00,4F,B2,
73527290,00000130,false,Rx,0,8,F8,FF,FF,FF,E0,00,48,53,
73527292,00000100,false,Rx,0,8,5A,00,00,00,E0,00,45,21,
73528300,00000120,false,Rx,0,8,04,00,00,00,90,00,6D,9F,
73528301,00000110,false,Rx,0,8,79,00,00,00,00,00,0B,B2,
73529289,00000130,false,Rx,0,8,D9,FF,FF,FF,F0,00,43,22,
73529290,00000100,false,Rx,0,8,71,00,00,00,F0,00,4E,FA,
73530288,00000120,false,Rx,0,8,04,00,00,00,A0,00,79,9F,
73530290,00000110,false,Rx,0,8,62,00,00,00,10,00,05,99,
73531414,00000130,false,Rx,0,8,D9,FF,FF,FF,00,00,07,22,
73531415,00000100,false,Rx,0,8,71,00,00,00,00,00,0A,FA,
73532414,00000120,false,Rx,0,8,E7,FF,FF,FF,B0,00,76,3C,
73532415,00000110,false,Rx,0,8,62,00,00,00,20,00,11,99,
73533397,00000130,false,Rx,0,8,F8,FF,FF,FF,10,00,0C,53,
73533398,00000100,false,Rx,0,8,9F,00,00,00,10,00,10,74,
73534402,00000120,false,Rx,0,8,E7,FF,FF,FF,C0,00,53,FC,
73534403,00000110,false,Rx,0,8,1D,00,00,00,30,00,17,96,
73535399,00000130,false,Rx,0,8,F8,FF,FF,FF,20,00,18,53,
73535400,00000100,false,Rx,0,8,88,00,00,00,20,00,07,53,
73536509,00000120,false,Rx,0,8,E7,FF,FF,FF,D0,00,5E,3C,
73536510,00000110,false,Rx,0,8,1D,00,00,00,40,00,32,56,
73537511,00000130,false,Rx,0,8,18,00,00,00,30,00,17,C3,
73537512,00000100,false,Rx,0,8,71,00,00,00,30,00,1E,FA,
73537512,00000140,false,Rx,0,8,01,00,FF,FF,A0,00,79,EE,
73538522,00000120,false,Rx,0,8,E7,FF,FF,FF,E0,00,4A,3C,
73538523,00000110,false,Rx,0,8,62,00,00,00,50,00,34,59,
73539536,00000130,false,Rx,0,8,F8,FF,FF,FF,40,00,30,53,
73539538,00000100,false,Rx,0,8,71,00,00,00,40,00,3B,3A,
73540665,00000120,false,Rx,0,8,04,00,00,00,F0,00,45,9F,
73540666,00000110,false,Rx,0,8,62,00,00,00,60,00,20,59,
73541661,00000130,false,Rx,0,8,F8,FF,FF,FF,50,00,3D,93,
73541663,00000100,false,Rx,0,8,5A,00,00,00,50,00,30,E1,
73541663,00000120,false,Rx,0,8,04,00,00,00,00,00,01,9F,
73542909,00000110,false,Rx,0,8,BE,00,00,00,70,00,3E,C5,
73542911,00000050,false,Rx,0,6,41,5C,FF,FB,5F,FF,00,00,
73542911,00000130,false,Rx,0,8,D8,34,03,00,63,80,8A,13,
73543912,00000100,false,Rx,0,8,2C,00,00,00,60,00,2F,B7,
73543913,00000120,false,Rx,0,8,20,00,00,00,10,00,0A,BB,
73544910,00000110,false,Rx,0,8,BE,00,00,00,80,00,7A,C5,
73544912,00000130,false,Rx,0,8,D9,FF,FF,FF,70,00,22,E2,
73545913,00000100,false,Rx,0,8,5A,00,00,00,70,00,29,21,
73545914,00000120,false,Rx,0,8,20,00,00,00,20,00,1E,BB,
73547037,00000110,false,Rx,0,8,79,00,00,00,90,00,67,B2,
73547038,00000130,false,Rx,0,8,F8,FF,FF,FF,80,00,60,53,
73548036,00000100,false,Rx,0,8,5A,00,00,00,80,00,6D,21,
73548037,00000120,false,Rx,0,8,04,00,00,00,30,00,15,9F,
73549038,00000110,false,Rx,0,8,79,00,00,00,A0,00,73,B2,
73549039,00000130,false,Rx,0,8,F8,FF,FF,FF,90,00,6D,93,
73550161,00000100,false,Rx,0,8,5A,00,00,00,90,00,60,E1,
73550162,00000120,false,Rx,0,8,04,00,00,00,40,00,30,5F,
73551161,00000110,false,Rx,0,8,62,00,00,00,B0,00,7D,99,
73551163,00000130,false,Rx,0,8,18,00,00,00,A0,00,7B,C3,
73552161,00000100,false,Rx,0,8,88,00,00,00,A0,00,66,93,
73552163,00000120,false,Rx,0,8,E7,FF,FF,FF,50,00,3F,FC,
73553162,00000110,false,Rx,0,8,62,00,00,00,C0,00,58,59,
73553163,00000130,false,Rx,0,8,18,00,00,00,B0,00,76,03,
73554285,00000100,false,Rx,0,8,9F,00,00,00,B0,00,68,74,
73554286,00000120,false,Rx,0,8,E7,FF,FF,FF,60,00,2B,FC,
73555285,00000110,false,Rx,0,8,4B,00,00,00,D0,00,52,60,
73555286,00000130,false,Rx,0,8,F8,FF,FF,FF,C0,00,51,93,
73556285,00000100,false,Rx,0,8,88,00,00,00,C0,00,4E,93,
73556286,00000120,false,Rx,0,8,04,00,00,00,70,00,24,5F,
73557283,00000110,false,Rx,0,8,4B,00,00,00,E0,00,46,60,
73557284,00000130,false,Rx,0,8,18,00,00,00,D0,00,5E,03,
73558321,00000100,false,Rx,0,8,71,00,00,00,D0,00,57,3A,
73558322,00000140,false,Rx,0,8,01,00,FF,FF,B0,00,74,2E,
73558322,00000120,false,Rx,0,8,04,00,00,00,80,00,60,5F,
73559411,00000110,false,Rx,0,8,62,00,00,00,F0,00,4C,59,
73559412,00000130,false,Rx,0,8,D9,FF,FF,FF,E0,00,4E,E2,
73559412,00000100,false,Rx,0,8,71,00,00,00,E0,00,43,3A,
73561136,00000120,false,Rx,0,8,04,00,00,00,90,00,6D,9F,
73561137,00000110,false,Rx,0,8,62,00,00,00,00,00,08,59,
73562165,00000130,false,Rx,0,8,F8,FF,FF,FF,F0,00,45,93,
73562166,00000100,false,Rx,0,8,5A,00,00,00,F0,00,48,E1,
73562167,00000120,false,Rx,0,8,04,00,00,00,A0,00,79,9F,
73563411,00000110,false,Rx,0,8,A7,00,00,00,10,00,14,CC,
73563412,00000050,false,Rx,0,6,41,5C,FF,FB,5F,FF,00,00,
73563413,00000130,false,Rx,0,8,EB,95,FF,FF,03,80,1A,69,
73564412,00000100,false,Rx,0,8,43,00,00,00,00,00,0E,E8,
73564413,00000120,false,Rx,0,8,20,00,00,00,B0,00,72,BB,
73565541,00000110,false,Rx,0,8,A7,00,00,00,20,00,00,CC,
73565542,00000130,false,Rx,0,8,B5,00,00,00,10,00,17,BE,
73566537,00000100,false,Rx,0,8,5A,00,00,00,10,00,01,21,
73566538,00000120,false,Rx,0,8,20,00,00,00,C0,00,57,7B,
73567539,00000110,false,Rx,0,8,62,00,00,00,30,00,1C,59,
73567540,00000130,false,Rx,0,8,F8,FF,FF,FF,20,00,18,53,
73568643,00000100,false,Rx,0,8,71,00,00,00,20,00,13,3A,
73568644,00000120,false,Rx,0,8,04,00,00,00,D0,00,5C,5F,
73569662,00000110,false,Rx,0,8,62,00,00,00,40,00,39,99,
73569663,00000130,false,Rx,0,8,18,00,00,00,30,00,17,C3,
73570737,00000100,false,Rx,0,8,71,00,00,00,30,00,1E,FA,
73570738,00000120,false,Rx,0,8,04,00,00,00,E0,00,48,5F,
73571644,00000110,false,Rx,0,8,4B,00,00,00,50,00,33,A0,
73571645,00000130,false,Rx,0,8,D9,FF,FF,FF,40,00,36,E2,
73572666,00000100,false,Rx,0,8,88,00,00,00,40,00,2F,53,
73572667,00000120,false,Rx,0,8,CB,FF,FF,FF,F0,00,40,50,
73573789,00000110,false,Rx,0,8,4B,00,00,00,60,00,27,A0,
73573790,00000130,false,Rx,0,8,18,00,00,00,50,00,3F,C3,
73574857,00000100,false,Rx,0,8,9F,00,00,00,50,00,21,B4,
73574858,00000120,false,Rx,0,8,CB,FF,FF,FF,00,00,04,50,
73575813,00000110,false,Rx,0,8,4B,00,00,00,70,00,2A,60,
73575814,00000130,false,Rx,0,8,18,00,00,00,60,00,2B,C3,
73576786,00000100,false,Rx,0,8,71,00,00,00,60,00,22,FA,
73576787,00000120,false,Rx,0,8,20,00,00,00,10,00,0A,BB,
73577987,00000110,false,Rx,0,8,4B,00,00,00,80,00,6E,60,
73577988,00000130,false,Rx,0,8,F8,FF,FF,FF,70,00,24,53,
73578921,00000100,false,Rx,0,8,71,00,00,00,70,00,2F,3A,
73578922,00000140,false,Rx,0,8,01,00,FF,FF,C0,00,51,EE,
73578922,00000120,false,Rx,0,8,20,00,00,00,20,00,1E,BB,
73579921,00000110,false,Rx,0,8,79,00,00,00,90,00,67,B2,
73579922,00000130,false,Rx,0,8,F8,FF,FF,FF,80,00,60,53,
73580931,00000100,false,Rx,0,8,5A,00,00,00,80,00,6D,21,
73580933,00000120,false,Rx,0,8,20,00,00,00,30,00,13,7B,
73582068,00000110,false,Rx,0,8,79,00,00,00,A0,00,73,B2,
73582069,00000130,false,Rx,0,8,F8,FF,FF,FF,90,00,6D,93,
73583071,00000100,false,Rx,0,8,43,00,00,00,90,00,62,E8,
73583072,00000120,false,Rx,0,8,20,00,00,00,40,00,36,BB,
73583073,00000110,false,Rx,0,8,A7,00,00,00,B0,00,6C,CC,
73584188,00000050,false,Rx,0,6,41,5C,FF,FB,5F,FF,00,00,
73584188,00000130,false,Rx,0,8,0D,BA,F5,FF,A3,80,A2,71,
73584188,00000100,false,Rx,0,8,5A,00,00,00,A0,00,74,E1,
73585794,00000120,false,Rx,0,8,20,00,00,00,50,00,3B,7B,
73585796,00000110,false,Rx,0,8,A7,00,00,00,C0,00,49,0C,
73586944,00000130,false,Rx,0,8,B5,00,00,00,B0,00,6F,BE,
73586945,00000100,false,Rx,0,8,5A,00,00,00,B0,00,79,21,
73587948,00000120,false,Rx,0,8,20,00,00,00,60,00,2F,7B,
73587949,00000110,false,Rx,0,8,79,00,00,00,D0,00,56,72,
73588905,00000130,false,Rx,0,8,18,00,00,00,C0,00,53,C3,
73588906,00000100,false,Rx,0,8,5A,00,00,00,C0,00,5C,E1,
73590010,00000120,false,Rx,0,8,04,00,00,00,70,00,24,5F,
73590010,00000110,false,Rx,0,8,79,00,00,00,E0,00,42,72,
73591098,00000130,false,Rx,0,8,B9,FF,FF,FF,D0,00,53,42,
73591099,00000100,false,Rx,0,8,71,00,00,00,D0,00,57,3A,
73592050,00000120,false,Rx,0,8,04,00,00,00,80,00,60,5F,
73592051,00000110,false,Rx,0,8,4B,00,00,00,F0,00,4B,A0,
73593044,00000130,false,Rx,0,8,F8,FF,FF,FF,E0,00,48,53,
73593045,00000100,false,Rx,0,8,B6,00,00,00,E0,00,53,8D,
73594057,00000120,false,Rx,0,8,CB,FF,FF,FF,90,00,68,50,
73594059,00000110,false,Rx,0,8,4B,00,00,00,00,00,0F,A0,
73595040,00000130,false,Rx,0,8,D9,FF,FF,FF,F0,00,43,22,
73595041,00000100,false,Rx,0,8,88,00,00,00,F0,00,5A,93,
73596191,00000120,false,Rx,0,8,CB,FF,FF,FF,A0,00,7C,50,
73596192,00000110,false,Rx,0,8,4B,00,00,00,10,00,02,60,
73597195,00000130,false,Rx,0,8,D9,FF,FF,FF,00,00,07,22,
73597196,00000100,false,Rx,0,8,71,00,00,00,00,00,0A,FA,
73598170,00000120,false,Rx,0,8,04,00,00,00,B0,00,74,5F,
73598172,00000110,false,Rx,0,8,4B,00,00,00,20,00,16,60,
73599162,00000130,false,Rx,0,8,18,00,00,00,10,00,0E,03,
73599163,00000100,false,Rx,0,8,5A,00,00,00,10,00,01,21,
73599163,00000140,false,Rx,0,8,01,00,FF,FF,D0,00,5C,2E,
73600318,00000120,false,Rx,0,8,04,00,00,00,C0,00,51,9F,
73600319,00000110,false,Rx,0,8,62,00,00,00,30,00,1C,59,
73601293,00000130,false,Rx,0,8,F8,FF,FF,FF,20,00,18,53,
73601295,00000100,false,Rx,0,8,5A,00,00,00,20,00,15,21,
73602294,00000120,false,Rx,0,8,20,00,00,00,D0,00,5A,BB,
73602295,00000110,false,Rx,0,8,62,00,00,00,40,00,39,99,
73603303,00000130,false,Rx,0,8,18,00,00,00,30,00,17,C3,
73603305,00000100,false,Rx,0,8,2C,00,00,00,30,00,13,B7,
73603305,00000120,false,Rx,0,8,20,00,00,00,E0,00,4E,BB,
73604546,00000110,false,Rx,0,8,BE,00,00,00,50,00,27,05,
73604547,00000050,false,Rx,0,6,41,5C,FF,FB,5F,FF,00,00,
73604547,00000130,false,Rx,0,8,6C,21,00,00,43,80,85,E0,
73605524,00000100,false,Rx,0,8,43,00,00,00,40,00,3F,28,
73605525,00000120,false,Rx,0,8,20,00,00,00,F0,00,43,7B,
73606664,00000110,false,Rx,0,8,BE,00,00,00,60,00,33,05,
73606665,00000130,false,Rx,0,8,F8,FF,FF,FF,50,00,3D,93,
73607647,00000100,false,Rx,0,8,71,00,00,00,50,00,36,FA,
73607648,00000120,false,Rx,0,8,20,00,00,00,00,00,07,7B,
73608647,00000110,false,Rx,0,8,79,00,00,00,70,00,2E,72,
73608647,00000170,false,Rx,0,8,00,00,00,58,50,81,05,4C,
73608648,00000130,false,Rx,0,8,18,00,00,00,60,00,2B,C3,
73609800,00000100,false,Rx,0,8,71,00,00,00,60,00,22,FA,
73609801,00000120,false,Rx,0,8,20,00,00,00,10,00,0A,BB,
73610799,00000110,false,Rx,0,8,79,00,00,00,80,00,6A,72,
73610800,00000130,false,Rx,0,8,F8,FF,FF,FF,70,00,24,53,
73611778,00000100,false,Rx,0,8,88,00,00,00,70,00,3B,53,
73611779,00000120,false,Rx,0,8,20,00,00,00,20,00,1E,BB,
73612758,00000110,false,Rx,0,8,4B,00,00,00,90,00,63,A0,
73612759,00000130,false,Rx,0,8,B9,FF,FF,FF,80,00,6F,42,
73613883,00000100,false,Rx,0,8,B6,00,00,00,80,00,7B,8D,
73613883,00000120,false,Rx,0,8,E7,FF,FF,FF,30,00,17,FC,
73614902,00000110,false,Rx,0,8,4B,00,00,00,A0,00,77,A0,
73614903,00000130,false,Rx,0,8,18,00,00,00,90,00,6F,C3,
73615902,00000100,false,Rx,0,8,88,00,00,00,90,00,72,93,
73615903,00000120,false,Rx,0,8,E7,FF,FF,FF,40,00,32,3C,
73616901,00000110,false,Rx,0,8,62,00,00,00,B0,00,7D,99,
73616901,00000130,false,Rx,0,8,F8,FF,FF,FF,A0,00,79,93,
73617895,00000100,false,Rx,0,8,71,00,00,00,A0,00,72,FA,
73617896,00000120,false,Rx,0,8,04,00,00,00,50,00,3D,9F,
73619049,00000110,false,Rx,0,8,62,00,00,00,C0,00,58,59,
73619050,00000130,false,Rx,0,8,F8,FF,FF,FF,B0,00,74,53,
73620027,00000100,false,Rx,0,8,71,00,00,00,B0,00,7F,3A,
73620028,00000140,false,Rx,0,8,01,00,FF,FF,E0,00,48,2E,
73620029,00000120,false,Rx,0,8,04,00,00,00,60,00,29,9F,
73621029,00000110,false,Rx,0,8,62,00,00,00,D0,00,55,99,
73621030,00000130,false,Rx,0,8,18,00,00,00,C0,00,53,C3,
73622036,00000100,false,Rx,0,8,5A,00,00,00,C0,00,5C,E1,
73622037,00000120,false,Rx,0,8,3D,00,00,00,70,00,21,36,
73623176,00000110,false,Rx,0,8,62,00,00,00,E0,00,41,99,
73623177,00000130,false,Rx,0,8,37,00,00,00,D0,00,59,9C,
73624177,00000100,false,Rx,0,8,2C,00,00,00,D0,00,5A,77,
73624178,00000120,false,Rx,0,8,3D,00,00,00,80,00,65,36,
73624178,00000110,false,Rx,0,8,A7,00,00,00,F0,00,5D,0C,
73625274,00000050,false,Rx,0,6,41,5C,FF,FB,5F,FF,00,00,
73625275,00000130,false,Rx,0,8,B8,34,03,00,E3,80,E2,73,
73625277,00000100,false,Rx,0,8,5A,00,00,00,E0,00,45,21,
73626902,00000120,false,Rx,0,8,20,00,00,00,90,00,6B,7B,
73626903,00000110,false,Rx,0,8,A7,00,00,00,00,00,19,0C,
73628045,00000130,false,Rx,0,8,F8,FF,FF,FF,F0,00,45,93,
73628046,00000100,false,Rx,0,8,5A,00,00,00,F0,00,48,E1,
73629050,00000120,false,Rx,0,8,20,00,00,00,A0,00,7F,7B,
73629051,00000110,false,Rx,0,8,62,00,00,00,10,00,05,99,
73630009,00000130,false,Rx,0,8,F8,FF,FF,FF,00,00,01,93,
73630010,00000100,false,Rx,0,8,5A,00,00,00,00,00,0C,E1,
73631016,00000120,false,Rx,0,8,E7,FF,FF,FF,B0,00,76,3C,
73631017,00000110,false,Rx,0,8,62,00,00,00,20,00,11,99,
73632133,00000130,false,Rx,0,8,18,00,00,00,10,00,0E,03,
73632134,00000100,false,Rx,0,8,88,00,00,00,10,00,13,53,
73633171,00000120,false,Rx,0,8,E7,FF,FF,FF,C0,00,53,FC,
73633172,00000110,false,Rx,0,8,1D,00,00,00,30,00,17,96,
73634141,00000130,false,Rx,0,8,37,00,00,00,20,00,1D,9C,
73634142,00000100,false,Rx,0,8,9F,00,00,00,20,00,04,74,
73635165,00000120,false,Rx,0,8,E7,FF,FF,FF,D0,00,5E,3C,
73635166,00000110,false,Rx,0,8,1D,00,00,00,40,00,32,56,
73636150,00000130,false,Rx,0,8,37,00,00,00,30,00,10,5C,
73636150,00000100,false,Rx,0,8,88,00,00,00,30,00,0A,93,
73637276,00000120,false,Rx,0,8,E7,FF,FF,FF,E0,00,4A,3C,
73637277,00000110,false,Rx,0,8,62,00,00,00,50,00,34,59,
73638278,00000130,false,Rx,0,8,D9,FF,FF,FF,40,00,36,E2,
73638279,00000100,false,Rx,0,8,71,00,00,00,40,00,3B,3A,
73639283,00000120,false,Rx,0,8,20,00,00,00,F0,00,43,7B,
73639284,00000110,false,Rx,0,8,62,00,00,00,60,00,20,59,
73640297,00000130,false,Rx,0,8,18,00,00,00,50,00,3F,C3,
73640298,00000100,false,Rx,0,8,71,00,00,00,50,00,36,FA,
73640298,00000140,false,Rx,0,8,01,00,FF,FF,F0,00,45,EE,
73641423,00000120,false,Rx,0,8,20,00,00,00,00,00,07,7B,
73641424,00000110,false,Rx,0,8,79,00,00,00,70,00,2E,72,
73642402,00000130,false,Rx,0,8,F8,FF,FF,FF,60,00,29,93,
73642403,00000100,false,Rx,0,8,43,00,00,00,60,00,26,E8,
73643400,00000120,false,Rx,0,8,3D,00,00,00,10,00,09,36,
73643401,00000110,false,Rx,0,8,79,00,00,00,80,00,6A,72,
73644419,00000130,false,Rx,0,8,F8,FF,FF,FF,70,00,24,53,
73644420,00000100,false,Rx,0,8,2C,00,00,00,70,00,22,77,
73644420,00000120,false,Rx,0,8,3D,00,00,00,20,00,1D,36,
73645645,00000110,false,Rx,0,8,79,00,00,00,90,00,67,B2,
73645646,00000050,false,Rx,0,6,41,5C,FF,FB,5F,FF,00,00,
73645646,00000130,false,Rx,0,8,EB,95,FF,FF,83,80,7B,A9,
73646631,00000100,false,Rx,0,8,5A,00,00,00,80,00,6D,21,
73646632,00000120,false,Rx,0,8,20,00,00,00,30,00,13,7B,
73647795,00000110,false,Rx,0,8,79,00,00,00,A0,00,73,B2,
73647796,00000130,false,Rx,0,8,56,00,00,00,90,00,60,2D,
73648777,00000100,false,Rx,0,8,5A,00,00,00,90,00,60,E1,
73648777,00000120,false,Rx,0,8,20,00,00,00,40,00,36,BB,
73649922,00000110,false,Rx,0,8,62,00,00,00,B0,00,7D,99,
73649923,00000130,false,Rx,0,8,F8,FF,FF,FF,A0,00,79,93,
73650929,00000100,false,Rx,0,8,88,00,00,00,A0,00,66,93,
73650930,00000120,false,Rx,0,8,E7,FF,FF,FF,50,00,3F,FC,
73651901,00000110,false,Rx,0,8,62,00,00,00,C0,00,58,59,
73651902,00000130,false,Rx,0,8,F8,FF,FF,FF,B0,00,74,53,
73652902,00000100,false,Rx,0,8,88,00,00,00,B0,00,6B,53,
73652902,00000120,false,Rx,0,8,E7,FF,FF,FF,60,00,2B,FC,
73653912,00000110,false,Rx,0,8,34,00,00,00,D0,00,59,AF,
73653913,00000130,false,Rx,0,8,F8,FF,FF,FF,C0,00,51,93,
73655048,00000100,false,Rx,0,8,88,00,00,00,C0,00,4E,93,
73655049,00000120,false,Rx,0,8,E7,FF,FF,FF,70,00,26,3C,
73656045,00000110,false,Rx,0,8,34,00,00,00,E0,00,4D,AF,
73656046,00000130,false,Rx,0,8,D9,FF,FF,FF,D0,00,5A,E2,
73657050,00000100,false,Rx,0,8,71,00,00,00,D0,00,57,3A,
73657051,00000120,false,Rx,0,8,E7,FF,FF,FF,80,00,62,3C,
73658007,00000110,false,Rx,0,8,4B,00,00,00,F0,00,4B,A0,
73658008,00000130,false,Rx,0,8,B9,FF,FF,FF,E0,00,47,42,
73659017,00000100,false,Rx,0,8,71,00,00,00,E0,00,43,3A,
73659017,00000120,false,Rx,0,8,04,00,00,00,90,00,6D,9F,
73660136,00000110,false,Rx,0,8,4B,00,00,00,00,00,0F,A0,
73660137,00000130,false,Rx,0,8,D9,FF,FF,FF,F0,00,43,22,
73661175,00000100,false,Rx,0,8,5A,00,00,00,F0,00,48,E1,
73661176,00000140,false,Rx,0,8,01,00,FF,FF,00,00,01,EE,
73661177,00000120,false,Rx,0,8,04,00,00,00,A0,00,79,9F,
73662158,00000110,false,Rx,0,8,79,00,00,00,10,00,06,72,
73662158,00000130,false,Rx,0,8,D9,FF,FF,FF,00,00,07,22,
73663142,00000100,false,Rx,0,8,43,00,00,00,00,00,0E,E8,
73663143,00000120,false,Rx,0,8,3D,00,00,00,B0,00,71,36,
73664299,00000110,false,Rx,0,8,79,00,00,00,20,00,12,72,
73664300,00000130,false,Rx,0,8,D9,FF,FF,FF,10,00,0A,E2,
73665297,00000100,false,Rx,0,8,5A,00,00,00,10,00,01,21,
73665298,00000120,false,Rx,0,8,3D,00,00,00,C0,00,54,F6,
73665298,00000110,false,Rx,0,8,79,00,00,00,30,00,1F,B2,
73666403,00000050,false,Rx,0,6,41,5C,FF,FB,5F,FF,00,00,
73666404,00000130,false,Rx,0,8,4C,BA,F5,FF,23,80,CC,A0,
73666405,00000100,false,Rx,0,8,5A,00,00,00,20,00,15,21,
73668029,00000120,false,Rx,0,8,04,00,00,00,D0,00,5C,5F,
73668030,00000110,false,Rx,0,8,79,00,00,00,40,00,3A,72,
73669173,00000130,false,Rx,0,8,95,00,00,00,30,00,09,1E,
73669174,00000100,false,Rx,0,8,71,00,00,00,30,00,1E,FA,
73670150,00000120,false,Rx,0,8,04,00,00,00,E0,00,48,5F,
73670150,00000110,false,Rx,0,8,62,00,00,00,50,00,34,59,
73671150,00000130,false,Rx,0,8,18,00,00,00,40,00,32,03,
73671151,00000100,false,Rx,0,8,88,00,00,00,40,00,2F,53,
73672295,00000120,false,Rx,0,8,CB,FF,FF,FF,F0,00,40,50,
73672296,00000110,false,Rx,0,8,62,00,00,00,60,00,20,59,
73673297,00000130,false,Rx,0,8,F8,FF,FF,FF,50,00,3D,93,
73673298,00000100,false,Rx,0,8,9F,00,00,00,50,00,21,B4,
73674298,00000120,false,Rx,0,8,CB,FF,FF,FF,00,00,04,50,
73674299,00000110,false,Rx,0,8,34,00,00,00,70,00,21,AF,
73675271,00000130,false,Rx,0,8,F8,FF,FF,FF,60,00,29,93,
73675272,00000100,false,Rx,0,8,88,00,00,00,60,00,36,93,
73676284,00000120,false,Rx,0,8,04,00,00,00,10,00,0C,5F,
73676285,00000110,false,Rx,0,8,34,00,00,00,80,00,65,AF,
73677389,00000130,false,Rx,0,8,F8,FF,FF,FF,70,00,24,53,
73677390,00000100,false,Rx,0,8,71,00,00,00,70,00,2F,3A,
73678422,00000120,false,Rx,0,8,04,00,00,00,20,00,18,5F,
73678423,00000110,false,Rx,0,8,62,00,00,00,90,00,64,59,
73679402,00000130,false,Rx,0,8,D9,FF,FF,FF,80,00,66,E2,
73679403,00000100,false,Rx,0,8,5A,00,00,00,80,00,6D,21,
73680402,00000120,false,Rx,0,8,04,00,00,00,30,00,15,9F,
73680403,00000110,false,Rx,0,8,62,00,00,00,A0,00,70,59,
73681391,00000130,false,Rx,0,8,F8,FF,FF,FF,90,00,6D,93,
73681392,00000100,false,Rx,0,8,5A,00,00,00,90,00,60,E1,
73681392,00000140,false,Rx,0,8,01,00,FF,FF,10,00,0C,2E,
73682545,00000120,false,Rx,0,8,04,00,00,00,40,00,30,5F,
73682546,00000110,false,Rx,0,8,90,00,00,00,B0,00,68,8B,
73683525,00000130,false,Rx,0,8,F8,FF,FF,FF,A0,00,79,93,
73683526,00000100,false,Rx,0,8,43,00,00,00,A0,00,76,E8,
73684532,00000120,false,Rx,0,8,20,00,00,00,50,00,3B,7B,
73684533,00000110,false,Rx,0,8,90,00,00,00,C0,00,4D,4B,
73685517,00000130,false,Rx,0,8,F8,FF,FF,FF,B0,00,74,53,
73685518,00000100,false,Rx,0,8,5A,00,00,00,B0,00,79,21,
73685518,00000120,false,Rx,0,8,20,00,00,00,60,00,2F,7B,
73686777,00000110,false,Rx,0,8,A7,00,00,00,D0,00,44,CC,
73686778,00000050,false,Rx,0,6,41,5C,FF,FB,5F,FF,00,00,
73686778,00000130,false,Rx,0,8,4D,21,00,00,C3,80,E2,91,
73687767,00000100,false,Rx,0,8,5A,00,00,00,C0,00,5C,E1,
73687768,00000120,false,Rx,0,8,04,00,00,00,70,00,24,5F,
73688920,00000110,false,Rx,0,8,A7,00,00,00,E0,00,50,CC,
73688921,00000130,false,Rx,0,8,F8,FF,FF,FF,D0,00,5C,53,
73689902,00000100,false,Rx,0,8,71,00,00,00,D0,00,57,3A,
73689902,00000120,false,Rx,0,8,04,00,00,00,80,00,60,5F,
73691049,00000110,false,Rx,0,8,62,00,00,00,F0,00,4C,59,
73691050,00000130,false,Rx,0,8,18,00,00,00,E0,00,4A,03,
73692046,00000100,false,Rx,0,8,88,00,00,00,E0,00,57,53,
73692047,00000120,false,Rx,0,8,AE,FF,FF,FF,90,00,61,A5,
73693024,00000110,false,Rx,0,8,62,00,00,00,00,00,08,59,
73693025,00000130,false,Rx,0,8,D9,FF,FF,FF,F0,00,43,22,
73694026,00000100,false,Rx,0,8,9F,00,00,00,F0,00,59,B4,
73694027,00000120,false,Rx,0,8,AE,FF,FF,FF,A0,00,75,A5,
73695019,00000110,false,Rx,0,8,34,00,00,00,10,00,09,AF,
73695020,00000130,false,Rx,0,8,18,00,00,00,00,00,03,C3,
73696170,00000100,false,Rx,0,8,88,00,00,00,00,00,1E,93,
73696171,00000120,false,Rx,0,8,E7,FF,FF,FF,B0,00,76,3C,
73697172,00000110,false,Rx,0,8,34,00,00,00,20,00,1D,AF,
73697173,00000130,false,Rx,0,8,37,00,00,00,10,00,09,9C,
73698175,00000100,false,Rx,0,8,71,00,00,00,10,00,07,3A,
73698176,00000120,false,Rx,0,8,E7,FF,FF,FF,C0,00,53,FC,
73699141,00000110,false,Rx,0,8,62,00,00,00,30,00,1C,59,
73699142,00000130,false,Rx,0,8,D9,FF,FF,FF,20,00,1E,E2,
73700297,00000100,false,Rx,0,8,71,00,00,00,20,00,13,3A,
73700298,00000120,false,Rx,0,8,E7,FF,FF,FF,D0,00,5E,3C,
73701269,00000110,false,Rx,0,8,62,00,00,00,40,00,39,99,
73701270,00000130,false,Rx,0,8,18,00,00,00,30,00,17,C3,
73702297,00000100,false,Rx,0,8,5A,00,00,00,30,00,18,E1,
73702298,00000140,false,Rx,0,8,01,00,FF,FF,20,00,18,2E,
73702299,00000120,false,Rx,0,8,E7,FF,FF,FF,E0,00,4A,3C,
73703269,00000110,false,Rx,0,8,A7,00,00,00,50,00,25,0C,
73703270,00000130,false,Rx,0,8,18,00,00,00,40,00,32,03,
73704283,00000100,false,Rx,0,8,43,00,00,00,40,00,3F,28,
73704284,00000120,false,Rx,0,8,3D,00,00,00,F0,00,40,F6,
73705388,00000110,false,Rx,0,8,A7,00,00,00,60,00,31,0C,
73705389,00000130,false,Rx,0,8,F8,FF,FF,FF,50,00,3D,93,
73706422,00000100,false,Rx,0,8,5A,00,00,00,50,00,30,E1,
73706423,00000120,false,Rx,0,8,3D,00,00,00,00,00,04,F6,
73706423,00000110,false,Rx,0,8,90,00,00,00,70,00,38,8B,
73707543,00000050,false,Rx,0,6,41,5C,FF,FB,5F,FF,00,00,
73707544,00000130,false,Rx,0,8,B8,34,03,00,63,80,83,B3,
73707545,00000100,false,Rx,0,8,5A,00,00,00,60,00,24,E1,
73709157,00000120,false,Rx,0,8,04,00,00,00,10,00,0C,5F,
73709158,00000110,false,Rx,0,8,90,00,00,00,80,00,7C,8B,
73710298,00000130,false,Rx,0,8,B9,FF,FF,FF,70,00,2B,42,
73710299,00000100,false,Rx,0,8,71,00,00,00,70,00,2F,3A,
73711276,00000120,false,Rx,0,8,04,00,00,00,20,00,18,5F,
73711277,00000110,false,Rx,0,8,62,00,00,00,90,00,64,59,
73711277,00000170,false,Rx,0,8,00,00,00,59,50,81,05,D1,
73712274,00000130,false,Rx,0,8,F8,FF,FF,FF,80,00,60,53,
73712275,00000100,false,Rx,0,8,88,00,00,00,80,00,7F,53,
73713267,00000120,false,Rx,0,8,AE,FF,FF,FF,30,00,19,A5,
73713267,00000110,false,Rx,0,8,62,00,00,00,A0,00,70,59,
73714421,00000130,false,Rx,0,8,F8,FF,FF,FF,90,00,6D,93,
73714422,00000100,false,Rx,0,8,9F,00,00,00,90,00,71,B4,
73715422,00000120,false,Rx,0,8,AE,FF,FF,FF,40,00,3C,65,
73715423,00000110,false,Rx,0,8,34,00,00,00,B0,00,71,AF,
73716398,00000130,false,Rx,0,8,18,00,00,00,A0,00,7B,C3,
73716399,00000100,false,Rx,0,8,88,00,00,00,A0,00,66,93,
73717391,00000120,false,Rx,0,8,04,00,00,00,50,00,3D,9F,
73717392,00000110,false,Rx,0,8,34,00,00,00,C0,00,54,6F,
73718552,00000130,false,Rx,0,8,D9,FF,FF,FF,B0,00,72,E2,
73718553,00000100,false,Rx,0,8,71,00,00,00,B0,00,7F,3A,
73719547,00000120,false,Rx,0,8,04,00,00,00,60,00,29,9F,
73719548,00000110,false,Rx,0,8,62,00,00,00,D0,00,55,99,
73720506,00000130,false,Rx,0,8,37,00,00,00,C0,00,54,5C,
73720507,00000100,false,Rx,0,8,5A,00,00,00,C0,00,5C,E1,
73721534,00000120,false,Rx,0,8,20,00,00,00,70,00,22,BB,
73721535,00000110,false,Rx,0,8,62,00,00,00,E0,00,41,99,
73722521,00000130,false,Rx,0,8,F8,FF,FF,FF,D0,00,5C,53,
73722522,00000100,false,Rx,0,8,5A,00,00,00,D0,00,51,21,
73722522,00000140,false,Rx,0,8,01,00,FF,FF,30,00,15,EE,
73723631,00000120,false,Rx,0,8,20,00,00,00,80,00,66,BB,
73723632,00000110,false,Rx,0,8,90,00,00,00,F0,00,59,4B,
73724645,00000130,false,Rx,0,8,B9,FF,FF,FF,E0,00,47,42,
73724646,00000100,false,Rx,0,8,43,00,00,00,E0,00,47,28,
73725643,00000120,false,Rx,0,8,20,00,00,00,90,00,6B,7B,
73725644,00000110,false,Rx,0,8,90,00,00,00,00,00,1D,4B,
73726644,00000130,false,Rx,0,8,18,00,00,00,F0,00,47,C3,
73726645,00000100,false,Rx,0,8,5A,00,00,00,F0,00,48,E1,
73726645,00000120,false,Rx,0,8,20,00,00,00,A0,00,7F,7B,
73727896,00000110,false,Rx,0,8,62,00,00,00,10,00,05,99,
73727897,00000050,false,Rx,0,6,41,5C,FF,FB,5F,FF,00,00,
73727898,00000130,false,Rx,0,8,EB,95,FF,FF,03,80,1A,69,
73729018,00000100,false,Rx,0,8,71,00,00,00,00,00,0A,FA,
73729019,00000120,false,Rx,0,8,04,00,00,00,B0,00,74,5F,
73730018,00000110,false,Rx,0,8,62,00,00,00,20,00,11,99,
73730019,00000130,false,Rx,0,8,56,00,00,00,10,00,01,ED,
73731019,00000100,false,Rx,0,8,71,00,00,00,10,00,07,3A,
73731019,00000120,false,Rx,0,8,04,00,00,00,C0,00,51,9F,
73732145,00000110,false,Rx,0,8,34,00,00,00,30,00,10,6F,
73732145,00000130,false,Rx,0,8,B9,FF,FF,FF,20,00,17,42,
73733143,00000100,false,Rx,0,8,9F,00,00,00,20,00,04,74,
73733144,00000120,false,Rx,0,8,CB,FF,FF,FF,D0,00,59,90,
73734148,00000110,false,Rx,0,8,34,00,00,00,40,00,35,AF,
73734149,00000130,false,Rx,0,8,F8,FF,FF,FF,30,00,15,93,
73735142,00000100,false,Rx,0,8,9F,00,00,00,30,00,09,B4,
73735143,00000120,false,Rx,0,8,CB,FF,FF,FF,E0,00,4D,90,
73736144,00000110,false,Rx,0,8,4B,00,00,00,50,00,33,A0,
73736144,00000130,false,Rx,0,8,F8,FF,FF,FF,40,00,30,53,
73737270,00000100,false,Rx,0,8,88,00,00,00,40,00,2F,53,
73737271,00000120,false,Rx,0,8,04,00,00,00,F0,00,45,9F,
73738268,00000110,false,Rx,0,8,4B,00,00,00,60,00,27,A0,
73738269,00000130,false,Rx,0,8,F8,FF,FF,FF,50,00,3D,93,
73739269,00000100,false,Rx,0,8,5A,00,00,00,50,00,30,E1,
73739270,00000120,false,Rx,0,8,04,00,00,00,00,00,01,9F,
73740269,00000110,false,Rx,0,8,62,00,00,00,70,00,2D,99,
73740269,00000130,false,Rx,0,8,18,00,00,00,60,00,2B,C3,
73741269,00000100,false,Rx,0,8,5A,00,00,00,60,00,24,E1,
73741270,00000120,false,Rx,0,8,20,00,00,00,10,00,0A,BB,
73742393,00000110,false,Rx,0,8,62,00,00,00,80,00,69,99,
73742394,00000130,false,Rx,0,8,18,00,00,00,70,00,26,03,
73743393,00000100,false,Rx,0,8,43,00,00,00,70,00,2B,28,
73743394,00000140,false,Rx,0,8,01,00,FF,FF,40,00,30,2E,
73743395,00000120,false,Rx,0,8,20,00,00,00,20,00,1E,BB,
73744393,00000110,false,Rx,0,8,A7,00,00,00,90,00,75,0C,
73744394,00000130,false,Rx,0,8,F8,FF,FF,FF,80,00,60,53,
73745393,00000100,false,Rx,0,8,43,00,00,00,80,00,6F,28,
73745394,00000120,false,Rx,0,8,20,00,00,00,30,00,13,7B,
73746518,00000110,false,Rx,0,8,A7,00,00,00,A0,00,61,0C,
73746519,00000130,false,Rx,0,8,18,00,00,00,90,00,6F,C3,
73747519,00000100,false,Rx,0,8,5A,00,00,00,90,00,60,E1,
73747520,00000120,false,Rx,0,8,20,00,00,00,40,00,36,BB,
73747521,00000110,false,Rx,0,8,79,00,00,00,B0,00,7E,72,
73748642,00000050,false,Rx,0,6,41,5C,FF,FB,5F,FF,00,00,
73748643,00000130,false,Rx,0,8,4C,BA,F5,FF,A3,80,AD,60,
73748644,00000100,false,Rx,0,8,5A,00,00,00,A0,00,74,E1,
73750271,00000120,false,Rx,0,8,20,00,00,00,50,00,3B,7B,
73750272,00000110,false,Rx,0,8,79,00,00,00,C0,00,5B,B2,
73751395,00000130,false,Rx,0,8,95,00,00,00,B0,00,68,DE,
73751396,00000100,false,Rx,0,8,88,00,00,00,B0,00,6B,53,
73752380,00000120,false,Rx,0,8,20,00,00,00,60,00,2F,7B,
73752381,00000110,false,Rx,0,8,34,00,00,00,D0,00,59,AF,
73753394,00000130,false,Rx,0,8,F8,FF,FF,FF,C0,00,51,93,
73753395,00000100,false,Rx,0,8,9F,00,00,00,C0,00,4D,B4,
73754514,00000120,false,Rx,0,8,CB,FF,FF,FF,70,00,21,90,
73754515,00000110,false,Rx,0,8,34,00,00,00,E0,00,4D,AF,
73755517,00000130,false,Rx,0,8,F8,FF,FF,FF,D0,00,5C,53,
73755518,00000100,false,Rx,0,8,88,00,00,00,D0,00,43,53,
73756517,00000120,false,Rx,0,8,CB,FF,FF,FF,80,00,65,90,
73756518,00000110,false,Rx,0,8,4B,00,00,00,F0,00,4B,A0,
73757517,00000130,false,Rx,0,8,D9,FF,FF,FF,E0,00,4E,E2,
73757518,00000100,false,Rx,0,8,71,00,00,00,E0,00,43,3A,
73758519,00000120,false,Rx,0,8,04,00,00,00,90,00,6D,9F,
73758520,00000110,false,Rx,0,8,4B,00,00,00,00,00,0F,A0,
73759640,00000130,false,Rx,0,8,F8,FF,FF,FF,F0,00,45,93,
73759641,00000100,false,Rx,0,8,5A,00,00,00,F0,00,48,E1,
73760640,00000120,false,Rx,0,8,04,00,00,00,A0,00,79,9F,
73760641,00000110,false,Rx,0,8,62,00,00,00,10,00,05,99,
73761640,00000130,false,Rx,0,8,D9,FF,FF,FF,00,00,07,22,
73761641,00000100,false,Rx,0,8,5A,00,00,00,00,00,0C,E1,
73762649,00000120,false,Rx,0,8,20,00,00,00,B0,00,72,BB,
73762649,00000110,false,Rx,0,8,62,00,00,00,20,00,11,99,
73763645,00000130,false,Rx,0,8,F8,FF,FF,FF,10,00,0C,53,
73763646,00000100,false,Rx,0,8,43,00,00,00,10,00,03,28,
73763647,00000140,false,Rx,0,8,01,00,FF,FF,50,00,3D,EE,
73764769,00000120,false,Rx,0,8,20,00,00,00,C0,00,57,7B,
73764769,00000110,false,Rx,0,8,90,00,00,00,30,00,09,4B,
73765767,00000130,false,Rx,0,8,F8,FF,FF,FF,20,00,18,53,
73765768,00000100,false,Rx,0,8,5A,00,00,00,20,00,15,21,
73766768,00000120,false,Rx,0,8,04,00,00,00,D0,00,5C,5F,
73766769,00000110,false,Rx,0,8,90,00,00,00,40,00,2C,8B,
73767770,00000130,false,Rx,0,8,F8,FF,FF,FF,30,00,15,93,
73767771,00000100,false,Rx,0,8,5A,00,00,00,30,00,18,E1,
73767771,00000120,false,Rx,0,8,04,00,00,00,E0,00,48,5F,
73769018,00000110,false,Rx,0,8,90,00,00,00,50,00,21,4B,
73769018,00000050,false,Rx,0,6,41,5C,FF,FB,5F,FF,00,00,
73769019,00000130,false,Rx,0,8,4D,21,00,00,43,80,83,51,
73770145,00000100,false,Rx,0,8,5A,00,00,00,40,00,3D,21,
73770145,00000120,false,Rx,0,8,E7,FF,FF,FF,F0,00,47,FC,
73771144,00000110,false,Rx,0,8,90,00,00,00,60,00,35,4B,
73771145,00000130,false,Rx,0,8,D9,FF,FF,FF,50,00,3B,22,
73772141,00000100,false,Rx,0,8,88,00,00,00,50,00,22,93,
73772141,00000120,false,Rx,0,8,E7,FF,FF,FF,00,00,03,FC,
73773268,00000110,false,Rx,0,8,34,00,00,00,70,00,21,AF,
73773269,00000130,false,Rx,0,8,D9,FF,FF,FF,60,00,2F,22,
73774267,00000100,false,Rx,0,8,9F,00,00,00,60,00,35,B4,
73774268,00000120,false,Rx,0,8,E7,FF,FF,FF,10,00,0E,3C,
73775268,00000110,false,Rx,0,8,34,00,00,00,80,00,65,AF,
73775268,00000130,false,Rx,0,8,F8,FF,FF,FF,70,00,24,53,
73776267,00000100,false,Rx,0,8,71,00,00,00,70,00,2F,3A,
73776268,00000120,false,Rx,0,8,E7,FF,FF,FF,20,00,1A,3C,
73777393,00000110,false,Rx,0,8,62,00,00,00,90,00,64,59,
73777394,00000130,false,Rx,0,8,18,00,00,00,80,00,62,03,
73778392,00000100,false,Rx,0,8,71,00,00,00,80,00,6B,3A,
73778392,00000120,false,Rx,0,8,04,00,00,00,30,00,15,9F,
73779379,00000110,false,Rx,0,8,62,00,00,00,A0,00,70,59,
73779380,00000130,false,Rx,0,8,D9,FF,FF,FF,90,00,6B,22,
73780393,00000100,false,Rx,0,8,5A,00,00,00,90,00,60,E1,
73780394,00000120,false,Rx,0,8,04,00,00,00,40,00,30,5F,
73781391,00000110,false,Rx,0,8,79,00,00,00,B0,00,7E,72,
73781392,00000130,false,Rx,0,8,D9,FF,FF,FF,A0,00,7F,22,
73782391,00000100,false,Rx,0,8,5A,00,00,00,A0,00,74,E1,
73782392,00000120,false,Rx,0,8,3D,00,00,00,50,00,38,F6,
73783516,00000110,false,Rx,0,8,79,00,00,00,C0,00,5B,B2,
73783517,00000130,false,Rx,0,8,F8,FF,FF,FF,B0,00,74,53,
73784517,00000100,false,Rx,0,8,43,00,00,00,B0,00,7B,28,
73784518,00000140,false,Rx,0,8,01,00,FF,FF,60,00,29,EE,
73784518,00000120,false,Rx,0,8,3D,00,00,00,60,00,2C,F6,
73785515,00000110,false,Rx,0,8,79,00,00,00,D0,00,56,72,
73785516,00000130,false,Rx,0,8,18,00,00,00,C0,00,53,C3,
73786516,00000100,false,Rx,0,8,5A,00,00,00,C0,00,5C,E1,
73786517,00000120,false,Rx,0,8,04,00,00,00,70,00,24,5F,
73787642,00000110,false,Rx,0,8,79,00,00,00,E0,00,42,72,
73787642,00000130,false,Rx,0,8,F8,FF,FF,FF,D0,00,5C,53,
73788642,00000100,false,Rx,0,8,5A,00,00,00,D0,00,51,21,
73788643,00000120,false,Rx,0,8,04,00,00,00,80,00,60,5F,
73788644,00000110,false,Rx,0,8,90,00,00,00,F0,00,59,4B,
73789769,00000050,false,Rx,0,6,41,5C,FF,FB,5F,FF,00,00,
73789770,00000130,false,Rx,0,8,D8,34,03,00,E3,80,EB,D3,
73789770,00000100,false,Rx,0,8,71,00,00,00,E0,00,43,3A,
73791394,00000120,false,Rx,0,8,CB,FF,FF,FF,90,00,68,50,
73791395,00000110,false,Rx,0,8,90,00,00,00,00,00,1D,4B,
73792518,00000130,false,Rx,0,8,F8,FF,FF,FF,F0,00,45,93,
73792519,00000100,false,Rx,0,8,9F,00,00,00,F0,00,59,B4,
73793516,00000120,false,Rx,0,8,CB,FF,FF,FF,A0,00,7C,50,
73793516,00000110,false,Rx,0,8,1D,00,00,00,10,00,0E,56,
73794504,00000130,false,Rx,0,8,18,00,00,00,00,00,03,C3,
73794505,00000100,false,Rx,0,8,B6,00,00,00,00,00,1A,4D,
73795642,00000120,false,Rx,0,8,E7,FF,FF,FF,B0,00,76,3C,
73795643,00000110,false,Rx,0,8,1D,00,00,00,20,00,1A,56,
73796643,00000130,false,Rx,0,8,37,00,00,00,10,00,09,9C,
73796644,00000100,false,Rx,0,8,88,00,00,00,10,00,13,53,
73797628,00000120,false,Rx,0,8,E7,FF,FF,FF,C0,00,53,FC,
73797629,00000110,false,Rx,0,8,62,00,00,00,30,00,1C,59,
73798637,00000130,false,Rx,0,8,F8,FF,FF,FF,20,00,18,53,
73798638,00000100,false,Rx,0,8,71,00,00,00,20,00,13,3A,
73799628,00000120,false,Rx,0,8,04,00,00,00,D0,00,5C,5F,
73799628,00000110,false,Rx,0,8,62,00,00,00,40,00,39,99,
73800752,00000130,false,Rx,0,8,F8,FF,FF,FF,30,00,15,93,
73800753,00000100,false,Rx,0,8,71,00,00,00,30,00,1E,FA,
73801766,00000120,false,Rx,0,8,04,00,00,00,E0,00,48,5F,
73801766,00000110,false,Rx,0,8,79,00,00,00,50,00,37,B2,
73802766,00000130,false,Rx,0,8,18,00,00,00,40,00,32,03,
73802767,00000100,false,Rx,0,8,43,00,00,00,40,00,3F,28,
73803766,00000120,false,Rx,0,8,3D,00,00,00,F0,00,40,F6,
73803767,00000110,false,Rx,0,8,79,00,00,00,60,00,23,B2,
73804890,00000130,false,Rx,0,8,F8,FF,FF,FF,50,00,3D,93,
73804891,00000100,false,Rx,0,8,43,00,00,00,50,00,32,E8,
73804891,00000140,false,Rx,0,8,01,00,FF,FF,70,00,24,2E,
73805890,00000120,false,Rx,0,8,3D,00,00,00,00,00,04,F6,
73805891,00000110,false,Rx,0,8,79,00,00,00,70,00,2E,72,
73806890,00000130,false,Rx,0,8,18,00,00,00,60,00,2B,C3,
73806891,00000100,false,Rx,0,8,5A,00,00,00,60,00,24,E1,
73807890,00000120,false,Rx,0,8,04,00,00,00,10,00,0C,5F,
73807891,00000110,false,Rx,0,8,79,00,00,00,80,00,6A,72,
73808878,00000130,false,Rx,0,8,18,00,00,00,70,00,26,03,
73808879,00000100,false,Rx,0,8,71,00,00,00,70,00,2F,3A,
73808879,00000120,false,Rx,0,8,04,00,00,00,20,00,18,5F,
73810132,00000110,false,Rx,0,8,62,00,00,00,90,00,64,59,
73810133,00000050,false,Rx,0,6,41,5C,FF,FB,5F,FF,00,00,
73810134,00000130,false,Rx,0,8,EB,95,FF,FF,83,80,7B,A9,
73811256,00000100,false,Rx,0,8,71,00,00,00,80,00,6B,3A,
73811256,00000120,false,Rx,0,8,CB,FF,FF,FF,30,00,10,50,
73812256,00000110,false,Rx,0,8,62,00,00,00,A0,00,70,59,
73812257,00000130,false,Rx,0,8,95,00,00,00,90,00,71,1E,
73813254,00000100,false,Rx,0,8,88,00,00,00,90,00,72,93,
73813255,00000120,false,Rx,0,8,CB,FF,FF,FF,40,00,35,90,
73814381,00000110,false,Rx,0,8,34,00,00,00,B0,00,71,AF,
73814382,00000170,false,Rx,0,8,00,00,00,5A,50,81,05,6B,
73814383,00000130,false,Rx,0,8,F8,FF,FF,FF,A0,00,79,93,
73815380,00000100,false,Rx,0,8,88,00,00,00,A0,00,66,93,
73815381,00000120,false,Rx,0,8,E7,FF,FF,FF,50,00,3F,FC,
73816421,00000110,false,Rx,0,8,34,00,00,00,C0,00,54,6F,
73816422,00000130,false,Rx,0,8,18,00,00,00,B0,00,76,03,
73817394,00000100,false,Rx,0,8,71,00,00,00,B0,00,7F,3A,
73817395,00000120,false,Rx,0,8,E7,FF,FF,FF,60,00,2B,FC,
73818387,00000110,false,Rx,0,8,4B,00,00,00,D0,00,52,60,
73818387,00000130,false,Rx,0,8,F8,FF,FF,FF,C0,00,51,93,
73819516,00000100,false,Rx,0,8,71,00,00,00,C0,00,5A,FA,
73819517,00000120,false,Rx,0,8,20,00,00,00,70,00,22,BB,
73820524,00000110,false,Rx,0,8,4B,00,00,00,E0,00,46,60,
73820524,00000130,false,Rx,0,8,D9,FF,FF,FF,D0,00,5A,E2,
73821518,00000100,false,Rx,0,8,5A,00,00,00,D0,00,51,21,
73821518,00000120,false,Rx,0,8,20,00,00,00,80,00,66,BB,
73822518,00000110,false,Rx,0,8,79,00,00,00,F0,00,4F,B2,
73822519,00000130,false,Rx,0,8,D9,FF,FF,FF,E0,00,4E,E2,
73823629,00000100,false,Rx,0,8,2C,00,00,00,E0,00,4E,77,
73823630,00000120,false,Rx,0,8,3D,00,00,00,90,00,68,F6,
73824648,00000110,false,Rx,0,8,79,00,00,00,00,00,0B,B2,
73824649,00000130,false,Rx,0,8,18,00,00,00,F0,00,47,C3,
73825647,00000100,false,Rx,0,8,5A,00,00,00,F0,00,48,E1,
73825648,00000140,false,Rx,0,8,01,00,FF,FF,80,00,60,2E,
73825649,00000120,false,Rx,0,8,3D,00,00,00,A0,00,7C,F6,
73826639,00000110,false,Rx,0,8,79,00,00,00,10,00,06,72,
73826640,00000130,false,Rx,0,8,18,00,00,00,00,00,03,C3,
73827794,00000100,false,Rx,0,8,71,00,00,00,00,00,0A,FA,
73827795,00000120,false,Rx,0,8,20,00,00,00,B0,00,72,BB,
73828816,00000110,false,Rx,0,8,79,00,00,00,20,00,12,72,
73828818,00000130,false,Rx,0,8,D9,FF,FF,FF,10,00,0A,E2,
73829812,00000100,false,Rx,0,8,5A,00,00,00,10,00,01,21,
73829813,00000120,false,Rx,0,8,20,00,00,00,C0,00,57,7B,
73829814,00000110,false,Rx,0,8,62,00,00,00,30,00,1C,59,
73830907,00000050,false,Rx,0,6,41,5C,FF,FB,5F,FF,00,00,
73830908,00000130,false,Rx,0,8,4C,BA,F5,FF,23,80,CC,A0,
73830909,00000100,false,Rx,0,8,88,00,00,00,20,00,07,53,
73832529,00000120,false,Rx,0,8,CB,FF,FF,FF,D0,00,59,90,
73832530,00000110,false,Rx,0,8,62,00,00,00,40,00,39,99,
73833668,00000130,false,Rx,0,8,76,00,00,00,30,00,1F,4D,
73833669,00000100,false,Rx,0,8,9F,00,00,00,30,00,09,B4,
73834673,00000120,false,Rx,0,8,CB,FF,FF,FF,E0,00,4D,90,
73834675,00000110,false,Rx,0,8,34,00,00,00,50,00,38,6F,
73835685,00000130,false,Rx,0,8,18,00,00,00,40,00,32,03,
73835686,00000100,false,Rx,0,8,88,00,00,00,40,00,2F,53,
73836789,00000120,false,Rx,0,8,E7,FF,FF,FF,F0,00,47,FC,
73836790,00000110,false,Rx,0,8,34,00,00,00,60,00,2C,6F,
73837781,00000130,false,Rx,0,8,18,00,00,00,50,00,3F,C3,
73837782,00000100,false,Rx,0,8,71,00,00,00,50,00,36,FA,
73838782,00000120,false,Rx,0,8,E7,FF,FF,FF,00,00,03,FC,
73838784,00000110,false,Rx,0,8,62,00,00,00,70,00,2D,99,
73839779,00000130,false,Rx,0,8,F8,FF,FF,FF,60,00,29,93,
73839780,00000100,false,Rx,0,8,71,00,00,00,60,00,22,FA,
73840940,00000120,false,Rx,0,8,20,00,00,00,10,00,0A,BB,
73840942,00000110,false,Rx,0,8,62,00,00,00,80,00,69,99,
73841939,00000130,false,Rx,0,8,D9,FF,FF,FF,70,00,22,E2,
73841940,00000100,false,Rx,0,8,5A,00,00,00,70,00,29,21,
73842918,00000120,false,Rx,0,8,20,00,00,00,20,00,1E,BB,
73842920,00000110,false,Rx,0,8,90,00,00,00,90,00,71,4B,
73843914,00000130,false,Rx,0,8,F8,FF,FF,FF,80,00,60,53,
73843915,00000100,false,Rx,0,8,43,00,00,00,80,00,6F,28,
73844906,00000120,false,Rx,0,8,20,00,00,00,30,00,13,7B,
73844907,00000110,false,Rx,0,8,90,00,00,00,A0,00,65,4B,
73846064,00000130,false,Rx,0,8,D9,FF,FF,FF,90,00,6B,22,
73846065,00000100,false,Rx,0,8,5A,00,00,00,90,00,60,E1,
73846066,00000140,false,Rx,0,8,01,00,FF,FF,90,00,6D,EE,
73847009,00000120,false,Rx,0,8,20,00,00,00,40,00,36,BB,
73847010,00000110,false,Rx,0,8,79,00,00,00,B0,00,7E,72,
73848071,00000130,false,Rx,0,8,F8,FF,FF,FF,A0,00,79,93,
73848072,00000100,false,Rx,0,8,5A,00,00,00,A0,00,74,E1,
73849031,00000120,false,Rx,0,8,E7,FF,FF,FF,50,00,3F,FC,
73849032,00000110,false,Rx,0,8,79,00,00,00,C0,00,5B,B2,
73850035,00000130,false,Rx,0,8,18,00,00,00,B0,00,76,03,
73850036,00000100,false,Rx,0,8,71,00,00,00,B0,00,7F,3A,
73850036,00000120,false,Rx,0,8,E7,FF,FF,FF,60,00,2B,FC,
73851284,00000110,false,Rx,0,8,79,00,00,00,D0,00,56,72,
73851286,00000050,false,Rx,0,6,41,5C,FF,FB,5F,FF,00,00,
73851286,00000130,false,Rx,0,8,6C,21,00,00,C3,80,E4,20,
73852288,00000100,false,Rx,0,8,88,00,00,00,C0,00,4E,93,
73852289,00000120,false,Rx,0,8,CB,FF,FF,FF,70,00,21,90,
73853408,00000110,false,Rx,0,8,79,00,00,00,E0,00,42,72,
73853409,00000130,false,Rx,0,8,D9,FF,FF,FF,D0,00,5A,E2,
73854433,00000100,false,Rx,0,8,9F,00,00,00,D0,00,40,74,
73854434,00000120,false,Rx,0,8,CB,FF,FF,FF,80,00,65,90,
73855417,00000110,false,Rx,0,8,34,00,00,00,F0,00,40,6F,
73855419,00000130,false,Rx,0,8,37,00,00,00,E0,00,4D,9C,
73856564,00000100,false,Rx,0,8,88,00,00,00,E0,00,57,53,
73856565,00000120,false,Rx,0,8,E7,FF,FF,FF,90,00,6F,FC,
73857540,00000110,false,Rx,0,8,34,00,00,00,00,00,04,6F,
73857541,00000130,false,Rx,0,8,F8,FF,FF,FF,F0,00,45,93,
73858541,00000100,false,Rx,0,8,71,00,00,00,F0,00,4E,FA,
73858542,00000120,false,Rx,0,8,E7,FF,FF,FF,A0,00,7B,FC,
73859532,00000110,false,Rx,0,8,62,00,00,00,10,00,05,99,
73859534,00000130,false,Rx,0,8,F8,FF,FF,FF,00,00,01,93,
73860655,00000100,false,Rx,0,8,88,00,00,00,00,00,1E,93,
73860657,00000120,false,Rx,0,8,04,00,00,00,B0,00,74,5F,
73861636,00000110,false,Rx,0,8,62,00,00,00,20,00,11,99,
73861638,00000130,false,Rx,0,8,F8,FF,FF,FF,10,00,0C,53,
73862668,00000100,false,Rx,0,8,43,00,00,00,10,00,03,28,
73862669,00000120,false,Rx,0,8,04,00,00,00,C0,00,51,9F,
73863657,00000110,false,Rx,0,8,A7,00,00,00,30,00,0D,0C,
73863658,00000130,false,Rx,0,8,F8,FF,FF,FF,20,00,18,53,
73864814,00000100,false,Rx,0,8,43,00,00,00,20,00,17,28,
73864815,00000120,false,Rx,0,8,04,00,00,00,D0,00,5C,5F,
73865802,00000110,false,Rx,0,8,A7,00,00,00,40,00,28,CC,
73865803,00000130,false,Rx,0,8,37,00,00,00,30,00,10,5C,
73866809,00000100,false,Rx,0,8,71,00,00,00,30,00,1E,FA,
73866810,00000140,false,Rx,0,8,01,00,FF,FF,A0,00,79,EE,
73866811,00000120,false,Rx,0,8,04,00,00,00,E0,00,48,5F,
73867805,00000110,false,Rx,0,8,79,00,00,00,50,00,37,B2,
73867806,00000130,false,Rx,0,8,D9,FF,FF,FF,40,00,36,E2,
73868939,00000100,false,Rx,0,8,5A,00,00,00,40,00,3D,21,
73868940,00000120,false,Rx,0,8,04,00,00,00,F0,00,45,9F,
73869939,00000110,false,Rx,0,8,79,00,00,00,60,00,23,B2,
73869940,00000130,false,Rx,0,8,18,00,00,00,50,00,3F,C3,
73870908,00000100,false,Rx,0,8,5A,00,00,00,50,00,30,E1,
73870909,00000120,false,Rx,0,8,04,00,00,00,00,00,01,9F,
73870910,00000110,false,Rx,0,8,79,00,00,00,70,00,2E,72,
73872188,00000050,false,Rx,0,6,41,5C,FF,FB,5F,FF,00,00,
73872189,00000130,false,Rx,0,8,99,34,03,00,63,80,85,02,
73872190,00000100,false,Rx,0,8,9F,00,00,00,60,00,35,B4,
73873657,00000120,false,Rx,0,8,AE,FF,FF,FF,10,00,00,65,
73873658,00000110,false,Rx,0,8,79,00,00,00,80,00,6A,72,
73874816,00000130,false,Rx,0,8,D9,FF,FF,FF,70,00,22,E2,
73874817,00000100,false,Rx,0,8,88,00,00,00,70,00,3B,53,
73875791,00000120,false,Rx,0,8,AE,FF,FF,FF,20,00,14,65,
73875793,00000110,false,Rx,0,8,34,00,00,00,90,00,68,6F,
73876782,00000130,false,Rx,0,8,F8,FF,FF,FF,80,00,60,53,
73876783,00000100,false,Rx,0,8,88,00,00,00,80,00,7F,53,
73877940,00000120,false,Rx,0,8,E7,FF,FF,FF,30,00,17,FC,
73877941,00000110,false,Rx,0,8,34,00,00,00,A0,00,7C,6F,
73878940,00000130,false,Rx,0,8,F8,FF,FF,FF,90,00,6D,93,
73878942,00000100,false,Rx,0,8,71,00,00,00,90,00,66,FA,
73879943,00000120,false,Rx,0,8,E7,FF,FF,FF,40,00,32,3C,
73879945,00000110,false,Rx,0,8,79,00,00,00,B0,00,7E,72,
73880921,00000130,false,Rx,0,8,F8,FF,FF,FF,A0,00,79,93,
73880922,00000100,false,Rx,0,8,71,00,00,00,A0,00,72,FA,
73882064,00000120,false,Rx,0,8,20,00,00,00,50,00,3B,7B,
73882066,00000110,false,Rx,0,8,79,00,00,00,C0,00,5B,B2,
73883064,00000130,false,Rx,0,8,D9,FF,FF,FF,B0,00,72,E2,
73883065,00000100,false,Rx,0,8,43,00,00,00,B0,00,7B,28,
73884032,00000120,false,Rx,0,8,20,00,00,00,60,00,2F,7B,
73884033,00000110,false,Rx,0,8,A7,00,00,00,D0,00,44,CC,
73885038,00000130,false,Rx,0,8,D9,FF,FF,FF,C0,00,57,22,
73885040,00000100,false,Rx,0,8,43,00,00,00,C0,00,5E,E8,
73886037,00000120,false,Rx,0,8,04,00,00,00,70,00,24,5F,
73886039,00000110,false,Rx,0,8,A7,00,00,00,E0,00,50,CC,
73887190,00000130,false,Rx,0,8,18,00,00,00,D0,00,5E,03,
73887191,00000100,false,Rx,0,8,5A,00,00,00,D0,00,51,21,
73887191,00000140,false,Rx,0,8,01,00,FF,FF,B0,00,74,2E,
73888189,00000120,false,Rx,0,8,04,00,00,00,80,00,60,5F,
73888190,00000110,false,Rx,0,8,62,00,00,00,F0,00,4C,59,
73889166,00000130,false,Rx,0,8,18,00,00,00,E0,00,4A,03,
73889168,00000100,false,Rx,0,8,71,00,00,00,E0,00,43,3A,
73890158,00000120,false,Rx,0,8,04,00,00,00,90,00,6D,9F,
73890159,00000110,false,Rx,0,8,62,00,00,00,00,00,08,59,
73891160,00000130,false,Rx,0,8,F8,FF,FF,FF,F0,00,45,93,
73891161,00000100,false,Rx,0,8,88,00,00,00,F0,00,5A,93,
73891161,00000120,false,Rx,0,8,04,00,00,00,A0,00,79,9F,
73892432,00000110,false,Rx,0,8,4B,00,00,00,10,00,02,60,
73892433,00000050,false,Rx,0,6,41,5C,FF,FB,5F,FF,00,00,
73892434,00000130,false,Rx,0,8,EB,95,FF,FF,03,80,1A,69,
73893564,00000100,false,Rx,0,8,9F,00,00,00,00,00,1D,B4,
73893566,00000120,false,Rx,0,8,CB,FF,FF,FF,B0,00,71,90,
73894560,00000110,false,Rx,0,8,4B,00,00,00,20,00,16,60,
73894562,00000130,false,Rx,0,8,76,00,00,00,10,00,06,8D,
73895563,00000100,false,Rx,0,8,88,00,00,00,10,00,13,53,
73895564,00000120,false,Rx,0,8,CB,FF,FF,FF,C0,00,54,50,
73896691,00000110,false,Rx,0,8,4B,00,00,00,30,00,1B,A0,
73896693,00000130,false,Rx,0,8,18,00,00,00,20,00,1A,03,
73897659,00000100,false,Rx,0,8,71,00,00,00,20,00,13,3A,
73897660,00000120,false,Rx,0,8,04,00,00,00,D0,00,5C,5F,
73898654,00000110,false,Rx,0,8,4B,00,00,00,40,00,3E,60,
73898655,00000130,false,Rx,0,8,18,00,00,00,30,00,17,C3,
73899662,00000100,false,Rx,0,8,71,00,00,00,30,00,1E,FA,
73899664,00000120,false,Rx,0,8,04,00,00,00,E0,00,48,5F,
73900656,00000110,false,Rx,0,8,62,00,00,00,50,00,34,59,
73900657,00000130,false,Rx,0,8,F8,FF,FF,FF,40,00,30,53,
73901816,00000100,false,Rx,0,8,5A,00,00,00,40,00,3D,21,
73901817,00000120,false,Rx,0,8,3D,00,00,00,F0,00,40,F6,
73902818,00000110,false,Rx,0,8,62,00,00,00,60,00,20,59,
73902820,00000130,false,Rx,0,8,18,00,00,00,50,00,3F,C3,
73903807,00000100,false,Rx,0,8,43,00,00,00,50,00,32,E8,
73903809,00000120,false,Rx,0,8,3D,00,00,00,00,00,04,F6,
73904780,00000110,false,Rx,0,8,90,00,00,00,70,00,38,8B,
73904781,00000130,false,Rx,0,8,F8,FF,FF,FF,60,00,29,93,
73905907,00000100,false,Rx,0,8,5A,00,00,00,60,00,24,E1,
73905908,00000135,false,Rx,0,8,A5,00,00,00,80,00,79,2E,
73906915,00000110,false,Rx,0,8,90,00,00,00,80,00,7C,8B,
73906916,00000130,false,Rx,0,8,18,00,00,00,70,00,26,03,
73907916,00000100,false,Rx,0,8,71,00,00,00,70,00,2F,3A,
73907917,00000140,false,Rx,0,8,01,00,FF,FF,C0,00,51,EE,
73907918,00000120,false,Rx,0,8,3D,00,00,00,10,00,09,36,
73908906,00000110,false,Rx,0,8,62,00,00,00,90,00,64,59,
73908907,00000130,false,Rx,0,8,F8,FF,FF,FF,80,00,60,53,
73910060,00000100,false,Rx,0,8,71,00,00,00,80,00,6B,3A,
73910062,00000120,false,Rx,0,8,E7,FF,FF,FF,20,00,1A,3C,
73911065,00000110,false,Rx,0,8,62,00,00,00,A0,00,70,59,
73911067,00000130,false,Rx,0,8,18,00,00,00,90,00,6F,C3,
73912067,00000100,false,Rx,0,8,88,00,00,00,90,00,72,93,
73912068,00000120,false,Rx,0,8,E7,FF,FF,FF,30,00,17,FC,
73912068,00000110,false,Rx,0,8,1D,00,00,00,B0,00,76,56,
73913156,00000050,false,Rx,0,6,41,5C,FF,FB,5F,FF,00,00,
73913158,00000130,false,Rx,0,8,2C,BA,F5,FF,A3,80,A4,C0,
73913158,00000100,false,Rx,0,8,9F,00,00,00,A0,00,65,B4,
73914789,00000120,false,Rx,0,8,E7,FF,FF,FF,40,00,32,3C,
73914791,00000110,false,Rx,0,8,1D,00,00,00,C0,00,53,96,
73915937,00000130,false,Rx,0,8,95,00,00,00,B0,00,68,DE,
73915938,00000100,false,Rx,0,8,88,00,00,00,B0,00,6B,53,
73916912,00000120,false,Rx,0,8,E7,FF,FF,FF,50,00,3F,FC,
73916914,00000110,false,Rx,0,8,62,00,00,00,D0,00,55,99,
73916915,00000170,false,Rx,0,8,00,00,00,5B,50,81,05,F6,
73917906,00000130,false,Rx,0,8,18,00,00,00,C0,00,53,C3,
73917907,00000100,false,Rx,0,8,88,00,00,00,C0,00,4E,93,
73919033,00000120,false,Rx,0,8,04,00,00,00,60,00,29,9F,
73919034,00000110,false,Rx,0,8,62,00,00,00,E0,00,41,99,
73920040,00000130,false,Rx,0,8,D9,FF,FF,FF,D0,00,5A,E2,
73920041,00000100,false,Rx,0,8,71,00,00,00,D0,00,57,3A,
73921036,00000120,false,Rx,0,8,04,00,00,00,70,00,24,5F,
73921038,00000110,false,Rx,0,8,79,00,00,00,F0,00,4F,B2,
73922039,00000130,false,Rx,0,8,F8,FF,FF,FF,E0,00,48,53,
73922040,00000100,false,Rx,0,8,5A,00,00,00,E0,00,45,21,
73923031,00000120,false,Rx,0,8,20,00,00,00,80,00,66,BB,
73923033,00000110,false,Rx,0,8,79,00,00,00,00,00,0B,B2,
73924190,00000130,false,Rx,0,8,18,00,00,00,F0,00,47,C3,
73924191,00000100,false,Rx,0,8,43,00,00,00,F0,00,4A,E8,
73925165,00000120,false,Rx,0,8,20,00,00,00,90,00,6B,7B,
73925166,00000110,false,Rx,0,8,62,00,00,00,10,00,05,99,
73926165,00000130,false,Rx,0,8,18,00,00,00,00,00,03,C3,
73926166,00000100,false,Rx,0,8,5A,00,00,00,00,00,0C,E1,
73927155,00000120,false,Rx,0,8,04,00,00,00,A0,00,79,9F,
73927157,00000110,false,Rx,0,8,62,00,00,00,20,00,11,99,
73928312,00000130,false,Rx,0,8,F8,FF,FF,FF,10,00,0C,53,
73928313,00000100,false,Rx,0,8,5A,00,00,00,10,00,01,21,
73928314,00000140,false,Rx,0,8,01,00,FF,FF,D0,00,5C,2E,
73929312,00000120,false,Rx,0,8,04,00,00,00,B0,00,74,5F,
73929313,00000110,false,Rx,0,8,62,00,00,00,30,00,1C,59,
73930288,00000130,false,Rx,0,8,F8,FF,FF,FF,20,00,18,53,
73930290,00000100,false,Rx,0,8,71,00,00,00,20,00,13,3A,
73931300,00000120,false,Rx,0,8,CB,FF,FF,FF,C0,00,54,50,
73931301,00000110,false,Rx,0,8,62,00,00,00,40,00,39,99,
73932437,00000130,false,Rx,0,8,18,00,00,00,30,00,17,C3,
73932439,00000100,false,Rx,0,8,88,00,00,00,30,00,0A,93,
73932439,00000120,false,Rx,0,8,CB,FF,FF,FF,D0,00,59,90,
73933539,00000110,false,Rx,0,8,62,00,00,00,50,00,34,59,
73933541,00000050,false,Rx,0,6,41,5C,FF,FB,5F,FF,00,00,
73933542,00000130,false,Rx,0,8,6C,21,00,00,43,80,85,E0,
73934651,00000100,false,Rx,0,8,9F,00,00,00,40,00,2C,74,
73934653,00000120,false,Rx,0,8,CB,FF,FF,FF,E0,00,4D,90,
73935688,00000110,false,Rx,0,8,62,00,00,00,60,00,20,59,
73935689,00000130,false,Rx,0,8,F8,FF,FF,FF,50,00,3D,93,
73936656,00000100,false,Rx,0,8,88,00,00,00,50,00,22,93,
73936657,00000120,false,Rx,0,8,CB,FF,FF,FF,F0,00,40,50,
73937812,00000110,false,Rx,0,8,62,00,00,00,70,00,2D,99,
73937813,00000130,false,Rx,0,8,F8,FF,FF,FF,60,00,29,93,
73938813,00000100,false,Rx,0,8,5A,00,00,00,60,00,24,E1,
73938815,00000120,false,Rx,0,8,E7,FF,FF,FF,00,00,03,FC,
73939781,00000110,false,Rx,0,8,62,00,00,00,80,00,69,99,
73939783,00000130,false,Rx,0,8,18,00,00,00,70,00,26,03,
73940779,00000100,false,Rx,0,8,5A,00,00,00,70,00,29,21,
73940780,00000120,false,Rx,0,8,E7,FF,FF,FF,10,00,0E,3C,
73941906,00000110,false,Rx,0,8,79,00,00,00,90,00,67,B2,
73941907,00000130,false,Rx,0,8,F8,FF,FF,FF,80,00,60,53,
73942938,00000100,false,Rx,0,8,43,00,00,00,80,00,6F,28,
73942940,00000120,false,Rx,0,8,3D,00,00,00,20,00,1D,36,
73943941,00000110,false,Rx,0,8,79,00,00,00,A0,00,73,B2,
73943943,00000130,false,Rx,0,8,D9,FF,FF,FF,90,00,6B,22,
73944914,00000100,false,Rx,0,8,43,00,00,00,90,00,62,E8,
73944915,00000120,false,Rx,0,8,3D,00,00,00,30,00,10,F6,
73945911,00000110,false,Rx,0,8,79,00,00,00,B0,00,7E,72,
73945913,00000130,false,Rx,0,8,F8,FF,FF,FF,A0,00,79,93,
73947063,00000100,false,Rx,0,8,71,00,00,00,A0,00,72,FA,
73947064,00000120,false,Rx,0,8,04,00,00,00,40,00,30,5F,
73948039,00000110,false,Rx,0,8,79,00,00,00,C0,00,5B,B2,
73948041,00000130,false,Rx,0,8,F8,FF,FF,FF,B0,00,74,53,
73949039,00000100,false,Rx,0,8,71,00,00,00,B0,00,7F,3A,
73949041,00000140,false,Rx,0,8,01,00,FF,FF,E0,00,48,2E,
73949041,00000120,false,Rx,0,8,04,00,00,00,50,00,3D,9F,
73950031,00000110,false,Rx,0,8,62,00,00,00,D0,00,55,99,
73950033,00000130,false,Rx,0,8,F8,FF,FF,FF,C0,00,51,93,
73951181,00000100,false,Rx,0,8,71,00,00,00,C0,00,5A,FA,
73951183,00000120,false,Rx,0,8,E7,FF,FF,FF,60,00,2B,FC,
73952187,00000110,false,Rx,0,8,62,00,00,00,E0,00,41,99,
73952188,00000130,false,Rx,0,8,D9,FF,FF,FF,D0,00,5A,E2,
73953187,00000100,false,Rx,0,8,B6,00,00,00,D0,00,47,8D,
73953188,00000120,false,Rx,0,8,E7,FF,FF,FF,70,00,26,3C,
73953189,00000110,false,Rx,0,8,4B,00,00,00,F0,00,4B,A0,
73954283,00000050,false,Rx,0,6,41,5C,FF,FB,5F,FF,00,00,
73954285,00000130,false,Rx,0,8,F8,34,03,00,E3,80,EC,B3,
73954285,00000100,false,Rx,0,8,9F,00,00,00,E0,00,54,74,
73955928,00000120,false,Rx,0,8,E7,FF,FF,FF,80,00,62,3C,
73955930,00000110,false,Rx,0,8,4B,00,00,00,00,00,0F,A0,
73957063,00000130,false,Rx,0,8,F8,FF,FF,FF,F0,00,45,93,
73957064,00000100,false,Rx,0,8,71,00,00,00,F0,00,4E,FA,
73958054,00000120,false,Rx,0,8,E7,FF,FF,FF,90,00,6F,FC,
73958055,00000110,false,Rx,0,8,79,00,00,00,10,00,06,72,
73959188,00000130,false,Rx,0,8,F8,FF,FF,FF,00,00,01,93,
73959189,00000100,false,Rx,0,8,71,00,00,00,00,00,0A,FA,
73960187,00000120,false,Rx,0,8,20,00,00,00,A0,00,7F,7B,
73960188,00000110,false,Rx,0,8,79,00,00,00,20,00,12,72,
73961188,00000130,false,Rx,0,8,D9,FF,FF,FF,10,00,0A,E2,
73961189,00000100,false,Rx,0,8,5A,00,00,00,10,00,01,21,
73962164,00000120,false,Rx,0,8,20,00,00,00,B0,00,72,BB,
73962165,00000110,false,Rx,0,8,79,00,00,00,30,00,1F,B2,
73963155,00000130,false,Rx,0,8,18,00,00,00,20,00,1A,03,
73963157,00000100,false,Rx,0,8,2C,00,00,00,20,00,1E,77,
73964311,00000120,false,Rx,0,8,3D,00,00,00,C0,00,54,F6,
73964313,00000110,false,Rx,0,8,79,00,00,00,40,00,3A,72,
73965313,00000130,false,Rx,0,8,D9,FF,FF,FF,30,00,13,22,
73965314,00000100,false,Rx,0,8,43,00,00,00,30,00,1A,E8,
73966316,00000120,false,Rx,0,8,3D,00,00,00,D0,00,59,36,
73966317,00000110,false,Rx,0,8,79,00,00,00,50,00,37,B2,
73967287,00000130,false,Rx,0,8,D9,FF,FF,FF,40,00,36,E2,
73967288,00000100,false,Rx,0,8,5A,00,00,00,40,00,3D,21,
73968436,00000120,false,Rx,0,8,04,00,00,00,E0,00,48,5F,
73968437,00000110,false,Rx,0,8,79,00,00,00,60,00,23,B2,
73969437,00000130,false,Rx,0,8,F8,FF,FF,FF,50,00,3D,93,
73969438,00000100,false,Rx,0,8,71,00,00,00,50,00,36,FA,
73969439,00000140,false,Rx,0,8,01,00,FF,FF,F0,00,45,EE,
73970414,00000120,false,Rx,0,8,04,00,00,00,F0,00,45,9F,
73970416,00000110,false,Rx,0,8,79,00,00,00,70,00,2E,72,
73971404,00000130,false,Rx,0,8,F8,FF,FF,FF,60,00,29,93,
73971406,00000100,false,Rx,0,8,71,00,00,00,60,00,22,FA,
73972404,00000120,false,Rx,0,8,E7,FF,FF,FF,00,00,03,FC,
73972406,00000110,false,Rx,0,8,79,00,00,00,80,00,6A,72,
73973381,00000130,false,Rx,0,8,D9,FF,FF,FF,70,00,22,E2,
73973383,00000100,false,Rx,0,8,9F,00,00,00,70,00,38,74,
73973383,00000120,false,Rx,0,8,E7,FF,FF,FF,10,00,0E,3C,
73974663,00000110,false,Rx,0,8,34,00,00,00,90,00,68,6F,
73974664,00000050,false,Rx,0,6,41,5C,FF,FB,5F,FF,00,00,
73974665,00000130,false,Rx,0,8,EB,95,FF,FF,83,80,7B,A9,
73975783,00000100,false,Rx,0,8,71,00,00,00,80,00,6B,3A,
73975785,00000120,false,Rx,0,8,04,00,00,00,20,00,18,5F,
73976781,00000110,false,Rx,0,8,34,00,00,00,A0,00,7C,6F,
73976782,00000130,false,Rx,0,8,95,00,00,00,90,00,71,1E,
73977781,00000100,false,Rx,0,8,71,00,00,00,90,00,66,FA,
73977782,00000120,false,Rx,0,8,04,00,00,00,30,00,15,9F,
73978907,00000110,false,Rx,0,8,62,00,00,00,B0,00,7D,99,
73978909,00000130,false,Rx,0,8,18,00,00,00,A0,00,7B,C3,
73979907,00000100,false,Rx,0,8,71,00,00,00,A0,00,72,FA,
73979908,00000120,false,Rx,0,8,20,00,00,00,40,00,36,BB,
73980907,00000110,false,Rx,0,8,62,00,00,00,C0,00,58,59,
73980908,00000130,false,Rx,0,8,F8,FF,FF,FF,B0,00,74,53,
73981908,00000100,false,Rx,0,8,5A,00,00,00,B0,00,79,21,
73981909,00000120,false,Rx,0,8,20,00,00,00,50,00,3B,7B,
73982904,00000110,false,Rx,0,8,90,00,00,00,D0,00,40,8B,
73982905,00000130,false,Rx,0,8,F8,FF,FF,FF,C0,00,51,93,
73984036,00000100,false,Rx,0,8,2C,00,00,00,C0,00,57,B7,
73984037,00000120,false,Rx,0,8,20,00,00,00,60,00,2F,7B,
73985032,00000110,false,Rx,0,8,90,00,00,00,E0,00,54,8B,
73985034,00000130,false,Rx,0,8,F8,FF,FF,FF,D0,00,5C,53,
73986032,00000100,false,Rx,0,8,5A,00,00,00,D0,00,51,21,
73986033,00000120,false,Rx,0,8,20,00,00,00,70,00,22,BB,
73987030,00000110,false,Rx,0,8,79,00,00,00,F0,00,4F,B2,
73987031,00000130,false,Rx,0,8,18,00,00,00,E0,00,4A,03,
73988156,00000100,false,Rx,0,8,5A,00,00,00,E0,00,45,21,
73988157,00000120,false,Rx,0,8,E7,FF,FF,FF,80,00,62,3C,
73989156,00000110,false,Rx,0,8,79,00,00,00,00,00,0B,B2,
73989158,00000130,false,Rx,0,8,F8,FF,FF,FF,F0,00,45,93,
73990158,00000100,false,Rx,0,8,5A,00,00,00,F0,00,48,E1,
73990160,00000140,false,Rx,0,8,01,00,FF,FF,00,00,01,EE,
73990160,00000120,false,Rx,0,8,E7,FF,FF,FF,90,00,6F,FC,
73991157,00000110,false,Rx,0,8,62,00,00,00,10,00,05,99,
73991158,00000130,false,Rx,0,8,18,00,00,00,00,00,03,C3,
73992281,00000100,false,Rx,0,8,88,00,00,00,00,00,1E,93,
73992282,00000120,false,Rx,0,8,AE,FF,FF,FF,A0,00,75,A5,
73993281,00000110,false,Rx,0,8,62,00,00,00,20,00,11,99,
73993282,00000130,false,Rx,0,8,F8,FF,FF,FF,10,00,0C,53,
73994281,00000100,false,Rx,0,8,9F,00,00,00,10,00,10,74,
73994283,00000120,false,Rx,0,8,AE,FF,FF,FF,B0,00,78,65,
73994283,00000110,false,Rx,0,8,34,00,00,00,30,00,10,6F,
73995530,00000050,false,Rx,0,6,41,5C,FF,FB,5F,FF,00,00,
73995531,00000130,false,Rx,0,8,2C,BA,F5,FF,23,80,C5,00,
73995532,00000100,false,Rx,0,8,88,00,00,00,20,00,07,53,
73997015,00000120,false,Rx,0,8,04,00,00,00,C0,00,51,9F,
73997016,00000110,false,Rx,0,8,34,00,00,00,40,00,35,AF,
73998138,00000130,false,Rx,0,8,95,00,00,00,30,00,09,1E,
73998139,00000100,false,Rx,0,8,71,00,00,00,30,00,1E,FA,
73999139,00000120,false,Rx,0,8,04,00,00,00,D0,00,5C,5F,
73999139,00000110,false,Rx,0,8,62,00,00,00,50,00,34,59,
74000138,00000130,false,Rx,0,8,F8,FF,FF,FF,40,00,30,53,
74000139,00000100,false,Rx,0,8,71,00,00,00,40,00,3B,3A,
74001263,00000120,false,Rx,0,8,20,00,00,00,E0,00,4E,BB,
74001264,00000110,false,Rx,0,8,62,00,00,00,60,00,20,59,
74002264,00000130,false,Rx,0,8,D9,FF,FF,FF,50,00,3B,22,
74002265,00000100,false,Rx,0,8,5A,00,00,00,50,00,30,E1,
74003265,00000120,false,Rx,0,8,20,00,00,00,F0,00,43,7B,
74003266,00000110,false,Rx,0,8,90,00,00,00,70,00,38,8B,
74004263,00000130,false,Rx,0,8,F8,FF,FF,FF,60,00,29,93,
74004264,00000100,false,Rx,0,8,43,00,00,00,60,00,26,E8,
74005389,00000120,false,Rx,0,8,04,00,00,00,00,00,01,9F,
74005390,00000110,false,Rx,0,8,90,00,00,00,80,00,7C,8B,
74006389,00000130,false,Rx,0,8,F8,FF,FF,FF,70,00,24,53,
74006390,00000100,false,Rx,0,8,5A,00,00,00,70,00,29,21,
74007389,00000120,false,Rx,0,8,04,00,00,00,10,00,0C,5F,
74007390,00000110,false,Rx,0,8,79,00,00,00,90,00,67,B2,
74008390,00000130,false,Rx,0,8,F8,FF,FF,FF,80,00,60,53,
74008390,00000100,false,Rx,0,8,5A,00,00,00,80,00,6D,21,
74009515,00000120,false,Rx,0,8,04,00,00,00,20,00,18,5F,
74009515,00000110,false,Rx,0,8,79,00,00,00,A0,00,73,B2,
74010514,00000130,false,Rx,0,8,18,00,00,00,90,00,6F,C3,
74010515,00000100,false,Rx,0,8,71,00,00,00,90,00,66,FA,
74010516,00000140,false,Rx,0,8,01,00,FF,FF,10,00,0C,2E,
74011515,00000120,false,Rx,0,8,04,00,00,00,30,00,15,9F,
74011515,00000110,false,Rx,0,8,4B,00,00,00,B0,00,7A,60,
74012515,00000130,false,Rx,0,8,18,00,00,00,A0,00,7B,C3,
74012516,00000100,false,Rx,0,8,88,00,00,00,A0,00,66,93,
74013515,00000120,false,Rx,0,8,CB,FF,FF,FF,40,00,35,90,
74013515,00000110,false,Rx,0,8,4B,00,00,00,C0,00,5F,A0,
74014638,00000130,false,Rx,0,8,18,00,00,00,B0,00,76,03,
74014639,00000100,false,Rx,0,8,88,00,00,00,B0,00,6B,53,
74014640,00000120,false,Rx,0,8,CB,FF,FF,FF,50,00,38,50,
74015764,00000110,false,Rx,0,8,79,00,00,00,D0,00,56,72,
74015764,00000050,false,Rx,0,6,41,5C,FF,FB,5F,FF,00,00,
74015765,00000130,false,Rx,0,8,4D,21,00,00,C3,80,E2,91,
74016890,00000100,false,Rx,0,8,71,00,00,00,C0,00,5A,FA,
74016890,00000120,false,Rx,0,8,E7,FF,FF,FF,60,00,2B,FC,
74017877,00000110,false,Rx,0,8,79,00,00,00,E0,00,42,72,
74017878,00000130,false,Rx,0,8,D9,FF,FF,FF,D0,00,5A,E2,
74018877,00000100,false,Rx,0,8,71,00,00,00,D0,00,57,3A,
74018878,00000120,false,Rx,0,8,E7,FF,FF,FF,70,00,26,3C,
74020002,00000110,false,Rx,0,8,79,00,00,00,F0,00,4F,B2,
74020002,00000170,false,Rx,0,8,00,00,00,5C,50,81,05,02,
74020003,00000130,false,Rx,0,8,F8,FF,FF,FF,E0,00,48,53,
74021001,00000100,false,Rx,0,8,5A,00,00,00,E0,00,45,21,
74021002,00000120,false,Rx,0,8,04,00,00,00,80,00,60,5F,
74022001,00000110,false,Rx,0,8,79,00,00,00,00,00,0B,B2,
74022002,00000130,false,Rx,0,8,F8,FF,FF,FF,F0,00,45,93,
74023018,00000100,false,Rx,0,8,43,00,00,00,F0,00,4A,E8,
74023019,00000120,false,Rx,0,8,04,00,00,00,90,00,6D,9F,
74024128,00000110,false,Rx,0,8,A7,00,00,00,10,00,14,CC,
74024129,00000130,false,Rx,0,8,F8,FF,FF,FF,00,00,01,93,
74025127,00000100,false,Rx,0,8,5A,00,00,00,00,00,0C,E1,
74025127,00000120,false,Rx,0,8,20,00,00,00,A0,00,7F,7B,
74026127,00000110,false,Rx,0,8,A7,00,00,00,20,00,00,CC,
74026128,00000130,false,Rx,0,8,18,00,00,00,10,00,0E,03,
74027127,00000100,false,Rx,0,8,71,00,00,00,10,00,07,3A,
74027127,00000120,false,Rx,0,8,20,00,00,00,B0,00,72,BB,
74028253,00000110,false,Rx,0,8,4B,00,00,00,30,00,1B,A0,
74028254,00000130,false,Rx,0,8,F8,FF,FF,FF,20,00,18,53,
